:020000040008F2
:04000000004AE3C00F
:20000200FFFFDDC200000000FFFEDDC4000000000000FFFEDDC6000000000000FFFEDDCE5B
:20001200000000000000FFFEDDD2000000000000FFFADDD40000DEC00000DE400000DF409D
:200022000000FFF8DDDA0000DDEE0000DE000000DE0C0000DDE20000FFF4DDE2000000000C
:2000320000000000000000000000000000000000000000000000FFF4DDEE000000000000F0
:200042000000000000000000000000000000000000000000FFF4DE000000000000000000CD
:20005200000000000000000000000000000000000000FFF4DE0C00000000000000000000B1
:2000620000000000000000000000000000000000FF8CDE40000000000000000000000000D5
:2000720000000000000000000000000000000000000000000000000000000000000000006E
:2000820000000000000000000000000000000000000000000000000000000000000000005E
:2000920000000000000000000000000000000000000000000000000000000000000000004E
:2000A20000000000000000000000000000000000000000000000000000000000000000003E
:2000B200000000000000000000000000000000000000000000000000000000000000D70A4D
:2000C2003C2300000000000000000000000000003F800000BF8000000000D70A3C23D70AA0
:2000D2003C230001000000000000000000000000000000003F800000BF80AA8A0000FF8CF1
:2000E200DEC000000000000000000000000000000000000000000000000000000000000060
:2000F2000000000000000000000000000000000000000000000000000000000000000000EE
:200102000000000000000000000000000000000000000000000000000000000000000000DD
:200112000000000000000000000000000000000000000000000000000000000000000000CD
:200122000000000000000000000000000000000000000000000000000000000000000000BD
:20013200000000000000000000000000D70A3C2300000000000000000000000000003F80AE
:200142000000BF8000000000D70A3C23D70A3C2300010000000000000000000000000000DD
:2001520000003F800000BF80AA8A0000FF8CDF4000000000000000000000000000000000B1
:2001620000000000000000000000000000000000000000000000000000000000000000007D
:2001720000000000000000000000000000000000000000000000000000000000000000006D
:2001820000000000000000000000000000000000000000000000000000000000000000005D
:2001920000000000000000000000000000000000000000000000000000000000000000004D
:2001A2000000000000000000000000000000000000000000000000000000D70A3C230000FD
:2001B2000000000000000000000000003F800000BF8000000000D70A3C23D70A3C230001AE
:2001C200000000000000000000000000000000003F800000BF80AA8A0000FFFFE38000008A
:2001D2000000FFB9E3C000000000000000B3000000010001004000000002000200BB0000FE
:2001E2000003000300D40000000400040024000000050005010B00000006000603C600000C
:2001F20000070007003F00000008000803FF00000009000903FF0000000A000A0000000066
:20020200000B000B03380000000C000C00030000000D000D00EE0000000E000E000000004C
:20021200000F000F000000000010001000000000001100100000FFADE4400000000000009D
:2002220000F4000000010001026000000002000200DB00000003000300D4000000040004A3
:200232000024000000050005016B00000006000603C600000007000700BA00000008000865
:20024200000A00000009000900FF0000000A000A03FF0000000B000B00000000000C000C3D
:2002520003380000000D000D03380000000E000E00030000000F000F00EE000000100010B1
:200262000020000000110011000000000012001203000000001300130000000000140014C5
:200272000000FFFFDFE600000000FFFFDFE900000000FFFFDFEA00000010FFFFDFEC000043
:200282000000FFFFDFF100000000FFFFDFF200000000FFFFDFF300000000FFFFDFF500001D
:200292000000FFFEE002000000000000FFFEE004000000000000FFFEE006000000000000A9
:2002A200FFFEE008000000000000FFFEE00E000000000000FFFEE022000000000000FFFE70
:2002B200E028000000000000FFFEE02A000000000000FFFEE02C000000000000FFFEE03205
:2002C200000000000000FFFEE034000000000000FFFEE036000000000000FFFEE0380000E3
:2002D20000000000FFFEE03A000000000000FFFEE03C000000000000FFFEE03E00000000C1
:2002E2000000FFFEE040000000000000FFFEE046000000000000FFFEE04800000000000097
:2002F200FFFEE04A000000000000FFFEE04C000000000000FFFEE054000000000000FFFE6E
:20030200E056000000000000FFF6E16C000000000000000000000000000000000000000063
:200312000000FFFFE4CC00000000FFE6E5000000000003E8014A012C00000FFF00EB0000F7
:200322000000000000000000000000005CA2C30795383CA66E56C30795373CA600DEC2D197
:20033200FA4B43BFFFE6E5200000000003E8014A012C00000FFF00EB00000000000000001E
:200342000000000000005CA2C30795383CA66E56C30795373CA600DEC2D1FA4B43BFFFE64B
:20035200E5400000000003E8014A012C00000FFF00EB00000000000000000000000000000A
:200362005CA2C30795383CA66E56C30795373CA600DEC2D1FA4B43BFFFE6E56000000000E6
:2003720003E8014A012C00000FFF00EB00000000000000000000000000005CA2C30795387A
:200382003CA66E56C30795373CA600DEC2D1FA4B43BFFFE6E5800000000003E8014A012CD8
:2003920000000FFF00EB00000000000000000000000000005CA2C30795383CA66E56C3074D
:2003A20095373CA600DEC2D1FA4B43BFFFFCEB0000000000000072000000FFFCEB04000093
:2003B2000000000060000000FFFCEB0800000000000073000000FFFAEB0C0000000000007A
:2003C2005E0000005E800000FFF8EB12000000000000510000005140000051800000FFF841
:2003D200EB1A000000000000610000006110000061200000FFF6EB2200000000000074003D
:2003E2000000748000007500000075800000FFF2EB2C0000000000005000000050200000D5
:2003F20050400000506000005080000050A00000FFE6EB400000000000004000000041005A
:200402000000420000004300000044000000450000004600000047000000480000004900AE
:2004120000004A0000004B000000FFE2EB5A000000000000790000007901000079020000A1
:2004220079030000790400007905000079060000790700007908000079090000790A0000BE
:20043200790B0000790C0000790D0000FFFEE784000000000000FF91E7C0000000530087A2
:200442008B400000006B002600ED000000650017FCFF000000EC003907E200000052007505
:200452001C00000000E90083038F000000A600420514000000C2009100050000005700853B
:200462001400000000BE00EB000200000090000D00000000006300380000000000DD00AEF8
:20047200000000000081000000000000004D0000000000000084000000000000001F0000F9
:20048200000000000041000000000000006F00000000000000E1000000000000004F00FC7E
:2004920000000000000F00E70000000000D900FF0000000000E3006E00000000007A00B6FB
:2004A2000000000000BA0056000000000064009500000000005300870000FFFEEB8A0000E5
:2004B200EBA80000FFF1EB980000000000000000000000000000000C000000000000000018
:2004C2000000000000000000FFF1EBA80000000000000000000000000000000C000000008B
:2004D200000000000000000000000000FFF1EBC00000000000000000000000000000000C63
:2004E20000000000000000000000000000000000FFF1EBD00000000000000000000000004F
:2004F2000000000C00000000000000000000000000000000FFF1EBE0000000000000000023
:20050200000000000000000C00000000000000000000000000000000FFD6E8800000000090
:20051200000000000000D70A3C2300000000000000000000000000003F800000BF8000008B
:200522000000D70A3C23D70A3C230001000000000000000000000000000000003F80000079
:20053200BF8000000000000000000000000000000000FFD6E8C000000000000000000000ED
:20054200D70A3C2300000000000000000000000000003F800000BF8000000000D70A3C231B
:20055200D70A3C230001000000000000000000000000000000003F800000BF80000000004A
:20056200000000000000000000000000FFFFEA9200000001FFFEEAA4000000000000FFE094
:20057200EAC00000000003E801F401F400000FFF03D6000050CB3A471EE539740BAF338941
:200582009859C70F9E8E396472D7404824B5BF869844C2DF4185471050CB3A471EE53974F4
:200592000BAF3389FFE0EAE00000000003E801F401F400000FFF03D6000050CB3A471EE5CF
:2005A20039740BAF33899859C70F9E8E396472D7404824B5BF869844C2DF4185471050CBE2
:2005B2003A471EE539740BAF3389FFFFECC000000000FFFEECC2000000000000FFFEECC480
:2005C200000000000000FFFEECC6000000000000FFFEECC8000000000000FFCEECCA000036
:2005D2000000000000000000D70A3C2300000000000000000000000000003F800000BF80CB
:2005E20000000000D70A3C23D70A3C230001000000000000000000000000000000003F80B9
:2005F2000000BF80AA8A000000000000000000000000000000000000000000000000000076
:2006020000000000FFFEED00000000000000FFFEED02000000000000FFFEED040000000014
:200612000000FFFEED06000000000000FFCEED0800000000000000000000D70A3C230000D6
:200622000000000000000000000000003F800000BF8000000000D70A3C23D70A3C23000139
:20063200000000000000000000000000000000003F800000BF80AA8A000000000000000076
:2006420000000000000000000000000000000000000000000000FFFEEF5C00000000000050
:20065200FFFEEF5E000000000000FFFEEF60000000000000FFFEEF62000000000000FFFEA7
:20066200EF64000000000000FFFEEF66000000000000FFFEEF68000000000000FFFEEF6A29
:20067200000000000000FFFDEF6C0000000000000000FFFDEF6F0000000000000000FFFDBB
:20068200EF720000000000000000FFFDEF750000000000000000FFFFEA5400000000FFDC80
:20069200EA5800000000000000000000D70A3C2300000000000000000000000000003F8007
:2006A2000000BF8000000000D70A3C23D70A3C230001000000000000000000000000000078
:2006B20000003F800000BF80AA8A0000FFFEDB70000000000000FFFEDB7200000000000064
:2006C200FFFEDB74000000000000FFFEDB76000000000000FFFEDB78000000000000FFFE31
:2006D200DB7A000000000000FFFEDB7C000000000000FFFEDB7E000000000000FFFFDFB478
:2006E20000000000FFFFDFB500000000FFFFDFB600000000FFFFDFB700000000FFFFDFB8AA
:2006F20000000000FFFFDFB900000000FFFEDFBA000000000000FFFEDFBC00000000000024
:20070200FFFEDFBE000000000000FFDCE49800000000000000000000D70A3C2300000000A6
:20071200000000000000000000003F800000BF8000000000D70A3C23D70A3C230001000048
:2007220000000000000000000000000000003F800000BF80AA8A0000FFDCE19A000000002F
:20073200000000000000D70A3C2300000000000000000000000000003F800000BF80000069
:200742000000D70A3C23D70A3C230001000000000000000000000000000000003F80000057
:20075200BF80AA8A0000FFDCED8A00000000000000000000D70A3C23000000000000000082
:200762000000000000003F800000BF8000000000D70A3C23D70A3C230001000000000000F8
:20077200000000000000000000003F800000BF80AA8A0000FFDCEE04000000000000000068
:200782000000D70A3C2300000000000000000000000000003F800000BF8000000000D70A38
:200792003C23D70A3C230001000000000000000000000000000000003F800000BF80AA8A75
:2007A2000000FFDCEE4400000000000000000000D70A3C23000000000000000000000000EA
:2007B20000003F800000BF8000000000D70A3C23D70A3C23000100000000000000000000A8
:2007C2000000000000003F800000BF80AA8A0000FFDCEE8400000000000000000000D70AB7
:2007D2003C2300000000000000000000000000003F800000BF8000000000D70A3C23D70A89
:2007E2003C230001000000000000000000000000000000003F800000BF80AA8A0000FFDC8A
:2007F200EC4000000000000000000000D70A3C2300000000000000000000000000003F80BC
:200802000000BF8000000000D70A3C23D70A3C230001000000000000000000000000000016
:2008120000003F800000BF80AA8A0000FFFFEEE400000000FFFFEEE500000000FFFFEEE621
:2008220000000000FFFFEEE700000000FFFFEEE800000000FFFFEEE900000000FFFEEEEA65
:20083200000000000000FFFAEEEC0000D70A3C23D70A3C2300000000FFDEEDCA00000001BE
:20084200000000000000000000009BA63B440000400000010000000000000000000051EC58
:200852003DB851EC3DB800004000000100000000000000000000126F3A03000040400000E0
:200862000000FFFFE99800000000FFFEE99A000000000000FFFEE99C000000000000FFFEF8
:20087200E99E000000000000FFFEE9A0000000000000FFFEE9A20000E9A40000FFFCE9A4BC
:2008820000000000000000000000FFFFF08A00000000FFFFF08B00000000FFFFF08C0000EB
:200892000000FFFFF08D00000000FFFFF08E00000000FFFEF090000000000000FFFEF09253
:2008A200000000000000FFE6EF080000400000004000000041000000420000004300000014
:2008B2004400000045000000460000004700000048000000490000004A0000004B000000EA
:2008C200FFFFEF9A00000001FFEAEF9E000000000000000000000000000000000000000018
:2008D20000000C4A000200000004FFF6FFFF00000000D356000AAAF40000FFFFF1D0000027
:2008E20000D2FFFFF1D10000001EFFFFF1D200000DD1FFFFF1D300000000FFFFF1D4000022
:2008F2000E64FFFFF1D500000028FFFFF1D60000001AFFFFE83000000000FFFEE83400007A
:2009020000000000FFFEE836000000000000FFFCE83800000000000000000000FFFCE83C80
:2009120000000000000000000000FFFFE5A300000000FFFFE5A40000000CFFFFE5AE00001B
:200922000000FFFFE5AF00000000FFFFE5B000000000FFFFE5B100000000FFFFE5B8000061
:200932000000FFFFF08200000000FFFFF08300000000FFFFF08400000000FFFFF0850000DF
:200942000000FFFFF08600000003FFFEF088000000000000FFEEF004000000003F80000009
:20095200000000000000000000000001000000000000000000000000000000000000FFFF86
:20096200F1EB00000000FFFFF1EC00000000FFFFF1ED00000001FFFFF1EE00000000FFFF06
:20097200F1EF00000000FFFEEE70000000000000FFFEEE7A000000000000FFFCEE7C000060
:200982000000000000000000FFFFED7200000000FFFFED7300000000FFFFED75000000003A
:20099200FFFFED7600000000FFF5EF8E0000000000000000000000000000000040A0000093
:2009A200C0A00001FFF6F0940000030000000300000005690000E00F000AAE920000FFFFB0
:2009B200ECBD00000000FFFFECBE00000000FFFFECBF00000000FFF8EF78000000000000CD
:2009C20000000000000040000000C000FFF8F0E2000000610036C9A40009D03000094EA840
:2009D2000008FFF8F0EA000000610036CA660009D09C000977940008FFF8F0F20000001AE1
:2009E2000013D7200009D9BC0009955C0009FFF8F1000000001A0013D7540009D9E200093D
:2009F20099380009FFF8F108000000300043D30C0009CB280009A0800008FFF8F1100000A4
:200A020000300043D36C0009CBAE0009B9A00008FFF8F118000000300043D3CC0009CC341B
:200A12000009D2C00008FFF8F120000000300043D42C0009CCBA0009EBE00008FFF8F1282B
:200A2200000000240013D48C0009DA0800098AAC0009FFF8F130000000240013D4D40009EA
:200A3200DA2E000990040009FFF8F138000000340039D1DC0009CF4C000905000009FFF88A
:200A4200F140000000340039D2440009CFBE00091C280009FFF8F148000000200042D5F09D
:200A52000009CD40000933500009FFF8F150000000200042D6300009CDC4000943D000097A
:200A6200FFF8F1580000001A0013D7880009DA5400099D140009FFF8F1600000001A001339
:200A7200D7BC0009DA7A0009A0F00009FFF8F168000000140023D96C0009D56400097FBC80
:200A82000009FFF8F170000000140023D9940009D5AA000985340009FFF8F1780000000F8D
:200A92000012DB680009DAA00009AC0C0009FFF8F1800000000F0012DB860009DAC4000908
:200AA200AE280009FFF8F188000000180041D8B00009CE48000954500009FFF8F1900000B7
:200AB20000180041D8E00009CECA000960800009FFF8F19800000010001DDB280009D6AC45
:200AC2000009A4CC0009FFF8F1A000000010001DDB480009D6E60009A86C0009FFF8F1A83F
:200AD200000000170035D9100009D10800096CB00009FFF8F1B0000000170035D93E0009BB
:200AE200D172000976360009FFF8F1B80000000C000CDBBC0009DBD40009C2640009FFF8BD
:200AF200F1C00000000C000CDBEC0009DC040009C3840009FFFEEA7C0000FEB53716FFFEB2
:200B0200EA7E000000000000FFFEF0BC000000000000FFFEF0BE000000000000FFFFECFC31
:200B120000000000FFFEECFE000000000000FFFAEBFA000033333FF333333FF3CCCD3ECC2B
:200B2200FFFFF0C000000000FFFFF0C100000000FFFFF06A00000000FFFFF06B00000000A5
:200B3200FFFFE92900000000FFFFE93F00000000FFFFE6C100000000FFFFE6C6000000001E
:200B4200FFFEDDBE0000E3B6000AFFFEE1BE0000E3B6000AFFFEF07E0000FFFFFFFFFFFFB4
:200B5200E36600000000FFFFE19900000000FFFFDB8000000000FFFFEEE300000034FFFF68
:200B6200EFFC00000001FFFFF0D100000000FFFFF20D00000000FFFFF21200000000FFFFCB
:0A0B7200EFEC00000000000000009E
:20200000761BFFF00005ABBDAABDA2BDA8BDA0BDC2BDC3BDE20000BDE20300BDE20301BD68
:20201000E20302BDE20303BDE20304BDE20305BDE20306BDE20307BDE6300600FE02FF6945
:2020200029425616761F00300600761F03821E24764A1277764A14E1761F03C89208520355
:20203000ED057640A2D77640A655761F037F0A13761F0383E2AF0000761F03968A32764A34
:20204000963A761F037F93139F0E761F0396962A761F037F551256C800159313761F0396D3
:202050009222761F037F0A14970E5200EC0A761F03969227EC067640A4CC761F03962B2220
:20206000761F039692207640A57476408EFB761F0383E8024BA0E2AF0128E8092000E700D0
:2020700000407700E68E000077007700BFA90F127640A9BE761F03A4923D520156C001001C
:20208000761F03A44B3BEE4D761F0382E2AF0136E2AF003EE203013A761F0383E20300066C
:20209000761F03A4443BEE1EE27C02017700770077007700E27A0000770077007700E71074
:2020A000004077007700E2700001E801F110E80FCC18E70000407700E5A0AD1456C30024B9
:2020B0006F1DE27C00417700770077007700E27A0000770077007700E71000407700770023
:2020C000E2700001E801F110E80FCC18E70000407700E5A0AD1456C30007E88FE0006F031B
:2020D00076409AAA761F0383E2030008761F03A5E2AF0120761F0383E3004202761F0384A1
:2020E000E2AF033CE6880001E2AF041CE6890009761F03A5E7200040E700009AE8AFA0003C
:2020F000E2AF0100E74080A2761F0380E01402167640A621761F0383E8020649E203000813
:20210000761F0381E8087ED9E2AF021C761F0384E3004B3C761F0381E304D822E271000AD3
:20211000E71000C0E2710009E2780013E279000A7700E2030022E203033CE2030226764065
:20212000A621E2AF012A761F0384E2AF0418761F0381E303211C761F03A6E7100109E2AF47
:202130000410E8320901761F0381E8260901E0084022E2AF0422E018011C7640A621761FFE
:202140000383E8020649E8087ED9E000401C77007700E2710001E2710000E2780009E279EA
:20215000000077007700E7000051E700001828A91234E7200040761F0381E203002A761F2F
:20216000037F5402EC08761F0383061C761F03801E106F2E761F03C1E2AF0020761F03844D
:20217000E2AF013C761F0380E7000009E2AF0010E71000407700E20300106F14761F03BE5C
:202180008F00EF9EC5323E67761F03BEE288001E7700E68800017700E68900097700E72056
:2021900000407640A621761F0380E2030010E2AF000E0610E2AF01101E0EE720000876401D
:2021A000A5E4761F0384E2AF0136761F0383E3021000761F0384E2AF013E761F0385E32096
:2021B0008502761F0383E300440A761F0385E2AF0300E6CF0001761F0383E32AB800761F60
:2021C0000385E71000090606BDA90F12761F0383E328AE36E3269C2E761F0385E30E3802BF
:2021D000761F0383E30BB50A761F0385E3072300761F0383E2030100761F0380E2AF012032
:2021E000761F0383E3172300761F0380E01E0218761F0385E01D6802761F0383E203050AE4
:2021F000761F0385E2030400E694000BAD1456C3001A761F0380E2AF0020761F0383E2AFDB
:202200000100E6AF0000E6940001AD1456C50006761F037F2B0D6F0A761F037F280DFFFFB9
:202210006F05761F037F56BF010D761F0384E2AF0028E2AF013CE7000009E2AF0038E710AD
:2022200000407700E20300387640A621761F0380E2AF0126761F0384E20300380638761F71
:202230000380E72000401E267640A5E4761F0384E2AF0136E7000008E2AF0126E72000406F
:20224000E2AF013EE3004826761F03BFE71000409235761F0384E2030026ED0B761F0383CE
:20225000C400761F03800610761F03841E38C226761F03A4923D520156C0008A76409FF4DB
:202260005200EC7C761F0385E801F261E2AF0000E592761F0382E80E6669E6950000E20304
:20227000023CE6940008AD1456C4003A761F03BC9223EC35761F0376E2AF003A8F00EDF00A
:20228000761F0385E2AF0100761F0383E2AF02287640AA23761F037F0A2992299CFF1BA9D2
:2022900003E856C80022761F03B7E2AF003E761F0380E2AF0116761F0384E3104838761F01
:2022A0000383E022011E7640A5E4761F037F282903E8761F0382E203003C6F06761F037F1E
:2022B0002B297640AA16761F03BBE2AF002A8D80EEEC761F0382E2AF013C761F03838AA220
:2022C000E320412C761F03BBE2AF022A761F0384E3005838761F03B7E2AF013E761F0380B8
:2022D000E3169316761F0383E203001A761F03BBE0164A2A7640ACAC6F1C761F0384063882
:2022E0008D80EEEC761F03831E1A6F17761F0383E2AF0002761F03848D80EEECE2AF013C9F
:2022F000761F0381E7000009E2AF0024E7100040761F0383E203001AE2AF001A7640A62197
:20230000E203001A76409952761F00300600761F038203241E32761F03A44F3BEE12761F66
:202310000383E2AF0316E2AF0416761F0382E2AF002CE318DC2CE6AF0000E710011B6F0FD2
:20232000761F0383E2AF0016761F0382E6AF0000E310232CE326052CE710012BE801F89913
:20233000E801F552761F0381E80E69D1E80D555AE7000008E70000D1E2030018E203011ACC
:20234000761F03BC9223ED44761F0381E2AF001AE2AF0218E3004318E70000997700E710A8
:20235000004077007700E277000177007700E801EE60E80E6668E6940001AD1456C500277E
:20236000E2AF001AE2AF0118E27C02017700770077007700E27A0000770077007700E71013
:20237000004077007700E2700001E801F110E80FCC18E70000407700E5A0AD1456C4002DDC
:20238000E2AF001AE2AF01186F32E5906F47761F03C0E2AF0000761F03C0E2AF0102E27CE9
:2023900002017700770077007700E27A0000770077007700E710004077007700E270000115
:2023A000E801F110E80FCC18E70000407700E5A0AD1456C30005E88FE0006F20761F03C018
:2023B000E2AF0000761F03C0E2AF0102E27C02017700770077007700E27A00007700770009
:2023C0007700E710004077007700E2700001E801F110E80FCC18E7000040761F0380E20325
:2023D000002AE2AF0032062AE2AF012A1E32E72000087640A5E4761F0384E2AF043EE2AFF6
:2023E0000136E3020A34761F0383E3245808761F0380E70000E4E203012CE318932A761FBF
:2023F0000384E020C2347640A5E4E801D049E80AE859E2AF020E761F0381E0240010761F79
:202400000384E7000009E2AF000EE71000407700E203000E76409C37761F0381E2AF0100D1
:20241000761F0384E2AF0214761F0380E3228B28761F0381E7000059E2AF0000E7100040F8
:20242000E2AF050AE2030000E2AF0600761F0380E2AF0728761F0381E2AF040A761F036DEB
:20243000E2AF002AE2AF012A761F036DE2AF0228E3004328E752EA997700E740817D770038
:20244000E7100164E2770001761F0381E203040AE801EE60E80E6668E6940001AD1456C568
:202450000049761F036DE2AF002A761F036DE2AF0128E27C02017700770077007700E27A0B
:202460000000770077007700E710004077007700E2700001E801F110E80FCC18E700004093
:202470007700E5A0AD1456C30005E88FE0006F22761F036DE2AF002A761F036DE2AF01280A
:20248000E27C02017700770077007700E27A0000770077007700E710004077007700E270C7
:202490000001E801F110E80FCC18E70000406F02E590761F0382E2030038761F0381E2AF78
:2024A0000002761F0382E2AF01380638761F0381E72000081E027640A5E4761F0384E2AFC4
:2024B0000236761F0383E2AF0304761F0384E3040126761F0385E3261A04E6950009761F9A
:2024C0000383E3069A04761F03A4923D761F0384E203012C761F0380E0169012761F0383EB
:2024D000E2030204ED30E2AF0022E6940001AD1456C50019E2AF0010E6940001AD1456C3CB
:2024E000000FE2AF0322E2AF0210E3264822E720001077007700E27400086F05E801FC0045
:2024F0006F02E590E2030014761F03BEE2AF0008761F0392E2AF013CE7000008761F0383FC
:20250000E2030026761F036DE2AF0026761F036DE2AF0124E6950000E6950009E27C00419B
:202510007700770077007700E27A0000770077007700E710004077007700E2700001E801AD
:20252000F110E80FCC18E70000407700E5A0AD1456C30004E88FE000761F0383E203000C5B
:202530007640A819761F03A4923DED058F00EF8E7640A132761F03BEE2AF0004E5918F0092
:20254000E498761F0392C53AE6AF0000E20301C4E20300D43E67761F03928F00EE7C0628E8
:20255000761F03821E1476409ACE761F0383E2AF0112761F03B9E2AF0238761F0380E32209
:202560008B1A761F0383E7000059E2AF0012E71000407700E2030012761F037F4909EF5A61
:20257000761F03B7C5068F00EE44761F0383C400761F03C8CC10FFFEC3C4C2D4ED06761FB3
:2025800003BCE2AF003E6F07761F03BCE2AF003EE6AF0000D00A761F037FE2030094920D76
:202590005201EC235200ED09761F03B7E2AF0106E5A1AD1456C3001A761F037F1B0DFFFFE3
:2025A000EC0B5200ED43761F03B7E2AF0106E5A1AD1456C3003C761F03C1E2AF020E761F90
:2025B00003C1E2AF010A6F09761F03C1E2AF020A761F03C1E2AF010EE7200012E6AF00098D
:2025C000D10CD00EE7200008E203029CE20300946F1D761F03B7E2AF0008761F03BD8D409F
:2025D000EE84E2AF0114761F03B0E312012C761F0383E7100040E2AF0100E20300C1764029
:2025E000AD2E8F00EE44E20300C1761F03B9C5263E67761F037F4909EF1F761F03B7922040
:2025F000ED0FD0108F00EE44761F03B7E2AF0094E2030008761F03BAE20300046F11E5929B
:20260000761F03B7E591E590E2030208761F03BAE20301046F05761F03BAE2AF0004761F65
:2026100003B7E2AF0102761F03B7E2AF02047640AB52D10E761F03AE8F00EE84D00AE2AF32
:202620000008761F0392E2AF013EE6AF0000761F03AEC5C4E2AF0208E0220194761F03B9B1
:20263000D00CC42A761F03BFE022909C9232761F0380E2030294C2D4C32EED0EE590E59276
:20264000761F0385D010E591E20300F4E2030216E20301946F0B761F03BAC5263E67761FC6
:2026500003BA0614761F03851E16761F03B9A3388F00E19A761F03B7D00AC402761F0392F3
:20266000063C761F0386A9D4C53CC2C41E943E67761F0386A32A8F00ED8AD012761F03B67E
:20267000C508761F03B6C404761F03A4923DC3E4761F03855201C294A91856C00233D01003
:202680008F40EE84761F0381E2AF0095E2030012761F03A4453B56CD017C433B56CD00F7CF
:20269000761F03A4413E56CD00C6761F03C892105201EC161B10FFFFED28761F0384C50A06
:2026A000D00EE590761F03A6D10CC404761F03AEE20300940608C3C4C2D41E9C6F16761F26
:2026B0000384060AD00CE591761F03A6D10EC404761F03AE1ED4E2030194E2AF0008C2C46B
:2026C000E6AF0000E203009C761F03B6C52C3E67761F0381D0108F00ED8AE2AF0212761FC7
:2026D00003AEE2AF0094E3109108761F0381E2030212761F03B6E2030006E694000AAD14F8
:2026E00056C20014761F03AEE2AF0008761F0381E2AF0112E6AF0000E6940001AD1456C328
:2026F000000BE20300126F07761F03AE0608761F03811E12761F03A5E8020648E2AF0104AA
:20270000E8087ED8E700004077007700E27100017700E27900097700761F0381E2AF0212FA
:20271000E3029112761F0385E2030216E5A1AD1456C30012761F03A5E8020649E2AF00048A
:20272000E8087ED9E6AF0000E7000008761F0381E2AF0112E27100007700E2780000770076
:2027300077007700E7000008761F0385E2030018761F0383E2AF0002761F03A5E2AF013CD9
:20274000E6950000761F03A5E300413A761F0385E3120118761F0380E203001CE6940001A4
:20275000AD1456C5015F761F0385E2030018FFEF0159761F0380E2AF023E761F03A5E2AF14
:202760000316761F0380E2AF0038761F03A5E2AF0112761F0383E324E534E3204234761F35
:202770000380E7000129E300833EE3165138E7100040E203023EE2030038C438063E761F41
:2027800003851E18C216FFEF012D761F0380E2AF023E761F03A5E2AF0316761F0380E2AF0E
:202790000038761F03A5E2AF0112761F0383E324E534E3204A34761F0380E309633E761F1A
:2027A0000384E7000051060A761F0380E71000E2E71000401ED4E203023EE2030038C43EEC
:2027B000761F03A6E2AF0304761F0385E2030016C218761F03A4413EEE04E20303C46F0B6E
:2027C000E801EA62E80E666AE710009B761F03B6E203030AE5A0AD1456C40004E6AF000033
:2027D000761F03B6E2030018D00C8D40ED8AE590C52CE20300913E67761F0385D010E2AF6F
:2027E0000116761F03B6E2AF0091E2030006E5A1AD1456C20011E5A1AD1456C300C3E720CD
:2027F0000008761F0385E5A0E2030016AD1456C500B96F0BE7100040761F0385E5A0E20357
:202800000016AD1456C300AEE590FFEF00A7761F03A5E8020649E2AF0204E8087ED9E700D5
:2028100000897700761F03AEE271000AE2710009E2790013E278000AE6CF0001E69500099D
:20282000E70000C0E302910E761F0385E6AF0009E2030016761F0380E2030214E694000A20
:20283000AD1456C30004E2030114E2AF0214761F0384E6950000060C8D40ED8A761F03A6DE
:20284000D00EC404E7200008761F03B6C52C1ED1E7200080C2C1E20300913E67761F038058
:20285000D010E2AF0214761F03AEE2AF0191E2AF000E761F03B6E6AF0000E0129106761FD8
:202860000385E2030218E6940002AD1456C4000F761F03BF92375201ED44761F037F18098F
:20287000FF7F761F03BA2B1A6F3CE2AF0216761F037F1A090080761F0385E2030018E5A284
:20288000761F03BAAD1456BF011A56C30017761F0385E2AF0016E5A0AD1456C30023761FEA
:2028900003AEE322080E761F0380E7200009E2AF0014E72000086F11761F0385E2AF00163C
:2028A000761F03AEE312010E761F0380E7100040E2AF0114E7100040761F0385E20300168A
:2028B0007640AC5E761F03A4923D5201EC16761F0384E2AF0032761F0382E2AF0114761FB4
:2028C0000384E312013C761F0381E7000009E2AF002EE71000406F02E590761F0381E2035C
:2028D000002E7640A621761F0384E2AF0138761F0381E012002E7640A621761F03A4923D96
:2028E000761F0381E2030024ED14761F0384E2AF0026E2AF0132761F0382E7100040E2AF3C
:2028F0000114E7100040761F0383E20300026F07761F03840626761F03831E02761F038267
:202900008F00EBFA06301EC47640A6EC761F03A5E2AF0038761F0384E2AF010CE6940001A8
:20291000AD1456C40086761F03A6E2AF0012E6940001AD1456C2005B761F03AFE2AF013E9F
:20292000761F0384E2AF030C761F03A6E2AF0412761F03AFE2AF003C761F03AEE2AF020EFB
:20293000761F03AFE2AF0536761F0380E32A6F30761F03AFE3273430761F0392BFA60F2637
:20294000E2AF033C761F03AEA30EE7200105BDAB0F227700761F03AFC536E6AF0012E720A3
:2029500000E4E72000D3BDA70F1A7700E6AF0009761F03AFE6AF0000E7200089BDA60F1A0F
:20296000E30DF730761F0381E00BAE0E761F037FE75380B2E009A53CE0079A38761F03865C
:20297000E0018426E0038B286F71761F037F56BF0125E596E595E594E593761F0381E5927E
:20298000E591E590E203060E761F037FE2030538E2030436E203033C761F0380E203020ACE
:20299000761F0386E2030126E20300286F57761F03AFE2AF013EE2AF003CE801FC02761FCA
:2029A00003AEE2AF030E761F03AFE2AF0636761F03AFE2AF0530BFA60F1A761F0392C53CEA
:2029B000761F03AEE720018E8A0EE6AF001B761F0392E2AF043C761F03AF0636BFAB0F2AC2
:2029C000761F03AFE2AF0730E6AF0009761F037FBDA40F1AE72001462B25E720011C761F52
:2029D0000381E6AF0000C20EBDA70F26761F037FA938BDA90F1EE203063C761F0386E7208E
:2029E0000155E02E0428E0264D26761F037FE2030136761F0380E203000A761F03C1922782
:2029F0005203ED45761F03BF923A5208EC055207EC035206ED06761F03C892065203ED0302
:202A0000E5906F037640AD8F761F0385E597E2030018E801EE63E805EE62E801EE61E5961D
:202A1000E2030716E595E805EE60E594761F03AFE80E666BE80E666AE80E6669E2030630C2
:202A2000E80E6668761F03AFE2030536761F0383E2030402761F037FE2030338E203023611
:202A3000E203013C761F0380E203000A764AB1EB5200EC03764AB30B761F036DE2AF022684
:202A4000761F0385E2AF0316761F036DD0168DC0E880C526761F036DE2AF0024D128761FDC
:202A50000385E2AF0118C416761F03BF9233761F0383A302761F03AF96938A30E720000845
:202A6000761F037FD026833CC3D3761F0380C2C3A993870AD00AE024D09BA893D00CA093F7
:202A7000D00EAB93D022E2030293764AB1EB5200ED10761F03A1C504D024D112761F03A101
:202A8000C406761F03A1060AC3E31E93C29B6F13764AB301D012E2030093764AB2F7761F21
:202A90000384D024E2AF013CE7000041E20300E3E20301938AA37640A390D128761F03A22B
:202AA0008DC0E8C08E10761F036DE2AF0026761F0385E2AF0316761F036DE2AF0124761FB0
:202AB0000385E320C218761F036DE6AF00008724761F03858318761F03BF9333761F03836C
:202AC000E022889B8A02ABD3761F03AFA336761F037FA0C3C538C436761F03823A0ED016EE
:202AD0009793D026A893D00AA993D00CC393D00EC293D022E2030193764AB1EB5200ED10FA
:202AE000761F03A1C504D024D112761F03A1C406761F03A1060AC3E31E93C29B6F13764ABB
:202AF000B306D012E2030093764AB2FC761F0384D024E2AF013CE7000041E20300E3E20392
:202B000001938AA37640A390761F03A3C410761F03A4923D761F03825201C204EC08761F35
:202B100003810624761F03831E246F17761F0383E2AF0002761F0384E2AF013CE70000088D
:202B2000761F0381E84FF000E2AF0124E7100040761F0383E203002476409FF45200ED08B4
:202B3000761F03762B08761F03B72B3A6F27761F03BAE2AF02048D40DD88761F03B9E2AFFD
:202B4000012A761F038592C1E2AF0000E6950012761F03BCE69500099323E6950000E69736
:202B500000117640A0A7761F03BB9634761F03B796C1963A761F037F961D76409FF452005F
:202B6000EC5B8F00DD8892C4EC16761F037F0A3292329CFF526456C80012761F03BB922520
:202B7000ED0D761F03B7063E761F037F1ED456BF64326F0A761F037F2B32761F03830608EE
:202B8000761F03761E0A761F036DA324761F036DC526D008761F03A5C410D110761F03A53C
:202B90008314761F03A58722A9E4761F0382C294820E0604C3F4D00A761F0383E2AF0028AC
:202BA000A0941E9CD00CAB94D00EA294764095FA761F0383E2AF0102761F0384E2AF023C19
:202BB000E7000051761F03B7E84FF009E2AF003EE71000096F02E591E6CF00087640A6215E
:202BC000761F0383BFA90F12E2AF00247640A6218AA2E2030024BDA90F16761F03769208B7
:202BD0007640ACC0761F0383E20300247640A621761F037E9238761F0383E20300245204C8
:202BE000ED09E591761F0382E590E203010EE2030004761F03838F00EF7806241EC476402A
:202BF000AC07761F03A4923B761F03BDFFC1E2AF013A761F03A4CA3E761F038441A9E203F9
:202C0000010AEF0AE801FAE8E80D9EB8E70000407700E203000A761F0382E801FAEBE8013C
:202C1000FAEEE2AF0118E2AF0506E801FAE8761F0384E80D9EBBE80D9EBEE2AF020CE2AFC0
:202C2000040AE80D9168E6AF0009761F0381E751495BE3038E28761F0384E84FC00AE30663
:202C3000280C761F0385E009A12EE2030136E011232C761F0384E01A940C761F0385E72045
:202C40000050E2030238E203003AE5A2AD1456C200059A039B036F039A029B02E5A0AD1455
:202C500056C500049CFF93A9E5A1AD14562B033C56C300059B07EBA9963C5201EC2D52047F
:202C6000EC2B5202EC145205EC12E6CF0003E7100052E831FC00E6AF001BE831FC03E825A9
:202C7000FC00E825FC03E6CF00196F24E6CF000BE7100080E831FC01E6AF001BE831FC00C9
:202C8000E831FC03E825FC01E825FC03E825FC00E6CF001A6F15E6CF0013E7200009E831B9
:202C9000FC03E831FC01E825FC03E825FC01E6CF0018E6AF0012E831FC02E825FC02761FCE
:202CA00003BF9236E6AF0000E6AF0009E6AF00125202EC1D5203EC08761F0385E2030132D5
:202CB000E20300306F20E805FA05761F0385E594E801F803E805FA00E591E801F802E203D5
:202CC0000530E2030432E20303346F0FE590E594761F0385E593E592E6CF0001E203043041
:202CD000E2030332E2030234761F03A44F3BEE4D761F03BCE2C404037700E70001037700D4
:202CE000E68C001B77007700BFA90F1E9403EC0A761F03BC5402562A09A656C900058802B0
:202CF0006F02BE01E700010B7700E68C001B7700761F03BCBFA90F1E9403761F0101932B51
:202D00007E2B5200EC0A761F03BC5402562A09A656C9000588026F02BE01E7000113770099
:202D1000E68C001B7700761F03BCBFA90F1E9403761F0105932B7E2B5200EC54761F03BC37
:202D2000540256C900516F4C761F03BCE2C404037700E70001037700E68C001B77007700BD
:202D3000BFA90F1E9403EC0A761F03BC5402562A09A656C9000588026F02BE01E700010BB7
:202D40007700E68C001B7700761F03BCBFA90F1E9403761F0105932B7E2B5200EC0A761F99
:202D500003BC5402562A09A656C9000588026F02BE01E70001137700E68C001B7700761F36
:202D600003BCBFA90F1E9403761F0101932B7E2B5200EC08761F03BC540256C900059202C2
:202D70006F029A01761F0109932B962B761F037E92385204ED0D761F0101922B2B2B761FAA
:202D80000105922B2B2B761F0109922B2B2B761F0101932B8F00F004761F0382E2AF0330B2
:202D9000761F0105922BE20300D4E20301E4E20302F4E84FC01B761F0109882B761F037FF2
:202DA000E20303C49730962E7E2F7640A784761F037F4809EE2D761F03BF9232ED03E5904B
:202DB0006F22761F036DE2AF002E761F036DE2AF0126761F036DE2AF022C761F036DE30045
:202DC0004324E70000997700E7100009761F03C3E2AF0020E274000877007700770077004F
:202DD000E84FF000761F0385E203000A6F05761F0385060C1E0AE2AF0026E2AF010A761FFD
:202DE0000383E320412C761F0385E3004826761F03B28A0AE7100040761F0385E203002632
:202DF000E2AF01C4E688000877007700BFA90F12E6890000761F03B2E72000088A0CE851E9
:202E0000C002E2AF01C4E688000877007700BFA60F12E688001077007700BFA70F12761F28
:202E1000037F960CBDA60F127F06761F03B2C508761F037FE689000092C79605E7200008D5
:202E2000761F0382E2030028761F037F92127E087640ADE8761F03BF92327640A925761FAB
:202E300003C28F00F094C51C3E6776409D797640A4908F00F1E8764094E0761F037F92270C
:202E4000ED2D761F03828E22761F03848314761F03C08A14761F036DA326761F036DC52429
:202E5000761F03B9C42A761F03800618761F037F56BF0127761F03823A30761F0384A01049
:202E6000761F0382A80A761F0385A914C31A761F03B9C234761F03831E00761F038206240B
:202E7000761F00300300FF5A28A9FFFF28A87FFF0FAB56C700061CABFFFF1CAAFFFF8F000F
:202E8000FFFFA8A90FAB56C80006761F037F3F1A6F05761F037F281AFFFF9219541A56C794
:202E90000004921A9619761F03800634761F00300300761F03821EA61E1E28A9FFFF28A8F0
:202EA0007FFF0FA656C700061C1EFFFF1C1FFFFF761F037F9233EC160E00761F03820F1E18
:202EB00056C70006921E761F037F9600761F037F0E0A761F03820F1E56C70005761F037FD3
:202EC0000A0B761F037F9201541A56C700030A03761F00300600761F03801E347640AE5BA4
:202ED000761F01D01A040001761F037F56BF0133761F003356BF01217700FE82E2AF07BEB1
:202EE000E2AF06BEE2AF05BEE2AF04BEE2AF03BEE2AF02BEE2AF01BEE2AF00BEE28000BE74
:202EF000C5BEC4BE83BE8ABE82BE86BE87BE0003FFF176177602FE02761F037F9214761F21
:202F000003BF9E39543056C90009761F037F9211761F03BF56B00131933A92A89CFF520D22
:202F100056C6007692A89CFF560301A988A976CAE6C206A70DA61EA7C5C776207640A9F286
:202F20005200ED1E7640A9D65200ED1E761F03C34E1BEE06761F0384E2AF00226F05761F12
:202F30000383E2AF0004E69500007640A9DE520056C10248761F037E56BF05386F05761F8A
:202F4000037E56BF0638761F03BF56BF013A7640A9D2764AAD9BFFEF0235764AD20B764045
:202F5000A9F25200ED147640A9D65200ED307640A99F761F037E520056B00438761F03BFD0
:202F600056B0013256B00E3AFFEF021C761F037E56BF06386F1C761F0383E2AF0018761F71
:202F700003B7E2AF0102E6940001AD1456C40010761F03A4923D5201EC0A761F037F92147C
:202F8000761F03BF9E3852FA56C901FC761F03BF56BF013AFFEF01F6761F03B7E801E221D5
:202F9000E2AF0008E801E11BE80CDD29761F03B7E6950000E700000AE80EB853E203021AEC
:202FA000E203021CE6940018AD1456C40011761F037F9214761F03BF9E3852FA56C6000836
:202FB000761F03C19227520356C001CC761F03B756BF010A761F03BF56BF0C3AFFEF00F2B6
:202FC0007640A9B45200EC0B7640A9D65200ED07761F037E56BF01387640A9D2761F03BC31
:202FD000922356C101AF761F03C3061AEC06761F03C1922C56C101A6761F037F921156C152
:202FE00001A1761F03BF923656B1013C56B1033A56B0013C56B0023AFFEF0194761F03BC2C
:202FF0009223761F03BF56BF013756C0018B761F037E92345201ED10761F037E9238520167
:20300000ED0B761F0384E2AF0022E69500007640A9A75200ED32761F037E92345202ED14C6
:20301000761F037E92385201ED0F761F0384E2AF0022E69500007640A9A75200EC05761F49
:2030200003C3061AED1A761F037E92345203ED10761F037E92385201ED0B761F0384E2AF9D
:203030000022E69500007640A9A75200ED06761F03BF56BF0A3A6F75761F03BF56BF0D3A51
:20304000761F037E56BF0338761F03BF2B32FFEF0139761F037F9214761F03BF9E38520AE8
:2030500056C90130761F03B72B142B20761F03BF56BF083AFFEF0126761F03A4923D520116
:20306000EC0D761F037F9214761F03BF9E381BA901F456C6000DFFEF0115761F037F9214CA
:20307000761F03BF9E3852C856C9010C761F03BA2B1A761F037F4909EF04761F03B92B1A44
:20308000761F03BF56BF073A6F2C761F037F9214761F03BF9E38521456C900F4761F03A449
:20309000923D761F03B752012B0AEC09761F03A4493BEE13761F03862B306F0F761F0386AF
:2030A00056BF0130761F03B62B20761F03A4413EEF04761F03A92B2E761F03BF56BF063A3D
:2030B000761F037F9214761F03BF9638FFEF00CA761F037F9214761F03BF9E38521456C9F7
:2030C00000C156BF013256BF053A6FEB761F03A4923DED12761F0383E2AF0018761F03A52E
:2030D000E2AF0102761F03BFE6940001AD1456B4013A56C400A7761F03BF923156C100A2E0
:2030E000761F03A4923D761F03BF52012B34EC09761F03A4483BEE09761F03922B146F0534
:2030F000761F039256BF0114761F03BF2B33761F03B79201764A6952761F03B7E203001A0C
:20310000761F03B79201764A6952761F037F9214761F03BF2B3556BF043A9638761F03B76E
:20311000E203001C761F03BF56BF01326F6A9231EC682B34761F039256BF0114761F03BF05
:2031200056BF0133761F03BA56BF011A761F03B956BF011A761F038656BF0130761F03B790
:203130002B0A2B14761F03BF56BF013556BF083A6FDA761F03B756BF011456BF0120761F85
:2031400003BF56BF0B3A6F3D761F037F9214761F03BF2B322B3156BF0134761F039256BF51
:203150000114E591761F03BFE59056BF0133761F03BA56BF011A761F03B956BF011A761F27
:20316000038656BF0130761F03B756BF010A56BF011456BF0120761F03BF2B352B379639C9
:20317000761F03BCE203013E761F03B7E2030008764ADB0F7640AA16761F03BF56BF093ABC
:20318000FE820006761F03BF923CED039A0000069A012B3C0006E20304BDE20305BDE203BA
:2031900006BDE20307BDFE02761F0385E801F663E2AF0012E801F662E801F664761F038411
:2031A000E2AF013A761F0385E80E666BE80E666CE80E666AE3204F0E761F03850628761F91
:2031B0000385BDA90F12E2AF0510761F0385E2AF062A761F03C3E72001C0E752EE64E300DB
:2031C000DD20761F0382E30EBE22761F0385E32BA912761F0385E318480E761F0385E3169D
:2031D0000210761F03C3E315E31C761F0385E84FA02AE2030112761F0385E203000E761FC0
:2031E0000385E2030410E694001AAD1456C2000E761F03C3E2AF001CE6AF0000E6940002BA
:2031F000AD14E6C400026F05761F03C3E2AF021CE2AF0020761F03C09235E7100080761FF8
:2032000003C3E203002056C001DB761F037F921156C101DE761F039AE2AF002EE6940001D5
:20321000AD1456C2002FE6AF0000E6940001AD1456C40028E2AF012E761F0385E2AF020E05
:20322000E694000AAD1456C2001DE2AF010EE6940001AD1456C40016761F039AE2AF012E16
:20323000761F0385E2AF0210E694000AAD1456C20009E2AF0110E6940001AD1456C300065B
:20324000761F03C31A1A0002761F0384E801FC60E2AF012EE80E6668E6940001AD1456C2A4
:20325000004DE801FB30E80B3330E6940001AD1456C40044761F0385E801FC60E2AF0120F9
:20326000E80E6668E6940001AD1456C20037E801FB30E80B3330E6940001AD1456C4002E11
:20327000761F0385E801FC60E2AF0122E80E6668E6940001AD1456C20021E801FB30E80BE8
:203280003330E6940001AD1456C40018761F0384E801FC60E2AF0104E80E6668E694000127
:20329000AD1456C2000BE801FB30E80B3330E6940001AD1456C30006761F03C31A1B0200E3
:2032A000761F039AE2AF0028761F03C3E2AF0120E6940001AD1456C20029761F03BC922390
:2032B0005201ED25761F03BC92265206ED20761F03C3E2AF0020E5A0AD1456C50019761F0D
:2032C0000382E2AF000CE6940001AD1456C30010761F03C192275203EC0A5204EC08761F2B
:2032D00003C31A1A04006F031A1A0004761F0384E2AF0026761F03C1E2AF011CE6950000E1
:2032E000E6940008AD1456C5000C28A91234761F037F5402EC05761F03C31A1A0001761FCA
:2032F00003BF922CED11761F01024115EE09761F01064115EE05761F010A4115EF05761FF7
:2033000003C31A1A0100761F03C892085203ED12761F03C892065203ED0D764A7C0152008E
:20331000EC09761F03BF922CED05761F03C31A1A0100761F039A880E8F0093A5A8A90FA67C
:20332000EC0E761F03C892085203ED09761F03C0921DED05761F03C31A1A0100761F01022D
:203330004015EE15761F01064015EE11761F010A4015EE0D764099175201EC09764098F752
:203340005201EC05764098D75201ED09761F03BF922CED05761F03C31A1A0200761F03A4E7
:20335000923D5201ED47761F03A4CC3B0800FFCA4B3BEE47761F03A4931C5304EC4028A8FA
:203360001234761F037F5502EC3A761F0382E801EE61E2AF0036E80E6669E6950000E694A0
:203370000008AD1456C3002C761F0382E801EE61E2AF003EE80E6669E6950000E69400084C
:20338000AD1456C3001D761F03BF9326EC189226761F03BF0A1A541A56C60043761F037E0C
:2033900092345201ED39761F037E92385204EC386F33761F03A4CC3B0800FFCA5200EC147C
:2033A00028A91234761F037F5402EC0E761F03A4921C5204EC0976409ABA5201ED05761F76
:2033B00003BF9226ED09761F03C34E1BEE19761F03BF2B1A6F15761F03BF0A1A541A56C69D
:2033C0000010761F037E92345201ED06761F037E92385204EC05761F03C31A1B400076400E
:2033D00098B75201ED09761F03BF922CED05761F03C31A1B10007640ACED6F09BE00761F84
:2033E00003C80200C20E761F03C31E1AFE82E2AF07BEE2AF06BEE2AF05BEE2AF04BE0006C5
:2033F000D0088F007F004A94EF04DC0C1AC404000006D0088F007F004A94EE04DC0A1AC4BC
:2034000004000006D0088F007F004B94EF04DC0C1AC408000006D0088F007F004B94EE045F
:20341000DC0A1AC408000006761F03C892085202EC0A5203ED108F007F0046C4EF0C1AE423
:2034200000400006D0088F007F004F94EF04DC0C1AC480000006761F03C892085202EC0AFA
:203430005203ED108F007F0046C4EE0C1AD400400006D0088F007F004F94EE04DC0A1AC465
:2034400080000006761F03C892085202EC0A5203ED108F007F0047C4EF0C1AE400800006B8
:20345000D0088F007F004D94EF04DC0C1AC420000006761F03C892085202EC0A5203ED1020
:203460008F007F0047C4EE0C1AD400800006D0088F007F004D94EE04DC0A1AC42000000622
:20347000761F03C892085202ED09D0088F007F004E94EF04DC0C1AC440000006761F03C8D1
:2034800092085202ED09D0088F007F004E94EE04DC0A1AC440000006761F03C89208520236
:20349000ED09D0088F007F004C94EF04DC0C1AC410000006761F03C892085202ED09D00875
:2034A0008F007F004C94EE04DC0A1AC410000006761F03C892085202ED09D0088F007F0028
:2034B0004494EF04DC0C1AC400100006761F03C892085202ED09D0088F007F004494EE0461
:2034C000DC0A1AC400100006761F03C892085202ED09D0088F007F004594EF04DC0C1AC456
:2034D00000200006761F03C892085202ED09D0088F007F004594EE04DC0A1AC400200006D7
:2034E000761F03BC93C492255200ED2E761F03BCCC26FFFEEC2292265202EC165207EC1445
:2034F000520EEC12520FEC10761F03C19227520356C7000B761F03C74024EE04CC290001C7
:203500006F329A016F30761F03C7CC280002FFC088A9CC2800016F2F761F03C7FFD0CC28D6
:20351000000191016F27761F03C74024EE04CC2900016F029A01761F03BC900193265307C3
:20352000EC14530EEC12530FEC10761F03C19327530156C6000B761F03C74124EE04CD2994
:2035300000026F07BE016F07761F03C7CD280002FFD088A828A855005525EC48761F03BF4F
:20354000933B5301ED05761F03C71829FF00761F03C74224EE04CD2900046F03CD2800049C
:20355000FFD19101432480A8EE04CD2900086F03CD280008FFD29101442427A8EE04CD2989
:2035600000106F03CD280010FFD3910145242FA8EE04CD2900206F03CD280020FFD491012C
:2035700046245DA8EE04CD2900406F03CD280040FFD5910147242DA8EE04CD2900806F037D
:20358000CD280080FFD691016F20761F03B2CD010002FFD088A8CD010004CC010001FFD137
:2035900080A8CD010008FFD227A8CD010010FFD32FA8CD010020FFD45DA8CD010040FFD54E
:2035A0002DA8CD010080FFD65200ED04764093F06F03764093F992A6ED04764094026F03FC
:2035B0007640940B92A7ED04764094146F037640942B92ABED04764094426F037640945968
:2035C00092AAED04764094706F037640947E92A5ED047640948C6F037640949A92ACED0447
:2035D000764094A86F03764094B65300ED04764094C40006764094D20006764093F076400E
:2035E00094027640941476409442764094707640948C92085202EC0A5203ED0C764AA6D44F
:2035F000764AA6FC764AA6E80006764094A8764094C40006B2BDAABDA2BDE20304BDE2033F
:2036000005BDE20306BDE20307BDFE12761F03A4BFA90F12E2C40139E8020648D00886A4A8
:20361000D10A761F03A4E802064CE2C4033AE8087ED8761F03A4E2C402371E48C492E30460
:20362000059AE2740059D00CD118BFA40F12E8087EDCC24A83E2BDA40F1E069AC492E2AF23
:20363000004AD01A1E4CE27400CBC252E2C40692D014E2AF0252E30D2152BDA40F2EE27449
:203640000012E2740149BDA40F2A0692D016E70000BA1E4EE7000071E84FC012E84FC00932
:20365000E70000C70692E70000EEE70001E0E8020FDB1E50E80A9E93E70001A4E700008619
:20366000E3031148E302D94CE323B14EE7200052E700019EE304FA50E7200080BDA50F1ADA
:203670007700BFA60F2AD020E2AF0192E7200052BDA60F16A3F2D012BFA90F1AE2AF024C49
:20368000E71000898792E203014CBDAC0F16BDAB0F1A77007700D122E2AF069AE720019294
:2036900077007700E7200061BFA70F1ABDA90F22E300F24EE743A45FBDA70F1E77007700CF
:2036A000E203024EE2AF014EE302D950E7100189BDAC0F2A7700770077007700E71001F6FA
:2036B00077007700D01CBFAC0F2AE2AF0648E307BA4CBDAB0F2AE0089150E2AF0148E70082
:2036C000008AE2AF0192E74113ADBDA90F12BDA50F1AD11EBFA60F26E2AF0550E30A284A74
:2036D000E7000082E2AF039AE31EDC48BDAC0F12BFA90F1ABDA70F1ABDA40F2EE6AF00241F
:2036E000D030D110E7000012E700013CE3136E92E0169444BDA60F22D00EE2030546BDA900
:2036F0000F26BFA30F1AE309A252069AD12AE30BAE44E30C9646E31D384ABDA30F22E2746B
:203700000010BDA90F1AE2AF0692D016E7200164E802064D0650E71001A4E8087EDD1E9265
:20371000D012E2AF06D2E203049A064CAB92D0181E92D014064E1E92D01CE2030192D01E6A
:20372000E01E9392D028E2030292764AD7FAD10CD028E8CFE00283A28AA2E2AF049AE2AFE5
:203730000192E2740109D020D10ADD20DC20E2030192D024E2AF01C5E302B944E3030B929A
:20374000E20307C5E3061A9AE2740088E2AF01C4E71000C97700E20301C4764AD7FA761FE0
:20375000037FE70001A9920DBDA30F1EE271000EE271000DE2790036BDA30F1AE278002DB8
:20376000E2AF0146E6AF001B5201E6AF0009E70000F3E7000076E7000069E70000AAE710C1
:2037700000C9E71000B5EC04E801F4026F03E805F402E27C0A4B7700770077007700E27AB5
:203780000009770077007700E71000C977007700E270000BE801F117E80FCC1FE70000F9FD
:203790007700E5A1AD1456C30004E88FE009D02AD126E2AF0392E3144D9AD020E274011C86
:2037A000C492E8CFE003D032D126E00A0192D024E70000E2C292E7100080D022E2030092B2
:2037B000E203009AE6CF00087640A621D132D034E6CF0001E2AF0292D034E203019AE024D6
:2037C00041927640A5E4761F0384E802275AD030E2AF0336E80CF4AAE300C148E2AF0392E2
:2037D000E75180517700E700000AD030E710009BFE92E2030392E2AF07BEE2AF06BEE2AF90
:2037E00005BEE2AF04BE82BE86BE8BBE0006761F03C892085202ED05761F01FC1A0A0008E2
:2037F0000006761F03C892085202EC0B5203ED07761F01FCCC180008FFC200069A00000640
:20380000761F01FCCC080002FFC00006761F03C3C41A06A6ED16761F03C8060EED12761F8B
:2038100003C7CC240800761F037F9314FFC7761F03C71828FFF79828761F03BF97226F3E40
:20382000761F03BF9223ED26761F03BC9226761F03BF520756BF0123C22EEC08761F03BC3C
:2038300056BF0726761F03C22B27761F03BF923B761F0387520156B00110761F03C1922CC6
:203840005202ED06761F03C1922656B101267640A8A2761F03BF92235201ED11761F037F6E
:203850009214761F03BF9E22520356C80009761F037F9214761F03BF96222B230006761F6A
:2038600003C8060EED05761F03C3061AEC50761F03C84A0FEE0402001E0E6F0702008F00E0
:20387000F20E1EC41ACC0400761F037F9314761F03C1922CB600761F03BCBE002B26761FE9
:2038800003BF2B222B232B1A5202761F03BC9728761F03C3C31A761F03BFC22EED04761F1A
:2038900003C12B26761F0387180B00FF764AC0EE5200EC0C764A9F37761F039E2B00761F7E
:2038A000039E2B01761F039E2B02761F03BF56BF012C764A935C761F03BF2B2C764A62A51B
:2038B000761F03009204ED03764AB4EF0006761F03C892085202EC105203ED0C761F03C879
:2038C00092065203ED07761F01E4CC200200FFC800069A000006761F01E4CC202000FFCCE1
:2038D0000006761F01FCCC080004FFC100068F005D20761F03BF92D49001D0139624CCFCE3
:2038E0000FFF962B761F0174CC220100761F03BFFFC79629CC940FFF962A761F01E44B2011
:2038F000EE034A20EF039A0100069A0000068F005CC0761F03BF92D49001D013961CCCFCD4
:203900000FFF9621761F0173CC020100761F03BFFFC7961ECC940FFF961F761F01E4452037
:20391000EE034420EF039A0100069A0000068F005C80761F03BF92D49001D0139625CCFCF0
:203920000FFF961D761F0172CC020100761F03BFFFC79620CC940FFF961B761F01E4412022
:20393000EE034020EF039A0100069A000006761F03C892085202ED05761F01FC1A0C0008F3
:203940000006761F03C8060EED09761F03C3061AED05761F03BF062EEC0428A9FFFF00063A
:203950009A0000067640918B764098060006761F01FCCC080008FFC20006B2BDAABDA2BD21
:20396000FE048D407F008AA10219DC151AC420007640AEA3761F01FCC400D011CC91080021
:20397000C242FFCA59A9CC420400FFC92FA9CC42080093AAFFCA5AA9CC421000FFCB2DA9D9
:20398000CC422000FFCC58A971A271ACCC42400071A0FFCD27A971AB9242FFCE88A880A9EC
:20399000CD41000192A8974393A671A771A988A8CD410002FFD05DA8CD410004FFD15CA88F
:2039A000CD410008FFD25BA8560301AACAA2560301A9CAAC560301A9CAA0560301A9CAAB4F
:2039B000560301A9CAA7560301A9CA43560301A9CAA5560301A9CAA4560301A9CAA380A9F7
:2039C000CD410010FFD327A8560301A7CAAB80A9CD420100FFD72FA8560301A7CAAA93A61E
:2039D00080A971A592A870A4CD42020070A370AB88A9FFD827A8560301A793A6CAAB71AA6A
:2039E00071AB88A880A92BAA27A10EA60FABEC04761F03C70A2F761F03C7932D761F01FC0E
:2039F0001A1320005300ED04E80224016F03E8022C010EA7BDA90F12770077007700770076
:203A0000E68B00007700FE84E274004082BE86BE8BBE0006D400BE0EFFC0CDA90001FFC03E
:203A100073A4000EFFFCDC01CCA400010006B2BDAABDFE02761F03C7922C5201EC06761F55
:203A200001FC1A0408006F05761F01FC1A140002761F0100930492049EA8527356C8FFFD45
:203A3000761F03C7922C5201EC06761F01FC1A0404006F05761F01FC1A1400015CAD1A0DFB
:203A400004002B419A01DC815CA47640AE13D100761F01005A046F09761F010092049EA2DE
:203A50001BA9025856B601A17640AE0B5200ED0392A1ECF35CAD9A01DC815CA47640AE1D45
:203A60008F407F008AA5761F03C7922CDC0B1AC404005201EC061AD504001AD508006F093C
:203A7000DD128F007F001AC50001DC121AC4000293A192419101900FFF93CAA880A9962A66
:203A8000CC41FFF00EA9BDA90F129241E801C001E80803A176409A0AE68B00002BAAE70054
:203A9000000888A9CCA7000127A9E84FC000B60006A60FAB56B001A792A77F2BEC080A2EC9
:203AA0001B2EFFFF56C80004282EFFFFFE8286BE8BBE0006761F03C7922CED047640995D7C
:203AB0006F0376409A17761F03A4443BEE03E8CFE0000006761F03C79A00932C5301EC08D4
:203AC0005302EC06761F01FC4A11EE070006422AEF04932B5301ED029A010006E20304BD10
:203AD000E20305BDE20306BDE20307BDFE02761F03B9E2AF0632761F036DE2AF0724761F6E
:203AE00003B9E2AF042C761F036DE2AF0526761F03B9E2AF0230761F03A5E2AF0310761FFE
:203AF00003B9E32DF03A761F03A5E3296114761F03B9E324D736E3204536E30DFB36E30912
:203B00006936E304DE32E3004C2CE31FB230E31B203A761F03A4923D761F03B95201E016D3
:203B10009632E012042CE2030230E203003AEC7E761F036DE2AF0426761F03BEE2AF050659
:203B2000761F036DE2AF0224761F03BEE2AF030A761F0383E2AF0126761F03B9E309682C31
:203B3000761F03A5E304D734761F03A5E300462E761F0384E7000038E3254F2C761F0383D9
:203B4000E00398C4E2AF0422E20303D4E6940027AD1456C40040761F03B9E2AF0128761F57
:203B50000383E2AF0226E694000AAD1456C40033761F0383E2AF0110761F0384E2AF022CEC
:203B6000E694000AAD1456C2001D761F03BEE2AF0202761F0383E2AF0126761F0383E320EF
:203B7000E514E3228B14761F0383E7000059E2AF0726E743932C761F03B9E01801386F1095
:203B8000761F03BE0602761F03B9E203032A1E386F09761F03830626761F03B91E38E203C3
:203B9000002A062A1E2EFFEF009A761F03A44D3BEF51761F03AEE2AF000E761F03B6E2AF1F
:203BA0000106E6AF0000761F03B9E6940001AD14E6C40001E2AF0032761F036DE2AF0226B0
:203BB000E2AF0326761F036DE2AF0424761F03B9E322052CE304D62C761F03B7E750C200C5
:203BC000E7000174E7000049E7100100E3144F02E2AF0602E2770003E2770008761F03A586
:203BD000E2AF052EE2AF042E761F03B9E7000032E70000FBE70000AAE307062CE203022E40
:203BE000E203002AE5A6AD1456C30049E6AF00006F43761F03A5E2AF0414761F03A5E2AF0D
:203BF0000110761F036DE2AF0724761F036DE2AF0026761F03B7C402761F03B9062CE2AFFE
:203C0000053AE2AF0630E2AF032CE3286232761F036DBDA60F16E752EBC7BDA90F12E30459
:203C1000F226761F03B7E2AF0302761F03A5E700009AE7000008E700013BE7000171E31477
:203C2000FD2EE312062E761F03B9E70001E9E7000030E203012EE203002AFE82E2AF07BEFE
:203C3000E2AF06BEE2AF05BEE2AF04BE0006E20304BDE20305BDE20306BDE20307BDFE02D4
:203C4000761F03A44F3BEE0C761F0385E2AF0028E2AF0128761F0384E2AF023A6F0B761F1C
:203C50000384E2AF003AE2AF013A761F0385E2AF0228761F0383E802064CE801F89FE31094
:203C60004D1A761F0383E8087EDCE80E69D7E2AF0324E7411364761F03C0E7000078E8024A
:203C70000649E2710025E8087ED9E278002DE6AF0000E70000CBE2710021E7000157E2794A
:203C80000009E70001458A02E271001CE7000046BFA90F26E7000055BDA40F16E2790024E8
:203C9000770077007700E7000061761F03C0C500E271001BBFA40F16BDA70F16E278001B56
:203CA000770077007700E70000597700761F03C0A302BFA70F16BDAB0F1677007700761F50
:203CB00003C0C400E700005BBDA60F167700770077007700E7000064BDA90F167700770003
:203CC0007700BFAB0F1EE720006BBDA70F26BDA40F167700770077007700E7100149BDABC0
:203CD0000F267700761F036DE71001F6BFA60F16E02B0A2AE2030028E2030624E2AF053684
:203CE000BFA90F16E32B8A3AE2030326E6940011AD1456C20012E2AF003AE6AF0000E69407
:203CF0000001AD1456C30012E2AF003AE2AF0136E72000086F08E2AF0036E2AF013AE71024
:203D000000407700E2030024E2AF0034E7200019E2AF073AE6940039AD1456C20012E2AFFD
:203D1000003AE6AF0000E6940001AD1456C30010E2AF003AE2AF0134E72000086F06E2AFB9
:203D2000013AE71000407700E2030026E2AF0024E2AF0124761F0382E2AF0330761F036D41
:203D30008A26C526E3004238761F0385E2AF071A761F0384E304F512BFAB0F12761F036D12
:203D4000BDA40F16E30F5F3EBDA70F12761F0385E2AF0414761F036DBDAB0F1AA324C334AF
:203D5000A936E7000008FE82E7100080E7437929BDA90F2EE7000061E007143CE277000344
:203D6000BDA60F2AE2030132E2030230761F0384E023EB14761F036DE025852EE2AF07BE47
:203D7000E203002CE2AF06BEE2AF05BEE2AF04BE0006761F0300B2BD4005AABDA2BD56CCEC
:203D80000136761F0387920856C00131761F03A4923D520156C0009828AC0022761F030051
:203D90008D80C1803006761F0383C40807A28AA9761F03BB92345201C2C4EC0E761F0383C5
:203DA000C51C761F0382C43A761F0383C3D40606C2E41EF46F24761F03BBE2AF0030E850B5
:203DB000B2002BABE68E000028AA5A5B761F037EBFA90F1203ABBDA90F12923890070EA984
:203DC000BDA90F1E761F0383E68B0001061E1ED4E68B0018E20301E4E20300F4761F038465
:203DD000C43AD008761F0385C528761F0385A32A761F0382C2948322D114761F0385D00A18
:203DE0008716761F03858218761F0384C394060AD00C761F03A4A994413ED00EA094D01026
:203DF000AB94D012A2941E9CEE07761F03B6D01606061E946F0F28AC0022761F0300300679
:203E000082A9764AD41AA2A907A28AA9D016E20300942901761F030056030106D0188F406A
:203E1000C040761F0382C50E761F0382A304761F0382C3948706560100A5D01AA994D01CD7
:203E2000AB946F5A28AC0022761F03008F00C1803006761F0384C438761F0384560100A4B7
:203E3000D008D10A0626761F03BA29018304761F03B9A32A761F0384C2C4C53A761F0385B4
:203E4000C4281ED4761F0385A0E4832A761F03820622A9F4761F0385C394D00CC29CC416CF
:203E5000761F0300D110A094D00E8F40C0401E9456030106D012761F03858618761F03842D
:203E6000C50A761F0382560100A5A314C29C761F0382870E761F0382AA94D0148604761F3E
:203E700003830624C394D016A994D018AB94D01AAA94D01C1E94761F03C3C41AD11E761F5E
:203E8000037FE2C40012761F0300C2C5E203009C0A06920652A056C800032B0606A6ED09BA
:203E900092045201EC06761F0387921E5201ED1E761F03000B02ED1A800688069306761F1C
:203EA00003879215761F03001805FFFE2B07970852017F017E03EC06761F0387921E5201E6
:203EB000ED05761F038756BF010882BE86BE8BBE0006761F03BB0A0092005202ED679202C5
:203EC0009C01900396025201EC475202EC2D5203EC16761F03C892085202EC0A5203ED56F4
:203ED000761F01FC1A0C01001A0C02000006761F01FC1A0C00801A0C01000006761F03C826
:203EE00092085202EC0A5203ED41761F01FC1A0A01001A0A02000006761F01FC1A0A008042
:203EF0001A0A01000006761F03C892085202EC0A5203ED2C8F007F0083A4DD0A1AC50200D8
:203F00006F228F007F0083A4DC0CDD0A1AC501001AC400800006761F03C892085202EC0D81
:203F10005203ED148F007F0083A4DC0CDD0A1AC501001AC4020000068F007F0083A4DD0A55
:203F20001AC50080DC0C1AC4010000065201B2BDEC3E5202EC2D5203EC16761F03BB8F00C3
:203F3000D700D0402F1B271F800B88135794D1FC93079203D0443F94D0487F94D04C7E94AD
:203F4000D0F86F39761F03BB8F00D700D0432F1E2722800E88165794D1FF930A9206D0475C
:203F50003F94D04B7F94D04F7E94D0FB6F24761F03BB8F00D700D042801D8821D1FA930D45
:203F600092097F94D0467E94D04A6F15761F03BB8F00D700D0412F1C2720800C8814D1FD7B
:203F7000930892045794D0453F94D0497F94D04D7E94D0F99794969C8BBE0006B2BDAABD87
:203F8000A2BDFE06761F03BB9201540056C60056761F03C892085202EC195203ED4B761F9D
:203F9000002C9326761F03BB8F40EECF8F00EED759025802761F002D9226761F03BB979D43
:203FA00096949202764ACE216F35761F002C9206761F002D2D06761F002C8DC0EEDB8D80BE
:203FB000EEDF2F2676C0EEC77680EEC38F40EECB761F002D8F00EED32726761F002C9327DB
:203FC0009745761F03BB93025802590297419742974397449693761F002C924521925797A0
:203FD0003F9693079695761F03BB9202979C76409F26761F03BB2B00FE8682BE86BE8BBED3
:203FE0000006761F037F56030212761F03BB2B0096010006761F03BB9335BE00EC04520001
:203FF00056B001A692A60006761F03BB9A0093355300EC04933656B001A90006FE02761FBA
:20400000037F921DED36761F0382E801E719E2AF003C9A00E80C71C9E6950000E6940008B7
:20401000AD1456C3000E761F03BB0A2493249DFF530556C8000956BF05249A016F04761F74
:2040200003BB2B24761F0384E2AF000AE811FC00AD1456C30013761F03BB0A2693269DFF02
:20403000530A56C700049A006F0B56BF0A266F08761F03BB9A012B24761F03BB2B26FE82C1
:204040000006FE02761F0382E801EB19E2AF003CE80C71C9E6950000E6940008AD1456C57F
:20405000000D761F03BB0A2892289CFF520556B7012556B705286F04761F03BB2B28761FF7
:204060000384E2AF010AE811FC01AD1456C5000D761F03BB0A2992299CFF520556B70127D6
:2040700056B705296F04761F03BB2B29761F03859B01E2AF0126E5A1AD1456C3000F761F66
:204080000384E801EE61E2AF020CE80E6669E694000AAD1456B300A8761F03BB9227BE013C
:204090005201EC10E801E319E80C71C9E6940008AD1456C3000592255201EC04530056B0FA
:2040A00000A692A6EC032B252B27FE820006E20304BDFE0288A9E6CF000BE6CF0004764005
:2040B0009FFEE801FA61E2AF003A93A6E80E6669E70000099638E694000CAD1456C5001C0A
:2040C000E801FC31E2AF023EE80B3331E70000897700E694000BAD1456C3000EE2AF013C80
:2040D000E84FC0097700E694000BAD1456C500045300ED21E6940004AD1456C5001AE2AF8E
:2040E000013CE694000BAD1456C50013E2AF013EE694000BAD1456C3000C5200EC0A7640D6
:2040F000A04152019637ED0CE2AF003A6F022B259A006F0B7640A04152019637EC039A01D5
:204100006F029A00E2AF003AE6940004AD1456C40009E2AF003CE6940003AD1456C300063D
:2041100093375301ED022B37FE82E2AF04BE0006761F0383E8020248E2AF0128E2AF022883
:20412000761F03A4E8087ED8E7100089E2C40337E70000407700E7000018761F03BEE203C5
:2041300000000006E20304BDE20305BDE20306BDE20307BDFE02761F0384E2AF002C761F5D
:204140000383E2AF0122E6940008AD1456C30004E2AF0022761F03A5E2AF0336D00A761F9C
:20415000036DE2AF0124761F03A58894E2AF0222E2740018761F0383E2AF0402761F03BEA5
:20416000E3028D0A761F036DE2AF072CE750F32A92A6E3144EC4E8321640E720018AE8205B
:204170000000E7000012761F03BEE7100052E2AF0700E005C9C4E2AF0306E71000C9E2034E
:2041800000E4E2030106EC15761F036DE2AF0024761F03A5E2AF0130761F0383E70000088B
:20419000E2AF0726E71001C0761F03BEE2030006E2AF00F4E2AF0106E6940001AD1456C2E7
:2041A00000049A006F04E20300069A01D008E2AF0206E2AF0194E694000AAD1456C4000A68
:2041B000761F037F560301A91809FFFD98096F07E2030106761F037F1A090002761F036D74
:2041C000E2AF0326761F03A5E2AF0622761F0383E2AF0202761F03BEE2AF050692A6761FC0
:2041D000036DE2AF042E761F03BEE3079F06761F03A6E3055600761F03A5E3271D1AE27467
:2041E00001BE761F036DE324D724761F03BEE2AF0400E00512D4E30F6B0AE71000D2E7200C
:2041F0000173E203020AE2030302EC0F761F036DE2AF0226761F03A5E2AF0330E700009A25
:20420000761F03BEE203020AE6940002AD1456C200049A006F04E203000A9A01E2AF000ACC
:20421000E6940008AD1456C40008761F037F1809FFFE98096F07E203010A761F037F1A09B3
:204220000001761F03A6E2AF0000761F03BEE2AF010A761F036DE2AF0726761F03A5E27466
:20423000000AE2AF061AFE82E70001F0761F03BEE32087BEE2AF06BEE2030004E2AF05BE2B
:20424000E2AF04BE0006761F01784B00EF06761F03B11A3600010A33761F01784600EF0697
:20425000761F03B11A3600020A3B761F01784700EF06761F03B11A3600040A3A761F017835
:204260004F00EE06761F03B11A3600080A390006761F017A4800EF06761F03B11A3400012C
:204270000A38761F017A4000EF06761F03B11A3400020A28761F017A4100EF06761F03B14D
:204280001A3400040A27761F017A4C00EE06761F03B11A3400080A2A0006761F017A490019
:20429000EF06761F03B11A3400200A24761F017A4200EF06761F03B11A3400400A29761F4E
:2042A000017A4300EF06761F03B11A3400800A26761F017A4D00EE06761F03B11A3401001B
:2042B0000A2F0006761F017A4A00EF06761F03B11A3404000A31761F017A4400EF06761FAC
:2042C00003B11A3408000A2C761F017A4500EF06761F03B11A3410000A2B761F017A4E001A
:2042D000EE06761F03B11A3420000A3000067640A2437640A2687640A28D7640A2B2761F04
:2042E00003B14036EE064336EE04F53C5E476F041A3600100A37D40128A9FFFF28A8800057
:2042F000764A86BE761F01780600EC06761F03B11A3680000A35761F03B14034EE06433424
:20430000EE04F53D5E976F041A3400100A254534EE064834EE04F53E5EA76F041A340200AE
:204310000A2E4A34EE064D34EE04F53F5EB76F041A3440000A2DD40228A9FFFF28A88000FA
:20432000764A86BE761F017A0600EC06761F03B11A3480000A3200060EA9BDA90F12770063
:2043300077007700E20304BDE68B0004E801D419E8089379E2740109761F03A4E2C4003719
:20434000761F03A4413BE7000008EE07E590761F03A1E203000A6F0D761F03A1E2AF0204D8
:20435000E304110CE7000040E203020AE203000E9200E2AF0004E6CF00217640AE42761F06
:2043600003A19201E6CF0021E2030006E2AF000C7640AE42761F03A1E2030010E2AF04BE81
:204370000006FE02761F0383E2AF0000761F03A1E2AF0108E6950000E7000008E2AF0102AA
:20438000E7100040E2AF0116E6940008AD1456C2000506161E046F03E2030004FE820006BF
:20439000B2BDE20304BDFE02D022761F03A4D112E2AF0094E2AF02E4413BE2AF039CD01AB5
:2043A000E2AF0194E75082C4D01AE0029094EF16D024E2AF0094E5A0AD14EC10D028E2AF81
:2043B0000194E5A1AD14EC0AD026E2AF0394E70000C07700E70000086F02E590D014E2AF95
:2043C00001F4D116E3129A94929CD00CE710011BE2AF0494E7418489D00EE7200051E2AF9C
:2043D0000394E6970021E6960019ED04E20301F46F05E590E591E20300F4D118D01CE2AF9A
:2043E000039CE2AF02D4E2AF0094D11ED0205200E7200010E2AF049CE300C394D01CE69776
:2043F0000020E2030294E6960018ED05D008E20300946F06D008E592E590E2030294D00AAD
:20440000E3204194D010E7100040FE82E2030094E2AF04BE8BBE0006B2BDE20304BDFE02FD
:20441000761F03B6403CEF4AD10B8F00E180D008929C9494CCA91FFEFF820EA9BDA90F123E
:204420007700D10ED00F929CE68B00049494CCA91FFEFF820EA9BDA90F12E801C002E80197
:20443000C001E80803A2E80803A1E68B0000E7000112E300433AE694001AAD1456C4000C3C
:20444000E2AF0138E694000AAD1456C50007E20302386F03E203023AE2AF013EE694000827
:20445000AD1456C40038E2AF0136E6940008AD1456C50033E20300366F2FD10B8F00E1805B
:20446000D008929C9494CCA91FFEFF820EA9BDA90F12E801C002D10ED00F929CE68B0003B2
:204470009494CCA91FFEFF820EA9BDA90F12E801C001E80803A21A3C0001E70000D2E68BF3
:204480000000E80803A1E000423AE2030238E2030036E203003EFE82E2AF04BE8BBE0006AD
:20449000761F03B692315201EC315202EC2A761F03A44E3BEF22761F03BC9223ED1E761FA2
:2044A00003BC92265204ED09761F03C8060EED05761F03C3061AEC0A761F03BC92265207FD
:2044B000ED0C761F03C34E1BEF08761F03B6922F520156B10131EC10761F03B62B2F0006F3
:2044C000922F5201ED092B3100067640A40C922F520256B102310006761F03C856BF010D32
:2044D000000688A9BDA60F12770077007700E801D419E68B0000E20304BDE8089379E2746D
:2044E000000C7700761F037F9612761F0383E203042A761F0383E6CF0020E2030428764095
:2044F000ABAE761F0383E2AF00287640AE83761F0383E2AF00287640AE74761F0383E2AF40
:2045000000287640ADC0761F0383E2AF00287640A5FE761F0383E2AF00287640A5887640B6
:204510009FE17640A118761F037F8F02710080120200761F03A4A8ABE801FC01E2C400379D
:20452000761F037F8F03A9808812761F037FF61F561700A73F01E70000200200761F03846A
:20453000E203003CE2740008A8AB761F0384F61F561700A6E2AF04BEE2030036761F037FD0
:204540003F0A0006B2BD88A959A98F0186A00200761F03BCA8ABF61F561700A692ABFFC1E6
:204550009603761F03BC92AB3F05FFC0761F03BC93A996049DFF761F03BC970292A1764082
:20456000A32C92A1764AB1F7761F03BC880493049204761F01017E23761F01058BBE9723EE
:20457000761F010996230006761F03C8930D5301EC095302ED0D7640A4D1761F03C82B0D72
:2045800000067640A542761F03C856BF020D0006E8020249E01004BD761F0385E8087ED9A4
:20459000E80210C4E0004DBDE20306BDE2030106E850480DE20307BDE8507C0B761F0380C2
:2045A000E80E666CE850B208E850100AE203051A761F0384BFA90F12E850D20EE850C58FA2
:2045B000E203033E761F0383E850FBC81E2CE2030236E203022E761F03B0E2030512761F5A
:2045C00003AFE2030332761F03C3E203001E761F03B9E2030236761F0383E2030734761F73
:2045D0000380E2030628761F0385E0032304761F0381E2AF07BEE2030428E2AF06BEE2AFA8
:2045E00005BEE2AF04BE0006FE02E6CF0003E815F803AD1456C30005E801FC026F02E59241
:2045F000E710009B7700E811F803AD1456C50004E8AFE01BFE82E6CF00180006761F03A4AD
:20460000922AED0EE80231D9761F03A5E80C0001E7000008E2AF033EE70000186F0E761FEB
:2046100003A4E2C40110761F03A5E302022CE70000897700E7000008761F0384E2030018ED
:204620000006FE02E811FC00AD1456C5000BE68800017700E68900097700E7200040770005
:20463000E5A0AD1456C3000DE68800017700E68900097700E72000407700E88FE000FE8294
:2046400000063B0185A9BDA90F127700770077007700E68900017700E7100049E801C000B7
:20465000E80803A0E70000400006761F03C89206E20304BD5203EC5C76C0EC7C92C77640A2
:20466000A641D00A8F00E180761F03B5E2AF011492C7E3004C0C9694E028501892CFE20322
:20467000022A7640A641761F03B1923D761F03B5E2AF011696F4E7000009E2AF040EE0282F
:20468000581C92D7E20303287640A641761F03B1923E761F03B5E2AF011096FCE000481AB4
:20469000E2AF0008E720000C92DFE203042E7640A641D009E203002CE2AF0112761F03B162
:2046A000923F761F03B5E300480A761F03829694E028DA22761F0383E0204316761F03B59E
:2046B000E0210820761F0382E203012C6F338F00EC7C92CC7640A6418F40E180761F03B188
:2046C000923D761F03B5E2AF040EE2AF011696F5E000481C761F0383E720010892D4E2032E
:2046D00000167640A641761F03B5E203001AE2AF0110761F03B1923E761F03B5E3004B088D
:2046E00096FDE72000C8761F0382E6AF0000E203002CE2AF04BE0006761F03A4E20304BD5D
:2046F000923DE20305BD5201E20306BDEC06761F03A5E2AF02306F05761F03A5E2AF0210F3
:20470000761F0385E2AF0318761F03A5E2AF0022761F0385E2AF0116761F03B7E304D5020E
:20471000761F03A6E3004400761F0383E3096602E70000B17700E7408132761F03AFE3148E
:204720000630E22301C4E6CF000AE6970008E6AF0012E6960010E7200180E2AF0532E700CB
:20473000002AE2AF0430E71001105201E2030030EC06761F03A5E2AF00306F05761F03A569
:20474000E2AF0014761F0385E2AF0216761F03A5E2AF0422761F0385E2AF0518761F038314
:20475000E3008302761F0382E700012AE7000018E3024B0EE320820EE700009A7700E720E6
:20476000008977007700E277000977007700761F03AFE2AF0636E6CF000AE6970008E6AF85
:204770000012E6960010E7200180E2AF0532E3015436E20301E4E31886BEE2AF05BEE2038B
:204780000036E2AF04BE0006B2BDE20304BDE20305BDE20306BDE801F955E20307BDE2AFB5
:2047900001E4E2AF03D4E801F556E2AF00F4E2AF02C4E6AF0009E6AF001BE6AF0000E700E2
:2047A0000057BFA90F1EE004E1E4E801F551E00090F4BFA60F16E80D555D761F03C0E6CF93
:2047B0000010BDA60F1AE801F9531ED4E80D555BBFA90F22E80D555AE700001BBFA60F1AB4
:2047C000BDA90F1AE80D555EE6CF0039E801F554BFA70F1EE70000B2E700006EBDA60F2669
:2047D000BDA90F1EE801F957E80D555FE80D555CE72000B6E70000FFBDA70F1E1ED4BFA623
:2047E0000F2AD00AD110E751362DBDA60F1AE7000066E801F89CE80E69D4E720019BE720F7
:2047F0000152E72001BFE720009EE720017DE70001A4E700016EE00938F4E20301E4E01FA5
:20480000B500E2030594D00CE2770036E2030402E2030294D00EE2030394E203069CE2AF22
:2048100007BEE2AF06BEE2AF05BEE2AF04BE8BBE0006FE02761F0383E2AF000E761F0384A2
:20482000E2AF012CE6940001AD1456C4006B761F03BF9234ED66761F0383E2AF0018761F30
:204830000383E2AF0126E6940001AD1456C4005A761F0383E2AF0010761F0384E2AF012CE4
:20484000E6940001AD1456C2003E761F0383E2AF0022E6940001AD1456C5000B761F03837B
:20485000E2AF0010E6940001AD1456C40014761F0383E2AF000EE6940001AD1456C50042EA
:20486000761F0392E591E59056BF012EE20301246F24761F0392E2AF0016761F0383E2AFC5
:204870000114761F03929214761F03BE2B18E7000009761F0392E6CF0008962EE6AF00007A
:204880006F1A761F0392C416BDA60F1277009214962EC224E6AF0000761F03BE2B186F0D96
:20489000761F03BEE591E59056BF0118761F039256BF012EE2030124761F0392E2030026EC
:2048A000FE820006761F03C192275203EC36761F03BC92235201ED022B23761F03C3061AD5
:2048B000ED05761F03C8060EEC28761F037E92345201ED06761F037E92385201EC1E761F7A
:2048C000037E92345202ED06761F037E92385201EC14761F037E92385204EC0F764091821D
:2048D000761F03BF520056B0013A761F03BF2B32761F03BF2B376F05761F03BF9237ED05EB
:2048E000761F03C71828FFFC0006761F03C3920AED3C761F03C1922CEC06761F03C19226DE
:2048F00056B101267640A8A2761F03BC9226520F56B00E26761F03BF9237ED27761F03A463
:20490000921C520DED198F3D08FEA8A97640AE9F761F03BC9226520FEC0F761F039AE2AF33
:20491000003E764A686BD0488F00DBC0969428A95A0F764A06D0761F03C1CC27FFFBED0542
:20492000761F03C71828FFFB0006761F03C793175301ED255200ED127622761F01021A1BB3
:204930000004761F01061A1B0004761F010A1A1B0004761A761F03C72B17761F03C892088A
:204940005202EC085203ED5A761F01FC1A1500806F55761F01FC1A0480006F505200EC241D
:20495000D0938F0040004394EE1FD0938F4041004395EE1AD093768042004396EE157622CF
:20496000A8A909978AA9A0A9099783A906A609971EA61AC400041AC500041AC60004761AB5
:2049700056BF01176F1B761F01024213EF09761F01064213EF05761F010A4213EE0F76221C
:20498000761F01021A1B0004761F01061A1B0004761F010A1A1B0004761A761F03C892080E
:204990005202EC085203ED0A761F01FC1A1300806F05761F01FC1A028000FF690006761F8F
:2049A000037E9A009339553656B901A90006FE02761F037E9A00E2AF013EE6940008AD1403
:2049B00056B201A9FE820006761F037E9A0093355300EC04933456B001A9000680A9764098
:2049C000A9B4BE005200EC0D93385303ED0A93A773369339553656C600059239BE019636A8
:2049D00092A60006761F037E2B360006761F037E9A009338530756B101A90006FE02761FEB
:2049E000037E9A01E2AF013CE6940008AD1456C40009E2AF013AE6940008AD1456B300A9A6
:2049F000FE820006761F03C3921B931AFFC0CA1BFFD4FFC0CA1BFFC0CA1BFFC0CA1BFFC04A
:204A0000CA1BCBA9CB1AFFD0CB1B42A8EF039A010006921BFFC2CA1A49A9EF07181AFDFFBE
:204A1000181BEFFF764A935C9A000006761F03B7E592E591E5902B3AE2030236E2030138C5
:204A2000E203002E0006B2BDAABDD00EA2BD86A4E20304BDBFA30F1AE6CF000CE20305BD87
:204A3000E8020FDDE80A9E95E2AF0192E72000407640A5E4BDA30F1677007700761F03B7FF
:204A4000923AE700006DED09D00CE2AF02C2E2AF0392E700009B6F0EE2AF03E2E2AF02C21F
:204A5000E72000D27700E70000AA7700E710009B7700E20303E2E2AF02D2D008E70000896E
:204A6000761F0384E7000059D108E7000042E3062B92E710009BD00EE71000EDE20301F206
:204A7000E319503C761F03B7E004139AE2AF0492E018852ED00EE20300927640A621D00E3C
:204A8000E2030092E2AF05BEE2AF04BE82BE86BE8BBE0006B2BDE20304BDE20305BDE20384
:204A900006BDE20307BDFE02D01AD112E2AF02D4E2AF00C4E2AF07E4E3240194D014E32210
:204AA000339CD116E30DF494E2AF01F4E740ECC5D00CE7435B09929CE3234C94D00EE69791
:204AB0000021E2AF0594D01AE6960029E2030094ED07E5A3AD14EC04E20301F46F05E590A3
:204AC000E591E20300F4D01CD118E2AF0094E2AF039CD0205200D11EE3208794D01CE3003F
:204AD000C49CE2030294E6970020E6960038ED05D008E20300946F06D008E592E590E20339
:204AE0000294D00AE3204194D010E7100040FE82E2030094E2AF07BEE2AF06BEE2AF05BE5F
:204AF000E2AF04BE8BBE0006761F0144CC1C0020D00EFFC496E40694070056C4000B0F042E
:204B000056B908A05648099456C9000703046F020704D0081E94D00A1EAC8F405100564412
:204B10000094D0191EC44A95EF0DC408D010761F03BEDD1A56BFF0941E1C0A1B1AC5040077
:204B2000C2F4D0198F4051004B95EF0FD01C4395EE08761F0144421CEE04922096EC0006BA
:204B3000761F014456BF0C1C0006761F03BE921A5201ED07761F01FCCC090020FFC40006AF
:204B40009A000006761F01FC4309EE039A0000069A010006761F01FC4209EE039A00000637
:204B50009A010006761F03A4E20304BD923D5201E20305BDEC1C761F03A5E2AF0234761F58
:204B60000383E2AF0320E700009A77007700E2740082761F03BEE2AF050C761F0392E700AB
:204B70000148E203023EE203003C6F10761F03A5E2AF0132E595E7000051761F0392E70053
:204B80000041E203053CE203013E761F03AEE2AF0308E2AF0508761F0392E2AF013E761F7B
:204B900003AEE2AF020EE2AF040EE6AF001B761F0392E2AF003CE6970029E6AF0012E6979F
:204BA0000020E6960019E2AF05BEE6960010E203013EE2AF04BEE203003C0006E8021A8935
:204BB000E80A6669E7000008761F03B8E20300160006B2BDFE02761F03B8E2AF0000761FFF
:204BC00003C3E2AF0120E6940001AD1456C2001F761F03B8E2AF0002E2AF0100761F03C31A
:204BD000E7200008E2AF0320E6940003AD1456C40008761F037FCC090020FFC46F0C761FC3
:204BE000037F9A001809FFDF6F06761F037F9A011A090020761F03C3A320761F03B8D116DB
:204BF0008F00EE04FF5EC400D00E761F03C1E2AF0010761F03B8969CA9D4C526E6AF0000AC
:204C0000C2C4E20300943E67FE828BBE0006E20304BDE8020648E20305BDE8087ED8E2AFC5
:204C100001C4E70000407700761F0382E2710001E2710000E279000AE2780001E2AF000E01
:204C2000761F0382E2AF0304761F0382E2AF050E761F0382E7000010E3065C04761F038290
:204C3000E7000112E7000149E3160334E3228C34E30102E4E302CBF4E6970010E6970011BB
:204C4000E6960018E6960019E700004AE70000037700E71000D277007700E2770012761FE2
:204C50000382E2030118761F0382E2030006E20302D4E2AF05BEE2AF04BE0006FE02761FBF
:204C60000383E2AF0012761F0383E811F400AD14E203002056C30006E801F400E20300203C
:204C7000761F03C7E2AF003A761F0385E2AF0116761F0383E3004B20761F03C7E2AF0238A2
:204C8000E27400C8761F0382E2AF0314761F0384E72000D1E2030032E6940008AD1456C5CB
:204C90000004E2030132761F03C7E2AF0038761F0382E2AF0114E6AF0000761F0384E72048
:204CA0000040E2AF0332E6940003AD1456C30004E2030032FE820006AABDE20304BD86A4BF
:204CB000E6CF0004E72001087640A5E48AA2E2AF01E4E70000407700E31804BE86BE000695
:204CC000B2BD8BA45200E20304BDE6CF000496F1EC04E2AF02C16F05E2AF02D1E6AF00123B
:204CD000E2AF03E1E710009BE7200108E6CF0019E20303E1E831FC01E8200001E6CF000B37
:204CE000E20303E17640A5E4E2AF01E1E70000407700E31804BE8BBE0006761F03939213BF
:204CF000541956C30006761F03C31A1B0004761F0393540356C30006761F03C31A1B00084B
:204D0000761F0393540B56C30006761F03C31A1B0010761F0393540656C30006761F03C34B
:204D10001A1B0020761F0393540A56C30006761F03C31A1B0040761F0393540056C3000618
:204D2000761F03C31A1B0080761F0393540256C30006761F03C31A1B01000006FE02761F97
:204D300003C8E6950009E2AF0202E6940011AD1456C30024761F03C1E2AF021AE694001165
:204D4000AD1456C40014761F03C8E7200089E2AF0300E7000059E2AF0304E71000C97700D1
:204D5000E831FC01E82000016F09761F037FE801FC011809FFBF6F06E591761F037F1A09AB
:204D60000040FE82E70000080006E20304BD761F03AEE6CF00049200E2030402764A69AB88
:204D7000761F03AE8A0A9301E697002092FCE203000E54A8562B06A9764A69AB761F03AE51
:204D8000E2030004E2AF0104E6CF0020764A58D0761F03AEE2030008E2AF04BE0006761FB6
:204D900003AEE2AF0006000676228F45F800A0A9C4A5761F17E6FF170003DD208AA9DE24C2
:204DA0001AC600011AC5000318C4FFFD1800FFFE761F17E0CC00F3FF1AA903009600761F08
:204DB00017E61A0000021A000001761F17ECCC00FFF8500A9600761AF6077700FF690006F2
:204DC000761F03A49227ED0EE80231D9761F03B6E80C0001E7000008E2AF0302E700001828
:204DD0006F15761F03A4E801D419E2C4022F761F03B6E8089379E2C40300E7000080E70015
:204DE00000C97700E70000087700E20300040006761F03C10A2A542A56C6001E761F03C879
:204DF0009206761F03C152032B2AED1592275206ED0E922BED0456BF012B6F09761F01FC01
:204E00001A0A2000761F03C12B2B0006761F01FC1A0C20000006761F01844602EE039A00CE
:204E100000069A0100065200EC08C5A49CFF5CA9761F0184F7A4240800065200EC099CFFC3
:204E200088A9761F018492079684000EFFFC00062DA988A8FFC229018F007F0018A9FFFCAA
:204E3000560301A9560100A402011EA7CCAC001F2DA906A7563B1EA792A6ED03C3E4000657
:204E4000C3D400060EA9BDA90F1A7700770077007700E68B001277007700E2740052770003
:204E50007700E801D419E8089379E70000897700E70000400006761F03C892085203ED1495
:204E6000761F037F9214761F03B59E3F521056C8000C761F037F9214761F01FC1A170040FF
:204E7000761F03B5963F0006761F03B9E2C401007700E7000041E2AF0008E7000008770064
:204E8000E20300160006761F03BAE2C401007700E7000041E2AF0008E70000087700E20395
:204E90000016000688E48AC4761F011D7E232DC430A692A6FFC0EAA8922B972B00061901E9
:0E4EA00056C3FFFF0006190156C3FFFF0006B0
:204EA800F3E0BFE784A1BFD5A5CEBFC48DE3BFB4AAB9BFA41E11BF9566BABF862A30BF71A7
:204EB80079E6BF58AFCDBF3E61D0BF261798BF10E72EBEF23ABDBEC7B04BBE98089ABE5B0A
:204EC800B98CBE0B5604BD8E110ABD70B26CBD469D34BD1DC34CBCF05365BCAE0C5FBC659A
:204ED8000E17BC04A47FBB88EDFABA6B00000000EDFABA6BA47FBB880E17BC040C5FBC6580
:204EE8005365BCAEC34CBCF09D34BD1DB26CBD46110ABD705604BD8EB98CBE0B089ABE5B4B
:204EF800B04BBE983ABDBEC7E72EBEF21798BF1061D0BF26AFCDBF3E79E6BF582A30BF71FB
:204F080066BABF861E11BF95AAB9BFA48DE3BFB4A5CEBFC484A1BFD52C13BFE6E9B8BFD332
:204F1800E8D1BFC2F7E4BFB2381DBFA3A82FBF930FA6BF85F1FEBF6E6905BF566DC6BF3C4D
:204F28009BA6BF2428CCBF0EF34DBEEE024BBEC4436CBE9549F9BE556128BE06C140BD85E2
:204F38008F47BD5F952DBD37B00CBD0F4928BCD70F7CBC975921BC405A86BBD30C89BB2BE8
:204F4800F545B9D600000000F545BAD6AB9FBBAD7ED0BC24D2C8BC878256BCC5DB77BD058C
:204F58006239BD2D6278BD56980BBD80928EBD976873BE11CF18BE60169CBE9C79BCBECAFB
:204F68000260BEF7BEF5BF117B35BF28F473BF408CBDBF5AD274BF73A051BF878C15BF968B
:204F7800209BBFA6E354BFB51D00BFC62420BFD711DCBFE6D417BFD3D677BFC2E9CDBFB2CE
:204F88002D4DBFA3A0A5BF93F3CBBF84EC18BF6E6666BF566DC6BF3C9E45BF242F5ABF0E39
:204F9800E393BEEEC212BEC34F37BE955C53BE555BEABE06A709BD85E32ABD5FE910BD37D6
:204FA8002364BD10C6FCBCD77400BC98D29EBC41562EBBD403DABB2D719FB9E10000000089
:204FB800B717BAD1B8A6BBAADB62BC22594BBC86EF89BCC49210BD05471BBD2C0E95BD565F
:204FC80068DCBD80635EBD9750DBBE11CF18BE600AD0BE9C6DF0BECAFBD2BEF6BEF5BF1117
:204FD80077EEBF28F473BF409004BF5ADBA1BF73A4E8BF8793F3BF962B6BBFA6F2BBBFB5E3
:204FE8002FADBFC63B64BFD7DA27BFE5A29CBFD3A993BFC2C322BFB20B39BFA38327BF93E9
:204FF800DB38BF84C0D7BF6E4452BF564BB2BF3C2F83BF24132BBF0EB702BEEE6F7EBEC369
:205008002D23BE9597B7BE542F5ABE065864BD857A4EBD5F0260BD37BEE0BD0E342FBCD7A1
:205018000F7CBC9761D0BC3E06A3BBD31DE7BB27B717B9D100000000E3E7BADAAB9FBBADEA
:20502800A8C1BC24D2C8BC87C140BCC5F06FBD0596A7BD2D7770BD56A287BD80A249BD97D9
:20503800E8E6BE11719FBE61486BBE9CFA2FBECA2713BEF71EA3BF1296BCBF281687BF4177
:20504800B55FBF5A06E2BF74BF1FBF87B170BF968390BFA61965BFB65DE1BFC66FD2BFD761
:205058009946BFE567F5BFD37675BFC29692BFB2E48FBFA26167BF93BDBABF848F08BF6E56
:2050680015CABF56C9EFBF3B0A28BF24F45EBF0D7C07BEEE39C1BEC3B72CBE942C3DBE54F5
:20507800A9A8BE05FA05BD844A38BD5EB2D5BD35368FBD0E6B27BCD48106BC953C36BC3DB9
:20508800C875BBCD877FBB223ABDB9C7000000006042BAE5A2F0BBAF1DE7BC27374CBC89FD
:205098004B5EBCC87EE5BD0772DABD2E1062BD58B867BD81CD21BD982A6FBE12F4B2BE6118
:2050A800C78FBE9C4784BECB64AEBEF740B8BF12BC17BF2841C8BF41E33FBF5A3B4FBF7499
:2050B800DC48BF87D4D4BF96B65BBFA647EDBFB692A3BFC6AA7ABFD753CEBFE52BAABFD3B2
:2050C8004064BFC2680ABFB27D56BFA23DB0BF939D49BF845754BF6ED4E9BF559EAEBF3B35
:2050D800E22EBF23859DBF0D3A7EBEEEFEC5BEC261FABE948477BE5323F6BE05D9A9BD83DA
:2050E800BBC3BD5CDAF9BD339D9DBD0C5EDDBCD2C89FBC934D94BC397D41BBCB5AAFBB19D5
:2050F8004207B9B2000000003D86BAEDE11EBBB4B8A6BC2A04ABBC8B5BFFBCC91C2EBD08E4
:205108004AB6BD302B80BD591C04BD829ED8BD990165BE13A993BE62FE9BBE9C851FBECBFB
:20511800E671BEF7656BBF12374CBF296D09BF4117ADBF5B7304BF743611BF88F9DBBF96AA
:20512800E19CBFA67914BFB6CA04BFC6EA0CBFD70E56BFE5EC6CBFD20903BFC2368FBFB2F0
:205138005215BFA21705BF937CD9BF841D00BF6E4FDFBF5570CEBF3BB6EDBF235CFBBF0D1D
:205148006E05BEED7E52BEC221C0BE9420DABE539907BE046B90BD83A0A5BD5B1E3ABD3359
:205158006D87BD0B5293BCD03E81BC91848CBC36974EBBC51C82BB144952B99D0000000039
:205168004799BAFE8034BBB7FF82BC2D64D8BC8D3A00BCCCCA19BD090774BD31C472BD5A59
:2051780046DCBD837B0BBD9A5009BE135936BE63A123BE9DC558BECB7A8DBEF88D65BF12B9
:20518800628DBF29F7F9BF414CC2BF5BB09FBF745825BF882229BF970E80BFA7AC32BFB6EA
:2051980004ABBFC72AEDBFD8FEEFBFE4DFF8BFD2FE33BFC12D62BFB24895BFA210CBBF9300
:2051A800769FBF84108CBF6E46B2BF5566F9BF3BB060BF235715BF0D5F9ABEED4745BEC287
:2051B800FD0DBE93B7FEBE526738BE0446DCBD830DD8BD5BF449BD32FA2FBD0A13A9BCD093
:2051C8001490BC915EF2BC35EF89BBC42531BB120B24B998000000007358BB00D417BBB718
:2051D800FB2BBC2EA3C2BC8D78EABCCCE98EBD097050BD3161BBBD5B5BD5BD839542BD9A52
:2051E800721DBE137B4ABE63ACEFBE9DD274BECB87A9BEF89739BF126BBABF290126BF42E0
:2051F800588EBF5BBD12BF745E0BBF8829B3BF9717ADBFA7B702BFB60F7CBFC70332BFE175
:20520800F0D8BFE4D3D8BFD2F362BFC12292BFB2410BBFA20942BF936F15BF840419BF6E8A
:205218003D86BF555DCCBF3BA733BF234DE8BF0D512FBEED2E5EBEC2D5BBBE93A305BE52EF
:205228003AA8BE04F838BD827B0BBD5AAAE3BD329153BD0AD4BFBCCFD5A6BC90B72CBC34D7
:205238009BA6BBC42DE0BB100B24B998000000001B1EBB01CFC0BBB84F0EBC2FE2ACBC8D28
:20524800B7D4BCCC2878BD0A80F1BD32A0A5BD5B760CBD83AA3BBD9AA3ECBE138DA4BE635F
:20525800B8BBBE9D12AEBECC9375BEF89D1FBF12758EBF290A52BF426263BF5BC986BF742A
:2052680065E9BF883190BF97212DBFA7C1D3BFB66E2FBFD325AFC004999ABFF1C5C1BFD2FC
:20527800E6EFBFC11965BFB2378BBFA20165BF9368DCBF84F7A5BF6D3112BF555159BF3BAD
:205288009E06BF23475ABF0D42C4BEED2142BEC2BA34BE9390ACBE522310BE04A455BD82C7
:205298001CACBD5A2D0EBD326762BD0ADD6EBCCD18E7BC906349BC34F3E0BBC3368FBB0EC3
:2052A8000B24B99800000000C2E3BB01732EBBBAA2F0BC2F8A72BC8E7492BCCDA64CBD0AE4
:2052B800AAE3BD32CA97BD5B8B05BD83C9B0BD9ADD98BE13A29CBE63C5D6BE9D4DA9BECC26
:2052C800A5CEBEF8A64CBF127EBBBF2916C6BF426E2FBF5BD5FABF746DC6BF883ABDBF975C
:2052D800C472BFAA99EDBFC520C5BFEC1A4CC00166F9C003F45EBFE17454BFC40E95BFB2E3
:2052E8002E5EBFA2F9DBBF9262A2BF84EB31BF6D27E5BF55482CBF3B94D9BF233E2DBF0DF1
:2052F8003459BEED1427BEC2AE68BE937BB3BE5215F4BE0455B0BD82F2BBBD59A4BEBD31DC
:2053080047EDBD0A9E84BCCD7122BC8F0F67BC349FFDBBC33F3EBB0CCCF7B992000000002F
:20531800126FBB03BE62BBBC20C5BC303238BC8F464ABCCE19A4BD0BD4D4BD32F488BD5B4F
:20532800A53CBD831316BD9B0F67BE1410B6BE64D1A2BE9D74FBBECCB2EABEF8AF79BF1281
:2053380087E8BF291FF3BF428A5DBF5BE1C6BF74E4B8BF8862CCBF9E8C54BFB7D35BBFD887
:205348005A71BFFC5A71BFFCC63FC000C7A4BFFBCBFBBFD2482CBFB726D5BFA2F05ABF9217
:205358005B18BF84E204BF6D1B71BF553EFFBF3B8BACBF233847BF0D25EEBEED070CBEC2E1
:20536800A3ECBE935461BE52039BBE0440B8BD82C8C9BD5926E9BD311DFCBD0A5F9ABCCDE3
:20537800C95CBC8E67A1BC33F838BBC247EDBB0ACCF7B9920000000009C0BB051245BBBDA3
:205388001C6DBC31EEF6BC8F1801BCCF8280BD0BF449BD321E79BD5CE964BD836C37BD9B8E
:20539800317BBE1425AFBE64DD6EBE9D8366BECCC543BEF8B8A6BF129115BF292920BF42A3
:2053A800C7F7BF5B352BBF7BF01CBF914E90BFA9F3A1BFC6BC41BFF6BC41BFF6BC41BFF6A2
:2053B8007C85BFFC7C85BFFCFC3BBFE598C8BFC38827BFAA39EBBF9554DEBF84D591BF6D09
:2053C8001245BF5535D2BF3B8280BF232F1BBF0D1783BEEDF9F0BEC192E2BE932531BE5287
:2053D800F3E0BE032681BD829ED8BD59FCF8BD30FE87BD0920B0BCCD8A72BC8E4207BC32AD
:2053E800A8ACBBC1A027BB09CCF7B992000000000111BB07BA0ABBBD4207BC322DE0BC909C
:2053F80080DCBCCFAC71BD0B1E3ABD33486BBD5C3809BD84C558BD9B43D4BE143AA8BE64D1
:20540800EA89BE9D9082BECCD10FBEF8BF34BF129A41BF29324DBF4234C2BF6489DFBF85B8
:205418005CD1BF9BFA98BFB5CF03BFDD5769BFF15769BFF15769BFF19F56BFF79F56BFF7D3
:205428009F56BFF77BB3BFD2DFCEBFB4A4BEBF9D67CBBF899596BF6E05D1BF552CA5BF3B95
:205438007BF2BF232546BF0D0918BEEDEB85BEC17F39BE93F362BE51E426BE031188BD8203
:2054480074E6BD59D307BD30DF11BD09E1C6BCCC6080BC8E1C6DBC31053EBBC0A027BB093F
:205458008EC9B98D00000000F862BB080DEDBBBE3DB0BC3357D1BC90BFC6BCCFCBE6BD0B2E
:20546800721DBD33725CBD5C8BEBBD84F9C6BD9B538FBE144FA0BE64EBEEBEA09EEDBECCDF
:20547800E369BEF8C860BF128241BF2A249EBF4DE109BF71743FBF8D7B74BFA541C8BFC5A6
:2054880029F1BFEC29F1BFEC29F1BFEC29F1BFECF0AEBFF2F0AEBFF2F0AEBFF23501BFE925
:20549800ABB4BFC04745BFA6C5EBBF90B060BF7BC0ADBF581705BF3B72C5BF231F60BF0DDE
:2054A800F95DBEECDE6ABEC19518BE94D68CBE51D46BBE03FC8FBD814AF5BD59A915BD30E4
:2054B800B520BD09A2DBBCCC2196BC8E4AB6BC300DEDBBBE509CBB08126FB9830000000068
:2054C800EFB3BB0AB5B3BBBEBB84BC3396BCBC90FEB0BCCFF5D8BD0BFA6EBD33DB38BD5C5E
:2054D800BB1BBD840EBFBD9C65E9BE14A661BE6D421CBEA5AC08BECCF084BEF85CBCBF1411
:2054E800B813BF35172FBF5977AFBF7F9E30BF95CEC4BFB0328BBFE7328BBFE7328BBFE7D7
:2054F800328BBFE7328BBFE771DEBFEE71DEBFEE71DEBFEE71DEBFEE61BBBFCFF67FBFAF51
:205508005BC0BF985E0BBF8462A2BF642032BF436998BF231633BF0DEAF2BEECD14EBEC1CE
:20551800A5CEBE985D3ABE56AFB8BE03E258BD81018EBD5920C5BD304C44BD094EF9BCCCC3
:2055280064D8BC8DF6D3BC2F6627BBBD594BBB06A882B97B00000000E704BB0C5D79BBBF60
:205538000F67BC34D5A6BC905293BCD0154DBD0C8D3BBD347881BD5DD552BD8428F6BD9CDF
:20554800D86FBE16FAADBE7C45B7BEA9BA73BECC38B0BEFC7D56BF1E5682BF400D06BF65CD
:20555800CCA3BF86D528BF9E43E9BFBF72DABFE272DABFE272DABFE272DABFE272DABFE2DA
:205568002142BFEA2142BFEA2142BFEA2142BFEA707ABFE7A79CBFBA1E26BFA0A93FBF8AD3
:20557800B15BBF6F5326BF4D2D23BF2D8295BF0EDC87BEECC433BEC1447CBE9CFCA4BE64D5
:205588007DE9BE03C821BD816EC1BD589874BD2FCE70BD08923ABCCBBD12BC8CA2F0BC2F8F
:205598001245BBBD61FABB04A882B97B00000000368FBB0EA455BBC28D3BBC341490BC91FF
:2055A8008D26BCD13F3EBD0CF616BD3415CABD5EEF89BD84486BBD9C2F83BE2CBD51BE85B4
:2055B8000529BEADEF5FBECE0457BF07C505BF27B7FEBF4AA86DBF70DA27BF8DBC17BFA806
:2055C800E647BFDDE647BFDDE647BFDDE647BFDDE647BFDDE647BFDDFDDFBFE5FDDFBFE50D
:2055D800FDDFBFE5FDDFBFE5FDDFBFE5AA26BFC752E7BFA80FF9BF91D81BBF7A0069BF573A
:2055E8002D62BF3632DFBF179739BEF2B5C8BEC1A440BE9F73D6BE72EC81BE15F66ABD8025
:2055F800D178BD5705A7BD2F509CBD08C083BCCA0054BC8CD139BC2E6A7FBBBC6AA9BB0264
:20560800A882B97B00000000DE55BB0E9FFDBBC3B2D5BC353E81BC9173D6BCD273ACBD0CCB
:205618002008BD357EA6BD5E0481BD8516DBBDA529F1BE407B89BE8CA287BEB0EB70BEDE0B
:205628004880BF0F0386BF31ED91BF546D1EBF7C6B66BF95BF5DBFB48E22BFD98E22BFD9B8
:205638008E22BFD98E22BFD98E22BFD98E22BFD90568BFE20568BFE20568BFE20568BFE2FA
:205648000568BFE2D64DBFDC9F2CBFB1AD19BF97DBB6BF82C3F4BF60E43BBF3E6B3CBF1FD6
:2056580023A3BF014928BEC7DB62BEA2C80CBE7E9A02BE28C9EFBD834928BD57DBB6BD2E8E
:205668001C2EBD08D9D3BCC9C16ABC8BAB9FBC2D169CBBBC9724BAFF2C28B9710000000022
:20567800861ABB0F47C3BBC4D86FBC36FB40BC91DCB1BCD2F180BD0C49F9BD352F06BD7A69
:2056880025D9BDAAA86DBDD8FC26BE52D624BE92BBC3BEBCFB94BEED3C0CBF17B3D0BF39AC
:20569800E4E2BF5E4D01BF84C52EBF9D0C89BFC765D4BFD565D4BFD565D4BFD565D4BFD5E0
:2056A80065D4BFD565D4BFD53832BFDE3832BFDE3832BFDE3832BFDE3832BFDE3832BFDE1E
:2056B800850ABFBCA9E7BF9E4D55BF8830FDBF6A3ABDBF47E393BF264578BF082E73BED58C
:2056C80066E4BEA8475ABE856613BE3AB813BDB534C2BD8C70F8BD49F23DBD0785F0BCC9E6
:2056D8009778BC8B8605BC2C6ED6BBBBA882BAFBAFCDB966000000007D6BBB11EF89BBC40A
:2056E800D417BC3735D2BC931B9BBCD3ED67BD360EFEBD857E3DBDAF725CBDDCC836BE0446
:2056F800A383BE64786CBE9AE98EBEC9A9D2BEFB04FFBF1F38DABF42AEFBBF687968BF8AEE
:20570800F2A6BFA66F00BFD16F00BFD16F00BFD16F00BFD16F00BFD16F00BFD16F00BFD18B
:20571800934BBFDA934BBFDA934BBFDA934BBFDA934BBFDA934BBFDABCD3BFCB5B42BFA68C
:205728001672BF8E443DBF736944BF4F6AFDBF2E32DFBF0F9BA6BEE43D5CBEB74AA1BE8DC4
:205738006080BE4EB87CBDE43B4FBDBC6191BD95AA65BD60F9C6BD1B6A7FBCBCD591BC2DD6
:20574800C711BBBA58F7BAFA3372B95C0000000074BCBB133F14BBC6B2EABC9847EDBD0A7A
:20575800B54ABD4FBDF9BD8DBD51BDB5C8F3BDDFA1CBBE05F1E9BE1B97E1BE7AF9B1BEA8AD
:20576800FDA0BED8DB77BF055E89BF266D48BF4A9D1FBF721C6DBF915793BFB3A661BFCD99
:20577800A661BFCDA661BFCDA661BFCDA661BFCDA661BFCDA661BFCD1801BFD71801BFD741
:205788001801BFD71801BFD71801BFD71801BFD71801BFD7F933BFAEAE68BF937992BF7C4F
:20579800414ABF5764D8BF359B3DBF15A915BEF06D48BEC2887BBE967F8DBE5FA9BDBE0827
:2057A800CCB8BDE9FE5DBDC3370DBDA0670EBD7E7A63BD42DBCBBD11C2A4BCD893C9BCA485
:2057B800F40ABC89EEF6BC8F5643BCB792CDBD00DF50BD327818BD6E98B3BD9846B2BDBD4C
:2057C8003569BDE4BF87BE066FBDBE1C3CC9BE323B25BE865CBCBEB422A7BEE55975BF0C4A
:2057D80073EBBF2DE686BF520481BF7DC1A9BF980AA6BFCA0AA6BFCA0AA6BFCA0AA6BFCA84
:2057E8000AA6BFCA0AA6BFCA0AA6BFCA0AA6BFCAC30DBFD3C30DBFD3C30DBFD3C30DBFD335
:2057F800C30DBFD3C30DBFD3C30DBFD3D9E8BFB8C821BF99F790BF824E66BF5F6A7FBF3C74
:20580800FDB5BF1B3223BEFC2C7CBECDABB4BEA0B2ABBE6F32A0BE1EBB45BE0A9E99BDF011
:20581800D2F2BDCD9168BDAD5DF6BD91DA12BD720308BD4F5A9BBD36A3ADBD2A2DCBBD2DEB
:20582800B329BD41E26DBD644D2BBD8A85DBBDA6DC5DBDC65F85BDEA9763BE086A7FBE1CCA
:20583800AF3ABE31AB75BE47AA65BE90F73CBEBE663CBEF0A066BF128FDABF34FC26BF5A89
:20584800B2ABBF83E560BFA09BD0BFC69BD0BFC69BD0BFC69BD0BFC69BD0BFC69BD0BFC65D
:205858009BD0BFC69BD0BFC69518BFD09518BFD09518BFD09518BFD09518BFD09518BFD0E8
:205868009518BFD07454BFC85BC0BFA0C212BF87E58ABF66EF0BBF42B90FBF21A344BF0321
:20587800ACC5BED7A4FDBEAAAE53BE806E98BE327510BE1FBDF9BE0D4D94BDF9469DBDDAD8
:20588800CFEABDBEFA1ABDA77232BD96D57CBD8A8256BD85AE14BD872EC7BD913E18BDA2AD
:2058980090D6BDB8DD98BDD313BEBDF3F4F1BE0ABCA9BE1D9CE0BE318DB9BE46B59EBE5B81
:2058A800AE29BE9A3C8ABEC965AABEFBA5CEBF189C0FBF3B5F1CBF635571BF89A5A4BFAA50
:2058B80057E6BFC357E6BFC357E6BFC357E6BFC357E6BFC357E6BFC357E6BFC357E6BFC3D8
:2058C8008C2ABFCD8C2ABFCD8C2ABFCD8C2ABFCD8C2ABFCD8C2ABFCD8C2ABFCD8C2ABFCDB0
:2058D800A787BFA7A0E4BF8C9EC3BF6E7397BF49CAEABF2717D7BF096B12BEE1E037BEB3B9
:2058E800ED7CBE890FE4BE46B646BE33F4B2BE2148FEBE1138DABE022B17BDEA2C3DBDD4BD
:2058F8003C60BDC31840BDB842EEBDB3B813BDB53E03BDBF1801BDCFE7ABBDE40457BDFF1E
:20590800CE9ABE0ECB92BE1F599FBE3231F9BE4629C7BE5AD220BE6F0F67BEA424C8BED37F
:20591800FF6DBF029C24BF1E862FBF424A62BF6C5350BF8F3C9FBFC03C9FBFC03C9FBFC019
:205928003C9FBFC03C9FBFC03C9FBFC03C9FBFC03C9FBFC03C9FBFC0A844BFCAA844BFCA59
:20593800A844BFCAA844BFCAA844BFCAA844BFCAA844BFCAA844BFCA2657BFB08D26BF91A2
:205948004ECFBF76EB07BF4F5E4ABF2D3BCDBF0ED6CBBEEACCCDBEBCB170BE92C7E3BE58F7
:205958009D73BE465715BE356FFCBE25A162BE16D734BE0961D0BDFE1EF7BDEE7DE9BDE313
:20596800FC7ABDDE719FBDE18EB4BDEA0514BDFA7708BE07538FBE1431E4BE23E2D6BE3310
:20597800F06FBE45B3D0BE59FA44BE6D93B4BE819D34BEADBE62BEDC4578BF089BA6BF2486
:205988004AF5BF49AAB9BF74CFABBF954AA1BFBD4AA1BFBD4AA1BFBD4AA1BFBD4AA1BFBD51
:205998004AA1BFBD4AA1BFBD4AA1BFBD4AA1BFBDE4CDBFC7E4CDBFC7E4CDBFC7E4CDBFC777
:2059A800E4CDBFC7E4CDBFC7E4CDBFC7E4CDBFC7EDA6BFBBF838BF96171ABF7E4799BF560E
:2059B800D8C3BF320015BF13F7CFBEF38794BEC52570BE9BDABABE6A4AF5BE59E282BE47DE
:2059C8006C22BE382878BE2A883CBE1D52A8BE138280BE0B56ACBE064FA0BE048256BE056C
:2059D800F40ABE0987E8BE11C2B9BE1B1C2EBE28F7E4BE3679A7BE47018EBE592507BE6C38
:2059E8002B41BE80A4FDBE8AD091BEB60179BEE66042BF0D2E5EBF2A75F7BF50BDF9BF7DC9
:2059F800D749BF9C7DFEBFBA7DFEBFBA7DFEBFBA7DFEBFBA7DFEBFBA7DFEBFBA7DFEBFBA68
:205A08007DFEBFBA7DFEBFBA44BBBFC544BBBFC544BBBFC544BBBFC544BBBFC544BBBFC584
:205A180044BBBFC544BBBFC544BBBFC5C986BF9C0ED4BF83D7F1BF5C346EBF38F584BF174C
:205A2800BA73BEFCA3C2BECDA53CBEA39EEDBE7CBB45BE6A1230BE5AA3ADBE4AAEA7BE3C57
:205A3800BB6FBE309AD4BE26FC7ABE1E0F91BE1A3516BE185571BE19BCA9BE1D0721BE2511
:205A4800227DBE2F83CFBE3BAFE2BE491A0DBE5AB6EDBE6B742ABE7E1926BE89BCD3BE9384
:205A58008CA8BEBF6556BEEF5311BF12092DBF300CDDBF5785C6BF83A440BFA7D806BFB791
:205A6800D806BFB7D806BFB7D806BFB7D806BFB7D806BFB7D806BFB7D806BFB7D806BFB77E
:205A7800C56DBFC2C56DBFC2C56DBFC2C56DBFC2C56DBFC2C56DBFC2C56DBFC2C56DBFC276
:205A8800C56DBFC22420BFA3E6DABF86CE46BF62DA27BF3DEF20BF1DD7B2BF03BC17BED8CF
:205A98006C4CBEAE8B1ABE86D513BE7B5DCCBE6B2E34BE5C8295BE4EAC32BE4213E8BE39FF
:205AA800A4BEBE3103DABE2D1C43BE2B692FBE2CC88ABE30DBF5BE379653BE41DACFBE4D5A
:205AB800F488BE5B02F3BE6C9019BE7D26ABBE880C4ABE92447CBE9CFE1EBECA65AABEFBF3
:205AC8007DD4BF18A5F8BF360FE4BF5E87FDBF88551DBFB5551DBFB5551DBFB5551DBFB591
:205AD800551DBFB5551DBFB5551DBFB5551DBFB5551DBFB5551DBFB56499BFC06499BFC052
:205AE8006499BFC06499BFC06499BFC06499BFC06499BFC06499BFC06499BFC07137BFAA29
:205AF8000F28BF8BA2C6BF69D03EBF424745BF22110ABF085921BEE085DBBEB6CAACBE8E71
:205B08001BB0BE860EBFBE7CF95DBE6CD60FBE5F43D4BE54A64CBE4AA29CBE431E8EBE3FDA
:205B180070A4BE3D7C07BE3EF2FABE42FE87BE49B3A7BE5362B7BE5F86ECBE6D3C36BE7D7C
:205B28006B3CBE87A3D7BE906DF0BE9AB5DDBEA4AFB8BED3085BBF0279D1BF1DB535BF3CD9
:205B38000D06BF650BA2BF8EF49DBFB2F49DBFB2F49DBFB2F49DBFB2F49DBFB2F49DBFB210
:205B4800F49DBFB2F49DBFB2F49DBFB2F49DBFB222E6BFBE22E6BFBE22E6BFBE22E6BFBE21
:205B580022E6BFBE22E6BFBE22E6BFBE22E6BFBE22E6BFBE110ABFB48327BF8FA82FBF6F09
:205B68000FBBBF48D3D8BF26317BBF0CDAA5BEE7FF82BEBD7DFEBE961DA8BE8EF99CBE856D
:205B78009A95BE7D2364BE70ECEABE64A882BE5BD163BE54678CBE50DE55BE4E2B41BE50B3
:205B88006888BE543FA7BE5BD552BE64941DBE7061D0BE7EF694BE86822CBE8FF473BE98E1
:205B98008390BEA2FD4CBEAC9CB7BEDB41B3BF064D2BBF223593BF42C63FBF6CE32ABF9371
:205BA800B631BFB0B631BFB0B631BFB0B631BFB0B631BFB0B631BFB0B631BFB0B631BFB02D
:205BB800B631BFB0B631BFB0FD0DBFBBFD0DBFBBFD0DBFBBFD0DBFBBFD0DBFBBFD0DBFBB09
:205BC800FD0DBFBBFD0DBFBBFD0DBFBBFD0DBFBB5B6CBF94FAECBF755F9ABF4D2F45BF2B16
:205BD800FB6ABF0F6167BEEF6ABEBEC5147BBE9EA07BBE95BA0ABE8D91A7BE860D1BBE8010
:205BE80027E5BE752268BE6C55C5BE651B1EBE618F47BE5FE6B0BE60197ABE65154DBE6C2C
:205BF800768ABE7575F7BE805CD1BE872BAABE8FC1BEBE97F3CBBEA0BC94BEAAF0D8BEB43A
:205C0800FA6EBEE390ACBF0ADD05BF26BC7FBF47EDFABF7315B5BF9B97E1BFAE97E1BFAE5F
:205C180097E1BFAE97E1BFAE97E1BFAE97E1BFAE97E1BFAE97E1BFAE97E1BFAE97E1BFAE44
:205C2800F45EBFB9F45EBFB9F45EBFB9F45EBFB9F45EBFB9F45EBFB9F45EBFB9F45EBFB90C
:205C3800F45EBFB9F45EBFB97ACCBF9991D1BF7C6762BF52A2F0BF2FBC2CBF1392F7BEF62C
:205C4800F727BECB9C8DBEA5273DBE9D3261BE952AC3BE8EB741BE87378BBE82CA97BE7B52
:205C58003CDEBE750A13BE71B54ABE6FFF97BE7049F9BE7530D3BE7CB94EBE827BDDBE880C
:205C680052FCBE8F0111BE977B9EBE9F826BBEA86BF8BEB2E1C6BEBC55EFBEEBADD6BF0E20
:205C78008BACBF2B844DBF4D9E06BF7B970FBFAC970FBFAC970FBFAC970FBFAC970FBFACDB
:205C8800970FBFAC970FBFAC970FBFAC970FBFAC970FBFAC970FBFAC07DDBFB807DDBFB8E0
:205C980007DDBFB807DDBFB807DDBFB807DDBFB807DDBFB807DDBFB807DDBFB807DDBFB814
:205CA800A0BABF9E7D18BF8178FFBF57E8BCBF33991CBF177343BEFDDCB1BED2B146BEACB3
:205CB80026FEBEA49AFEBE9C6042BE951BEFBE8FDF11BE8962E1BE8538DABE823EEABE8093
:205CC800290BBE7F624EBE80680ABE82D24ABE8586D7BE8A46C7BE90EEB7BE96D139BE9EED
:205CD8002863BEA74578BEB00E41BEBA039BBEC418FCBEF38D65BF1246C7BF30B4B7BF52AA
:205CE800DE6ABF81B50BBFAAB50BBFAAB50BBFAAB50BBFAAB50BBFAAB50BBFAAB50BBFAAF5
:205CF800B50BBFAAB50BBFAAB50BBFAAB50BBFAA339CBFB6339CBFB6339CBFB6339CBFB6D8
:205D0800339CBFB6339CBFB6339CBFB6339CBFB6339CBFB6339CBFB668C7BFA50FA6BF8557
:205D180071B4BF5CE719BF372B56BF1B3055BF0291BCBED9775CBEB315B5BEAB9D5EBEA3DD
:205D280089F4BE9C57FBBE961F0CBE91CF6CBE8CA954BE89B891BE870F7CBE87DE94BE8786
:205D3800F2BBBE895F9ABE8DE4F7BE91C30DBE977D56BE9E2F5ABEA6924FBEAE8D50BEB709
:205D48006F00BEC1A9D2BECB8199BEFA9EC3BF16D35BBF34D068BF58F117BF85ED3EBFA8F3
:205D5800ED3EBFA8ED3EBFA8ED3EBFA8ED3EBFA8ED3EBFA8ED3EBFA8ED3EBFA8ED3EBFA89B
:205D6800ED3EBFA8ED3EBFA87842BFB47842BFB47842BFB47842BFB47842BFB47842BFB4E9
:205D78007842BFB47842BFB47842BFB47842BFB458E2BFAF725CBF885E9EBF6113FDBF3C73
:205D8800D677BF1E7F0FBF053AFBBEE007B3BEBADD1ABEB158F7BEAA721DBEA33459BE9D85
:205D9800201DBE98ED52BE93D6F5BE90EA21BE8E4CD7BE8E212DBE8F37F4BE91B5DDBE94F0
:205DA800320EBE99ECC0BE9E974EBEA54802BEADB036BEB5BAF1BEBE7A8DBEC8D0E5BED2ED
:205DB800172FBF019D1FBF1A3B3ABF39B702BF5E8D65BF8A3FFBBFA73FFBBFA73FFBBFA7D2
:205DC8003FFBBFA73FFBBFA73FFBBFA73FFBBFA73FFBBFA73FFBBFA73FFBBFA73FFBBFA7BB
:205DD800D42CBFB2D42CBFB2D42CBFB2D42CBFB2D42CBFB2D42CBFB2D42CBFB2D42CBFB223
:205DE800D42CBFB2D42CBFB2D42CBFB2D36FBF8B9E1BBF66FA59BF40760CBF23E98EBF09E9
:205DF8000664BEEA8C3FBEC06834BEB8C88ABEB010E0BEAA0A28BEA4D917BE9ED6CBBE9A2D
:205E0800B741BE97E4A4BE954DE8BE9517C2BE96476FBE98C409BE9B663CBEA0FEDABEA530
:205E1800CB7DBEAC1206BEB4B535BEBCC91DBEC59874BECF984ABED969ADBF06216CBF2008
:205E2800342FBF3FBA0ABF656C76BF90ACEFBFA5ACEFBFA5ACEFBFA5ACEFBFA5ACEFBFA5E5
:205E3800ACEFBFA5ACEFBFA5ACEFBFA5ACEFBFA5ACEFBFA5ACEFBFA5475ABFB1475ABFB12E
:205E4800475ABFB1475ABFB1475ABFB1475ABFB1475ABFB1475ABFB1475ABFB1475ABFB1B2
:205E5800475ABFB1FBBDBF8F7803BF6BFF43BF440ED4BF27475ABF0DFAC2BEEFB65BBEC6F6
:205E6800A359BEBE4E66BEB75FAFBEB09542BEAA7929BEA56723BEA169ADBE9EA57ABE9CE5
:205E7800100EBE9C0679BE9D227DBE9F9B28BEA221D5BEA7C101BEAC7DE9BEB3F252BEBA7F
:205E8800760CBEC38366BECC2A1BBED6A3D7BEE0BB06BF09E814BF23DCF0BF43EAB3BF6B97
:205E98002CF9BF9730D3BFA430D3BFA430D3BFA430D3BFA430D3BFA430D3BFA430D3BFA4A5
:205EA80030D3BFA430D3BFA430D3BFA430D3BFA4CFD5BFAFCFD5BFAFCFD5BFAFCFD5BFAFFA
:205EB800CFD5BFAFCFD5BFAFCFD5BFAFCFD5BFAFCFD5BFAFCFD5BFAFCFD5BFAFE32ABF93ED
:205EC8004F4CBF7000E7BF49415FBF2A1451BF10F84DBEF51CC1BECDDA90BEC47F0FBEBDEF
:205ED800C4C6BEB6CF18BEB0C6A8BEABD417BEA7E8FBBEA43B10BEA39B28BEA2A92ABEA3E8
:205EE800C7CEBEA52104BEA9D1A2BEAD6263BEB30F91BEBAB1D9BEC1F2BBBEC917ADBED358
:205EF800FFEBBEDCE58ABEE62BD4BF0DA8D6BF274AB6BF48656BBF72CBFBBFA2CBFBBFA26E
:205F0800CBFBBFA2CBFBBFA2CBFBBFA2CBFBBFA2CBFBBFA2CBFBBFA2CBFBBFA2CBFBBFA241
:205F1800CBFBBFA2CBFBBFA26CA0BFAE6CA0BFAE6CA0BFAE6CA0BFAE6CA0BFAE6CA0BFAE45
:205F28006CA0BFAE6CA0BFAE6CA0BFAE6CA0BFAE6CA0BFAE2D38BF98DC1EBF75249EBF4D44
:205F3800AEE6BF2D5009BF13D513BEFBCF96BED2B756BECA57E6BEC3D20BBEBCE6DABEB62A
:205F4800F0C3BEB11DA8BEAE367ABEAB8740BEA913E8BEA9E061BEA93611BEACAEBCBEAF0D
:205F58003569BEB4E061BEB97DD4BEC01ADFBEC85A71BED0B90FBED957E6BEE39E84BEEDB0
:205F6800BE0EBF1044E5BF2BF377BF4C8CE7BF787B20BFA17B20BFA17B20BFA17B20BFA160
:205F78007B20BFA17B20BFA17B20BFA17B20BFA17B20BFA17B20BFA17B20BFA17B20BFA131
:205F88001D69BFAD1D69BFAD1D69BFAD1D69BFAD1D69BFAD1D69BFAD1D69BFAD1D69BFAD69
:205F98001D69BFAD1D69BFAD1D69BFAD85F0BF9D0015BF7BFE48BF50CE70BF3022E6BF1694
:205FA800D068BF00C155BED8A138BED03DD9BEC9BBEDBEC2D9E8BEBCF62BBEB72310BEB494
:205FB8004CECBEB1B69ABEAF227DBEAF346EBEB06FE7BEB2D788BEB5708FBEBA385CBEC028
:205FC800C765BEC65C92BECEA401BED69724BEDF5960BEE99431BEF3EAB3BF132DA1BF2FFD
:205FD80035FCBF5123CDBF7F3E96BFA03E96BFA03E96BFA03E96BFA03E96BFA03E96BFA008
:205FE8003E96BFA03E96BFA03E96BFA03E96BFA03E96BFA03E96BFA0DF3BBFABDF3BBFAB5F
:205FF800DF3BBFABDF3BBFABDF3BBFABDF3BBFABDF3BBFABDF3BBFABDF3BBFABDF3BBFAB69
:20600800DF3BBFAB1245BFA52F83BF806541BF54F877BF330C0BBF195F1CBF031EF7BEDE51
:206018002E0ABED6FF19BECE7D2CBEC8A455BEC2D2F2BEBD0126BEBA3040BEB7A9A8BEB5C9
:206028002696BEB51F9FBEB687A9BEB8D124BEBB8073BEC030A9BEC6E704BECC3FE6BED4E9
:20603800B3E5BEDCE743BEE5E868BEEFB670BEF93F53BF178241BF32C5D6BF5533DBBF8354
:206048001466BF9F1466BF9F1466BF9F1466BF9F1466BF9F1466BF9F1466BF9F1466BF9F78
:206058001466BF9F1466BF9F1466BF9F1466BF9FB218BFAAB218BFAAB218BFAAB218BFAAFC
:20606800B218BFAAB218BFAAB218BFAAB218BFAAB218BFAAB218BFAAB218BFAAB218BFAA80
:20607800FC26BF82769FBF5808EEBF37B98CBF1B0371BF06BA34BEE3C409BEDB5F5BBED4F4
:20608800E15DBECD476FBEC885C6BEC3B00CBEBFF80EBEBC7176BEBBF252BEBA2CE4BEBCC8
:206098006AFDBEBED53DBEC16517BEC6FDB5BECBDCB1BED264C3BEDAD624BEE29F56BEEB25
:2060A800A858BEF5B2ABBEFF0F91BF1A8145BF365B96BF5A2181BF87FB40BF9DFB40BF9DB7
:2060B800FB40BF9DFB40BF9DFB40BF9DFB40BF9DFB40BF9DFB40BF9DFB40BF9DFB40BF9D10
:2060C800FB40BF9DFB40BF9D95ABBFA995ABBFA995ABBFA995ABBFA995ABBFA995ABBFA99A
:2060D80095ABBFA995ABBFA995ABBFA995ABBFA995ABBFA995ABBFA9883CBF852507BF5C69
:2060E8003B79BF3AAB36BF1EC155BF08F473BEE8FA59BEE0FBE7BED963B2BED3BDF9BECDF2
:2060F8000ABBBEC93650BEC58A1EBEC20CB3BEC1B8D0BEC0D29EBEC11355BEC4A8D6BEC7EB
:20610800193BBECCD53DBED1A71EBED82603BEE0A090BEE8D14EBEF159DEBEFB0F28BF0349
:20611800A512BF1D070CBF3AE4E2BF5E689DBF8BF180BF9CF180BF9CF180BF9CF180BF9C66
:20612800F180BF9CF180BF9CF180BF9CF180BF9CF180BF9CF180BF9CF180BF9CF180BF9CF7
:206138008605BFA88605BFA88605BFA88605BFA88605BFA88605BFA88605BFA88605BFA8B7
:206148008605BFA88605BFA88605BFA88605BFA81149BF89335DBF61AFCDBF3EC908BF22F2
:20615800BC6ABF0CC875BEED41B3BEE6D3D8BEDE7A8DBED807F2BED36320BECEA64CBECABF
:20616800FF58BEC789CABEC64452BEC66C8BBEC7BE4DBEC90FA6BECDD53DBED17D95BED7B4
:206178001EF7BEDEBAB2BEE56080BEEE9BBBBEF76D72BF00CC64BF058199BF22598ABF3F42
:206188002BD4BF654318BF91F77BBF9BF77BBF9BF77BBF9BF77BBF9BF77BBF9BF77BBF9B61
:20619800F77BBF9BF77BBF9BF77BBF9BF77BBF9BF77BBF9BF77BBF9B8573BFA78573BFA763
:2061A8008573BFA78573BFA78573BFA78573BFA78573BFA78573BFA78573BFA78573BFA7E7
:2061B8008573BFA78573BFA7B2FFBF8BC597BF644467BF416A16BF2551ADBF0F0BE1BEF319
:2061C8000F28BEEBDC48BEE3A273BEDD22BCBED88DA4BED3E47ABECF5BABBECDDA51BECBFC
:2061D800938ABECBC4F0BECC290BBECFB40FBED260BFBED7F56FBEDC760CBEE355EFBEEBED
:2061E8008DA4BEF3FE9BBEFC4CC2BF03ABB4BF08AAF8BF2582E8BF42F601BF6907F2BF9B09
:2061F80007F2BF9B07F2BF9B07F2BF9B07F2BF9B07F2BF9B07F2BF9B07F2BF9B07F2BF9BEF
:2062080007F2BF9B07F2BF9B07F2BF9B07F2BF9B9153BFA69153BFA69153BFA69153BFA606
:206218009153BFA69153BFA69153BFA69153BFA69153BFA69153BFA69153BFA69153BFA61E
:2062280051ADBF8F9614BF68710DBF44B54ABF279CE0BF11F23DBEF70BCCBEF017D7BEE989
:20623800862FBEE24563BEDD8659BED8F377BED47E52BED20CB3BED18BD6BED10AFABED20B
:206248006499BED4EBAFBED78217BEDC7525BEE2E9F7BEE870B9BEF02E1FBEF9172FBF01A4
:206258003E6CBF0687BEBF0B3127BF284CD7BF46DFA4BF6E24DDBF9A24DDBF9A24DDBF9A83
:2062680024DDBF9A24DDBF9A24DDBF9A24DDBF9A24DDBF9A24DDBF9A24DDBF9A24DDBF9A46
:2062780024DDBF9A24DDBF9AA805BFA5A805BFA5A805BFA5A805BFA5A805BFA5A805BFA5EC
:20628800A805BFA5A805BFA5A805BFA5A805BFA5A805BFA5A805BFA5CE9ABF92AA11BF6CF1
:206298003776BF4775CDBF2A12AEBF14692FBEFCD014BEF4A123BEED707ABEE7FF2EBEE1C3
:2062A800859DBEDDCE07BED9674DBED71134BED69596BED619F8BED79C39BED9273DBEDDBB
:2062B800A60DBEE17EE5BEE76320BEEEC67EBEF56AFDBEFEB59EBF03B4E1BF08108CBF0E49
:2062C8009820BF2B85F0BF493809BF744C98BF994C98BF994C98BF994C98BF994C98BF99F7
:2062D8004C98BF994C98BF994C98BF994C98BF994C98BF994C98BF994C98BF994C98BF99C6
:2062E800C9DABFA4C9DABFA4C9DABFA4C9DABFA4C9DABFA4C9DABFA4C9DABFA4C9DABFA466
:2062F800C9DABFA4C9DABFA4C9DABFA4C9DABFA47E52BF9648BFBF70FE87BF49C3A0BF2C38
:20630800A20ABF16AB0DBF0052D2BEF98A1EBEF228F6BEECC0D7BEE65311BEE2ADD6BEDE24
:2063180052E7BEDCF8DFBEDA923ABEDB2A45BEDC8145BEDE2BBFBEE2D091BEE66BCFBEECE0
:206328003DB0BEF309EABEFBD3EDBF01540DBF0646DCBF0BABB4BF10464ABF2E5F9ABF4DC9
:206338006BBABF797D80BF987D80BF987D80BF987D80BF987D80BF987D80BF987D80BF989C
:206348007D80BF987D80BF987D80BF987D80BF987D80BF987D80BF98F2E5BFA3F2E5BFA3CB
:20635800F2E5BFA3F2E5BFA3F2E5BFA3F2E5BFA3F2E5BFA3F2E5BFA3F2E5BFA3F2E5BFA35D
:20636800F2E5BFA3F2E5BFA3A3ECBF9B039BBF74ECEABF4C212DBF2FB828BF18B55FBF0240
:20637800D053BEFD0E2CBEF7AE53BEF05350BEEBED67BEE65936BEE30386BEE1B7E9BEDFB0
:206388004189BEE0C9DABEE067A1BEE3FA83BEE68BACBEEB522ABEF14F4CBEF8DDECBEFFA0
:206398005975BF04D994BF08CC64BF0D5009BF130CB3BF31E219BF50BAF1BF7EB4F6BF9758
:2063A800B4F6BF97B4F6BF97B4F6BF97B4F6BF97B4F6BF97B4F6BF97B4F6BF97B4F6BF97D5
:2063B800B4F6BF97B4F6BF97B4F6BF97B4F6BF972570BFA32570BFA32570BFA32570BFA3E9
:2063C8002570BFA32570BFA32570BFA32570BFA32570BFA32570BFA32570BFA32570BFA3FD
:2063D800EBD9BFA12752BF78B69ABF4F945BBF31CBA7BF1AF6BEBF040E02BF01606BBEFB7E
:2063E80038EFBEF5E08BBEEF8BACBEEB09D5BEE8B574BEE55F5BBEE4F228BEE48644BEE5EE
:2063F80037B5BEE8CBE6BEEB8462BEF0555CBEF62F1BBEFD7A63BF0291A7BF06721DBF0BA7
:206408007D2CBF10C098BF15EC03BF337AE1BF541DFCBF82F252BF96F252BF96F252BF965C
:20641800F252BF96F252BF96F252BF96F252BF96F252BF96F252BF96F252BF96F252BF969C
:20642800F252BF96F252BF965E35BFA25E35BFA25E35BFA25E35BFA25E35BFA25E35BFA26A
:206438005E35BFA25E35BFA25E35BFA25E35BFA25E35BFA25E35BFA25E35BFA200FCBF7C61
:2064480095EABF52EEA2BF33EE39BF1C0457BF073A69BF03B2ABBEFF906DBEF94135BEF4A4
:20645800F6D3BEEF84B6BEEC2C67BEEAE9F7BEE88F1DBEE93593BEEAC3A0BEEC9FE8BEF004
:206468000DAEBEF52E9DBEFB0ABBBF01E11EBF04335DBF09EB31BF0D1855BF138701BF18FD
:20647800E6DABF36294ABF584120BF853593BF963593BF963593BF963593BF963593BF968F
:206488003593BF963593BF963593BF963593BF963593BF963593BF963593BF963593BF960C
:206498009D34BFA19D34BFA19D34BFA19D34BFA19D34BFA19D34BFA19D34BFA19D34BFA15C
:2064A8009D34BFA19D34BFA19D34BFA19D34BFA1367ABF9F57D1BF802EB2BF5662B7BF3797
:2064B800D456BF2045B7BF097F0FBF050514BF02B76BBEFD9F41BEF8284EBEF4C88ABEF030
:2064C8008683BEEE590CBEED08AFBEEEBAF1BEEE743FBEF10093BEF5D495BEF9AC1DBEFFE7
:2064D8004635BF031FDEBF07A344BF0B5E5FBF104802BF15DB62BF1ADF8FBF3B93C9BF5C54
:2064E8004AA1BF897ACCBF957ACCBF957ACCBF957ACCBF957ACCBF957ACCBF957ACCBF952B
:2064F8007ACCBF957ACCBF957ACCBF957ACCBF957ACCBF957ACCBF95E0CABFA0E0CABFA0D6
:20650800E0CABFA0E0CABFA0E0CABFA0E0CABFA0E0CABFA0E0CABFA0E0CABFA0E0CABFA02B
:20651800E0CABFA0E0CABFA0E0CABFA05A47BF821149BF5997A2BF3918FCBF23404FBF0B74
:206528005793BF07F9C6BF03EF35BF00BFB1BEFC61A6BEF80DAEBEF5E0A0BEF2AC9BBEF1C4
:206538006BF8BEF22B56BEF3AD97BEF5A2C6BEF9646FBEFE339CBF0284F5BF05743FBF0911
:20654800DC1EBF0D77C4BF12C116BF177343BF1D0E95BF3E769FBF60259ABF8DC2F8BF9436
:20655800C2F8BF94C2F8BF94C2F8BF94C2F8BF94C2F8BF94C2F8BF94C2F8BF94C2F8BF94BB
:20656800C2F8BF94C2F8BF94C2F8BF94C2F8BF9428F6BFA028F6BFA028F6BFA028F6BFA0EB
:2065780028F6BFA028F6BFA028F6BFA028F6BFA028F6BFA028F6BFA028F6BFA028F6BFA01B
:2065880028F6BFA01B86BF846E2FBF5B1DD2BF3CAAB9BF243E2DBF0D8698BF090D45BF0677
:2065980002B4BF036445BF0063F1BEFC2104BEF90260BEF7D8D8BEF5B11CBEF68961BEF77F
:2065A8002489BEFAC9C5BEFD5E9EBF013DEEBF04D60FBF07E0DFBF0B20C5BF10CF6CBF1485
:2065B8005311BF1A8CA8BF1F6095BF4143D4BF642F1BBF910CC8BF940CC8BF940CC8BF9436
:2065C8000CC8BF940CC8BF940CC8BF940CC8BF940CC8BF940CC8BF940CC8BF940CC8BF947B
:2065D8000CC8BF940CC8BF947415BF9F7415BF9F7415BF9F7415BF9F7415BF9F7415BF9FEB
:2065E8007415BF9F7415BF9F7415BF9F7415BF9F7415BF9F7415BF9F7415BF9F8D11BF865F
:2065F8008295BF5E1523BF3E0B8DBF271412BF0F6ED6BF0B07DDBF08FD4CBF046224BF029C
:2066080035BDBF002F1BBEFD035CBEFBED7CBEF9C5C1BEFA9E06BEFB646FBEFE1A76BF010A
:206618008A5DBF038295BF060275BF0A108CBF0E77C4BF120AE5BF179E45BF1CE109BF21DB
:20662800B4F6BF4351ADBF67598ABF93598ABF93598ABF93598ABF93598ABF93598ABF9344
:20663800598ABF93598ABF93598ABF93598ABF93598ABF93598ABF93598ABF93598ABF939A
:20664800C27ABF9EC27ABF9EC27ABF9EC27ABF9EC27ABF9EC27ABF9EC27ABF9EC27ABF9E6A
:20665800C27ABF9EC27ABF9EC27ABF9EC27ABF9EC27ABF9E801FBF88FBA9BF60E47ABF3F20
:20666800AC5CBF280B63BF1131BABF0DE3A8BF09DBB6BF0643D4BF041AB5BF02A1E0BF00DB
:2066780005A7BEFFF506BEFDC17FBEFE8CA8BEFF335DBF0111C7BF039A95BF05ABB4BF08F3
:206688001F21BF0C1451BF10AD58BF14465FBF19E2EBBF1E3E96BF241BB0BF469431BF6B3E
:20669800A7F0BF92A7F0BF92A7F0BF92A7F0BF92A7F0BF92A7F0BF92A7F0BF92A7F0BF92A2
:2066A800A7F0BF92A7F0BF92A7F0BF92A7F0BF92A7F0BF92A7F0BF921577BF9E1577BF9E90
:2066B8001577BF9E1577BF9E1577BF9E1577BF9E1577BF9E1577BF9E1577BF9E1577BF9E7A
:2066C8001577BF9E1577BF9E1577BF9E41F2BF8B5F1CBF63EB85BF416F3FBF2AEA74BF12A7
:2066D8000457BF0FC212BF0BBE0EBF0828CCBF0602F3BF0480F1BF0276DEBF01F27CBF0064
:2066E8006DB1BF01E98EBF0133DBBF032B2CBF05AACEBF0799D9BF0A32A0BF0E5658BF12FB
:2066F800B463BF168E4CBF1B2791BF217D56BF26FB01BF48C116BF6FF7A5BF91F7A5BF91B2
:20670800F7A5BF91F7A5BF91F7A5BF91F7A5BF91F7A5BF91F7A5BF91F7A5BF91F7A5BF9111
:20671800F7A5BF91F7A5BF91F7A5BF91F7A5BF916BBABF9D6BBABF9D6BBABF9D6BBABF9DAD
:206728006BBABF9D6BBABF9D6BBABF9D6BBABF9D6BBABF9D6BBABF9D6BBABF9D6BBABF9D49
:206738006BBABF9D8EC9BF8DD24ABF6561FABF44577EBF2CC8DEBF14E022BF10859DBF0D87
:206748008A1EBF0A0DC3BF08EDD0BF0562A2BF045BD5BF03E0A0BF025936BF03D46BBF035C
:2067580037A0BF05266CBF07A2C6BF09AA11BF0C5879BF104135BF14CDC8BF18E2ACBF1DB9
:206768002E9DBF239FE8BF2830D3BF4C3B10BF734952BF914952BF914952BF914952BF91BF
:206778004952BF914952BF914952BF914952BF914952BF914952BF914952BF914952BF91A9
:206788004952BF914952BF91C4F0BF9CC4F0BF9CC4F0BF9CC4F0BF9CC4F0BF9CC4F0BF9CC1
:20679800C4F0BF9CC4F0BF9CC4F0BF9CC4F0BF9CC4F0BF9CC4F0BF9CC4F0BF9CCB92BF8FCD
:2067A8005532BF686BA5BF463C75BF2E703BBF16CBA7BF124BC7BF0F65E9BF0CD734BF09E1
:2067B800BA88BF07353FBF062E73BF05B5DDBF043AE7BF05BFF0BF051C97BF072104BF0908
:2067C80096D1BF0B9B7CBF0E6224BF12670EBF16FA2FBF1ACD8ABF1F1A22BF2506A3BF2B11
:2067D800EE0FBF4EAB36BF769DF1BF909DF1BF909DF1BF909DF1BF909DF1BF909DF1BF9053
:2067E8009DF1BF909DF1BF909DF1BF909DF1BF909DF1BF909DF1BF909DF1BF909DF1BF90A9
:2067F8002118BF9C2118BF9C2118BF9C2118BF9C2118BF9C2118BF9C2118BF9C2118BF9CE1
:206808002118BF9C2118BF9C2118BF9C2118BF9C2118BF9C3919BF93E426BF6B797DBF49B6
:20681800EA60BF2F1798BF18855EBF14244ABF11108CBF0E8130BF0B89DFBF090A7CBF084D
:206828000457BF078BC1BF0606F7BF07861ABF070236BF09FF6DBF0A8EC9BF0D8CE7BF105B
:20683800193BBF145293BF18EE39BF1CF9F0BF2180DCBF278CD2BF2D1D15BF511FC9BF7CA1
:20684800F584BF8FF584BF8FF584BF8FF584BF8FF584BF8FF584BF8FF584BF8FF584BF8FF8
:20685800F584BF8FF584BF8FF584BF8FF584BF8FF584BF8FF584BF8F8088BF9B8088BF9BB2
:206868008088BF9B8088BF9B8088BF9B8088BF9B8088BF9B8088BF9B8088BF9B8088BF9B00
:206878008088BF9B8088BF9B8088BF9B3593BF968295BF6E17ADBF4B7B74BF31C23BBF19F7
:20688800108CBF16B8A6BF12D6B6BF0F4DE8BF0D3A69BF0BC194BF09C73BBF0851ECBF089E
:20689800D3AEBF08522ABF09E72EBF0ADE7FBF0C674DBF0F8199BF120AA6BF1643FEBF1A42
:2068A800D3D8BF1EFA6EBF23815ABF294C6EBF2F2A06BF5363F1BF804EBABF8F4EBABF8F12
:2068B8004EBABF8F4EBABF8F4EBABF8F4EBABF8F4EBABF8F4EBABF8F4EBABF8F4EBABF8F10
:2068C8004EBABF8F4EBABF8F4EBABF8F4EBABF8FE48FBF9AE48FBF9AE48FBF9AE48FBF9A28
:2068D800E48FBF9AE48FBF9AE48FBF9AE48FBF9AE48FBF9AE48FBF9AE48FBF9AE48FBF9A40
:2068E800E48FBF9A9A2CBF9ADA3CBF7005D1BF4D44E5BF33A3ECBF1BCA43BF175CBCBF142C
:2068F8006873BF11FE72BF0EEE39BF0C7803BF0B8438BF0A1DFCBF0A9FBEBF0A2181BF0B68
:20690800AD58BF0CBD90BF0E5E9EBF1156D6BF14FC11BF173223BF1CFC50BF2026D5BF269C
:206918008EF3BF2B8E75BF310371BF56FC26BF82AAE3BF8EAAE3BF8EAAE3BF8EAAE3BF8EAD
:20692800AAE3BF8EAAE3BF8EAAE3BF8EAAE3BF8EAAE3BF8EAAE3BF8EAAE3BF8EAAE3BF8E7F
:20693800AAE3BF8EAAE3BF8E49E4BF9A49E4BF9A49E4BF9A49E4BF9A49E4BF9A49E4BF9A67
:2069480049E4BF9A49E4BF9A49E4BF9A49E4BF9A49E4BF9A49E4BF9A49E4BF9A49E4BF9AFF
:2069580081D8BF732863BF4F306ABF3516DBBF1D652CBF19108CBF1615B5BF13902EBF109D
:20696800A162BF0E31BABF0D2B95BF0CCE85BF0B62A2BF0CF766BF0C7382BF0E8073BF1065
:206978001B9BBF134B88BF16D14EBF193F14BF1EE7D5BF22D75EBF279946BF2D9EAEBF33E7
:20698800F51BBF58F0D8BF840A52BF8E0A52BF8E0A52BF8E0A52BF8E0A52BF8E0A52BF8EC7
:206998000A52BF8E0A52BF8E0A52BF8E0A52BF8E0A52BF8E0A52BF8E0A52BF8E0A52BF8E97
:2069A800B424BF99B424BF99B424BF99B424BF99B424BF99B424BF99B424BF99B424BF994F
:2069B800B424BF99B424BF99B424BF99B424BF99B424BF99B424BF99C67EBF752F6FBF5179
:2069C800A5F8BF36AE7DBF1EF6E8BF1ABB30BF17A42BBF142489BF123665BF10CCA3BF0ED7
:2069D800D591BF0D7F0FBF0D0D45BF0E9EC3BF0E3C4BBF1040B8BF12DBE0BF14240BBF1813
:2069E800A733BF1B11B2BF208605BF24007EBF2AD75EBF2FC487BF35FFACBF5B0A3DBF87B0
:2069F8006B12BF8D6B12BF8D6B12BF8D6B12BF8D6B12BF8D6B12BF8D6B12BF8D6B12BF8D37
:206A08006B12BF8D6B12BF8D6B12BF8D6B12BF8D6B12BF8D6B12BF8D2157BF992157BF9918
:206A18002157BF992157BF992157BF992157BF992157BF992157BF992157BF992157BF99DE
:206A28002157BF992157BF992157BF992157BF990B24BF788049BF521B86BF3833C6BF205E
:206A38008217BF1C11F1BF1954B5BF16B646BF13CE07BF11678CBF106D33BF0F1412BF0F7B
:206A4800B15BBF0F4F4CBF10E6EFBF11E76DBF13B7AABF16DDC2BF197C70BF1DE796BF214D
:206A5800742ABF260D6FBF2C5FEEBF317E3DBF37A07BBF5DD0BBBF8CD0BBBF8CD0BBBF8C8D
:206A6800D0BBBF8CD0BBBF8CD0BBBF8CD0BBBF8CD0BBBF8CD0BBBF8CD0BBBF8CD0BBBF8C5E
:206A7800D0BBBF8CD0BBBF8CD0BBBF8CD0BBBF8C902EBF98902EBF98902EBF98902EBF9852
:206A8800902EBF98902EBF98902EBF98902EBF98902EBF98902EBF98902EBF98902EBF9846
:206A9800902EBF98902EBF98F102BF7AA969BF54E83EBF39DB23BF2113D3BF1EA3ADBF1A7B
:206AA800AEBCBF174AA1BF1565AABF13E6EFBF11081CBF11BE0EBF104F8BBF11E061BF11FF
:206AB8001855BF13AAF8BF155879BF187BF2BF1B583ABF1FBCD3BF236595BF28D053BF2D49
:206AC80066F9BF330126BF3AD068BF603958BF8C3958BF8C3958BF8C3958BF8C3958BF8C9A
:206AD8003958BF8C3958BF8C3958BF8C3958BF8C3958BF8C3958BF8C3958BF8C3958BF8CBE
:206AE8003958BF8C3958BF8C01F7BF9801F7BF9801F7BF9801F7BF9801F7BF9801F7BF98FC
:206AF80001F7BF9801F7BF9801F7BF9801F7BF9801F7BF9801F7BF9801F7BF9801F7BF9806
:206B0800BD12BF7CF6FDBF552618BF3B18FCBF2364AEBF1F3569BF1C21ABBF19C41EBF166A
:206B1800E1C6BF1481D8BF1393F3BF124FCABF12F05ABF128E4CBF133B4FBF146DDBBF1735
:206B280018BDBF1A57BCBF1D2AD8BF2192B8BF253832BF2A77AFBF2F9360BF35CD36BF3B55
:206B3800C558BF63A344BF8BA344BF8BA344BF8BA344BF8BA344BF8BA344BF8BA344BF8BA7
:206B4800A344BF8BA344BF8BA344BF8BA344BF8BA344BF8BA344BF8BA344BF8BA344BF8BA5
:206B58007708BF977708BF977708BF977708BF977708BF977708BF977708BF977708BF9775
:206B68007708BF977708BF977708BF977708BF977708BF977708BF974381BF807397BF59EA
:206B7800BB1BBF3CAAB9BF24DD83BF20AAF8BF1D9A80BF1A3CF3BF185DE1BF160093BF15B6
:206B88001F21BF14C89FBF1375A3BF1425EEBF15C6BDBF16F66ABF18B98CBF1BF545BF1E0A
:206B9800E48FBF222DA1BF270D6FBF2C3166BF31A97EBF376E05BF3DDB77BF65121BBF8B6E
:206BA800121BBF8B121BBF8B121BBF8B121BBF8B121BBF8B121BBF8B121BBF8B121BBF8B15
:206BB800121BBF8B121BBF8B121BBF8B121BBF8B121BBF8B121BBF8BEF0BBF96EF0BBF9655
:206BC800EF0BBF96EF0BBF96EF0BBF96EF0BBF96EF0BBF96EF0BBF96EF0BBF96EF0BBF9635
:206BD800EF0BBF96EF0BBF96EF0BBF96EF0BBF96A858BF81A8EBBF5A4F76BF3E3C75BF261D
:206BE80053B9BF22FBD2BF1E100EBF1CB5C8BF19D9FDBF17833CBF1697F6BF155476BF1569
:206BF8000419BF16B7AABF165293BF189A80BF1A5DA2BF1D96BCBF2063F1BF24E758BF283D
:206C0800C726BF2D22D1BF335A08BF399A6BBF3F5571BF698438BF8A8438BF8A8438BF8A54
:206C18008438BF8A8438BF8A8438BF8A8438BF8A8438BF8A8438BF8A8438BF8A8438BF8A34
:206C28008438BF8A8438BF8A8438BF8A8438BF8A6A55BF966A55BF966A55BF966A55BF96E8
:206C38006A55BF966A55BF966A55BF966A55BF966A55BF966A55BF966A55BF966A55BF969C
:206C48006A55BF966A55BF96BE8CBF823761BF5C598ABF3F6556BF27C947BF23403ABF20F9
:206C5800859DBF1D126FBF1B39EBBF19E32ABF17079EBF17CA04BF167708BF172752BF1821
:206C6800DDC2BF192268BF1CE2EBBF1E53B9BF220179BF268241BF2A7E3DBF2FDC87BF348F
:206C78001705BF3BC971BF412DF5BF6BF8F4BF89F8F4BF89F8F4BF89F8F4BF89F8F4BF895C
:206C8800F8F4BF89F8F4BF89F8F4BF89F8F4BF89F8F4BF89F8F4BF89F8F4BF89F8F4BF894C
:206C9800F8F4BF89F8F4BF89E6EFBF95E6EFBF95E6EFBF95E6EFBF95E6EFBF95E6EFBF957E
:206CA800E6EFBF95E6EFBF95E6EFBF95E6EFBF95E6EFBF95E6EFBF95E6EFBF95E6EFBF9584
:206CB80057D1BF843E6CBF5E0386BF41B2EABF282008BF25B5C8BF21E2EBBF1E8BEBBF1C1A
:206CC800B607BF1A465FBF1974A7BF1839ACBF18E9F7BF18999ABF19C155BF18AAF8BF1DBE
:206CD800A32FBF20D5BBBF23DAA5BF272657BF2C1BC5BF31B26CBF36D9E8BF3CD9A9BF4389
:206CE800D677BF6E729BBF89729BBF89729BBF89729BBF89729BBF89729BBF89729BBF89BF
:206CF800729BBF89729BBF89729BBF89729BBF89729BBF89729BBF89729BBF89729BBF89D4
:206D080066CFBF9566CFBF9566CFBF9566CFBF9566CFBF9566CFBF9566CFBF9566CFBF9523
:206D180066CFBF9566CFBF9566CFBF9566CFBF9566CFBF9566CFBF954BF1BF85861ABF5FE7
:206D2800B170BF4209ABBF2A7A10BF26F102BF22216CBF20E892BF1D15F4BF1CA993BF1A8E
:206D3800E109BF19AC9BBF196BF8BF1A2B56BF1BA3ADBF1A3626BF1F0903BF22768ABF258F
:206D48005CA7BF29147BBF2EDF50BF3259C9BF38A93FBF3EE0B5BF45C7E3BF70EF89BF8875
:206D5800EF89BF88EF89BF88EF89BF88EF89BF88EF89BF88EF89BF88EF89BF88EF89BF8823
:206D6800EF89BF88EF89BF88EF89BF88EF89BF88EF89BF88EF89BF88E9A3BF94E9A3BF94D3
:206D7800E9A3BF94E9A3BF94E9A3BF94E9A3BF94E9A3BF94E9A3BF94E9A3BF94E9A3BF9403
:206D8800E9A3BF94E9A3BF94E9A3BF94E9A3BF94F1AABF86D068BF60CA97BF4363B2BF2BD6
:206D9800D417BF274B0ABF247B74BF212A5ABF1F57BCBF1D0CC8BF1C3DB0BF1B0015BF1B4D
:206DA800C600BF1B8BEBBF1C67B6BF1EBEB6BF209192BF23FBD2BF26BFDBBF2A967DBF2F52
:206DB800DC87BF343EC0BF3A850ABF40B69ABF47C519BF726F15BF886F15BF886F15BF881A
:206DC8006F15BF886F15BF886F15BF886F15BF886F15BF886F15BF886F15BF886F15BF8853
:206DD8006F15BF886F15BF886F15BF886F15BF886E1ABF946E1ABF946E1ABF946E1ABF9403
:206DE8006E1ABF946E1ABF946E1ABF946E1ABF946E1ABF946E1ABF946E1ABF946E1ABF94B3
:206DF8006E1ABF946E1ABF9413FDBF88DD59BF62E9A3BF44BDBABF2C0F52BF29989EBF25C3
:206E0800D81BBF228701BF20B7AABF1E512FBF1D9AFEBF1C7304BF1C3261BF1DF1BFBF1DD5
:206E180057FBBF1E0C4ABF22F80EBF246EC1BF289BA6BF2C15DFBF3183E4BF36302BBF3C33
:206E28006762BF429503BF49B1C4BF76F38CBF87F38CBF87F38CBF87F38CBF87F38CBF875D
:206E3800F38CBF87F38CBF87F38CBF87F38CBF87F38CBF87F38CBF87F38CBF87F38CBF8712
:206E4800F38CBF87F38CBF87F584BF93F584BF93F584BF93F584BF93F584BF93F584BF93DE
:206E5800F584BF93F584BF93F584BF93F584BF93F584BF93F584BF93F584BF93F584BF93C2
:206E68006FA8BF89A383BF640BF6BF46FB94BF2D4DD3BF2A0260BF27169CBF24C821BF2132
:206E7800FC11BF1FB7AABF1EE892BF1DC3DFBF1D9596BF1E67F5BF1F240BBF2094D9BF235E
:206E8800809DBF26031DBF2A0221BF2ECF96BF3205E6BF380E95BF3E5586BF447D41BF4B51
:206E9800CB29BF787C9ABF877C9ABF877C9ABF877C9ABF877C9ABF877C9ABF877C9ABF872B
:206EA8007C9ABF877C9ABF877C9ABF877C9ABF877C9ABF877C9ABF877C9ABF877C9ABF87EA
:206EB8007E91BF937E91BF937E91BF937E91BF937E91BF937E91BF937E91BF937E91BF93B2
:206EC8007E91BF937E91BF937E91BF937E91BF937E91BF937E91BF931E8EBF8B32DFBF6737
:206ED800414ABF471B48BF2F8BACBF2B403ABF2857BCBF2509EABF234079BF21FC11BF1FE6
:206EE800396DBF1FBB30BF1F3CF3BF20BEB6BF20949ABF22013BBF2505E6BF288866BF2B03
:206EF800BF1FBF2F7065BF3469C2BF39913FBF3F501EBF466B66BF4DF180BF7C08EEBF87BD
:206F080008EEBF8708EEBF8708EEBF8708EEBF8708EEBF8708EEBF8708EEBF8708EEBF8789
:206F180008EEBF8708EEBF8708EEBF8708EEBF8708EEBF8708EEBF870942BF930942BF93B7
:206F28000942BF930942BF930942BF930942BF930942BF930942BF930942BF930942BF9361
:206F38000942BF930942BF930942BF930942BF9376F3BF8C79E6BF689DF1BF485921BF308D
:206F4800AB60BF2C628DBF297A10BF264B0ABF246613BF2224F2BF2177EEBF2002DEBF2161
:206F58008A87BF2112D7BF220443BF246AFDBF265033BF29EEE1BF2C0625BF31B813BF35E9
:206F68005DCCBF3B0FF9BF41D8AEBF470996BF4F2CF9BF7F9985BF869985BF869985BF8619
:206F78009985BF869985BF869985BF869985BF869985BF869985BF869985BF869985BF86E1
:206F88009985BF869985BF869985BF869985BF8696E6BF9296E6BF9296E6BF9296E6BF9229
:206F980096E6BF9296E6BF9296E6BF9296E6BF9296E6BF9296E6BF9296E6BF9296E6BF9271
:206FA80096E6BF9296E6BF92F30EBF8DD3EDBF69DC72BF4978D5BF31CDB3BF2D84E0BF2AAE
:206FB800AC1DBF2770A4BF25AA7ABF236BF8BF22B90FBF2149E4BF22D81BBF226998BF235B
:206FC8004524BF24CE31BF27D8C3BF2A9058BF2EAA3BBF32A637BF37E076BF3C82E8BF42BA
:206FD8005AAFBF49A7C6BF50B924BF802F06BF862F06BF862F06BF862F06BF862F06BF868E
:206FE8002F06BF862F06BF862F06BF862F06BF862F06BF862F06BF862F06BF862F06BF86B9
:206FF8002F06BF862F06BF8627D0BF9227D0BF9227D0BF9227D0BF9227D0BF9227D0BF92D5
:2070080027D0BF9227D0BF9227D0BF9227D0BF9227D0BF9227D0BF9227D0BF9227D0BF9228
:20701800C265BF8F3A69BF6BFEC5BF4A9B28BF32F007BF2EA494BF2BF9B1BF28B1C4BF26A5
:20702800D014BF24A14DBF23F6E8BF228E4CBF2325AFBF24BD12BF245B42BF26096CBF29EE
:2070380041DDBF2CBBD8BF2F0E17BF34DB8CBF38277CBF3EA8C1BF44BDE4BF4A4895BF5294
:20704800C91DBF85C91DBF85C91DBF85C91DBF85C91DBF85C91DBF85C91DBF85C91DBF85D8
:20705800C91DBF85C91DBF85C91DBF85C91DBF85C91DBF85C91DBF85C91DBF85C91DBF85C8
:20706800B867BF91B867BF91B867BF91B867BF91B867BF91B867BF91B867BF91B867BF9190
:20707800B867BF91B867BF91B867BF91B867BF91B867BF91B867BF91AAA4BF91A42BBF6CC6
:20708800245FBF4CADC1BF33F38CBF2FC6E7BF2C007EBF2AD75EBF27147BBF26DC87BF24B9
:2070980028F6BF24C6E7BF246430BF25FEDABF25D75EBF277286BF2A70A4BF2D4120BF31C6
:2070A80095FFBF354DD3BF3A1301BF402824BF46B87CBF4CCA97BF5367CBBF8567CBBF8525
:2070B80067CBBF8567CBBF8567CBBF8567CBBF8567CBBF8567CBBF8567CBBF8567CBBF8508
:2070C80067CBBF8567CBBF8567CBBF8567CBBF8567CBBF8567CBBF854C44BF914C44BF9124
:2070D8004C44BF914C44BF914C44BF914C44BF914C44BF914C44BF914C44BF914C44BF9198
:2070E8004C44BF914C44BF914C44BF914C44BF914C44BF91F7A5BF6D46B2BF4D0B0FBF354E
:2070F8002B80BF310807BF2E22D1BF2BF084BF283CB4BF2704C0BF264E90BF25F84DBF253F
:207108009F6BBF264928BF272839BF29C361BF2BDA66BF2E6FE7BF32DA66BF36DF8FBF3BB9
:207118008549BF416F2ABF47E4E2BF4EE4A4BF550B0FBF850B0FBF850B0FBF850B0FBF8503
:207128000B0FBF850B0FBF850B0FBF850B0FBF850B0FBF850B0FBF850B0FBF850B0FBF8557
:207138000B0FBF850B0FBF850B0FBF850B0FBF85E1C6BF90E1C6BF90E1C6BF90E1C6BF90E7
:20714800E1C6BF90E1C6BF90E1C6BF90E1C6BF90E1C6BF90E1C6BF90E1C6BF90E1C6BF9077
:20715800E1C6BF90E1C6BF90E1C6BF906167BF6F6EEBBF4E1B09BF36732EBF320B8DBF2FA8
:20716800486BBF2C031DBF2A6595BF281DE7BF277A10BF262474BF27D178BF277DD4BF2841
:207178007BB3BF2A10F5BF2D4381BF30F530BF339763BF380BB7BF3DAE29BF425183BF49C2
:207188004DFDBF5013A9BF58B2EABF84B2EABF84B2EABF84B2EABF84B2EABF84B2EABF8481
:20719800B2EABF84B2EABF84B2EABF84B2EABF84B2EABF84B2EABF84B2EABF84B2EABF84DF
:2071A800B2EABF84B2EABF847896BF907896BF907896BF907896BF907896BF907896BF90DB
:2071B8007896BF907896BF907896BF907896BF907896BF907896BF907896BF907896BF90CF
:2071C8007896BF90CDC8BF70B353BF4F21D5BF375A86BF33125ABF304E90BF2D28B7BF2BC6
:2071D8006F00BF293A54BF289FA9BF274FF4BF2802DEBF29B329BF29CC10BF295E89BF2E4F
:2071E8007247BF317A78BF35A75DBF39E6DABF3EC4F0BF4407F2BF4B76DEBF510E41BF5AB9
:2071F8005FAFBF845FAFBF845FAFBF845FAFBF845FAFBF845FAFBF845FAFBF845FAFBF84EF
:207208005FAFBF845FAFBF845FAFBF845FAFBF845FAFBF845FAFBF845FAFBF845FAFBF84DE
:20721800115EBF90115EBF90115EBF90115EBF90115EBF90115EBF90115EBF90115EBF9066
:20722800115EBF90115EBF90115EBF90115EBF90115EBF90115EBF90115EBF905697BF73F5
:20723800FE48BF50092DBF384285BF3434ADBF31555CBF2E32CABF2C949ABF2A628DBF29B6
:20724800BEB6BF28782DBF292E5EBF2AE7D5BF2A7BB3BF2A71C9BF2FBD3CBF328A72BF360A
:20725800482CBF3BF434BF3FD1A2BF4514A5BF4C9970BF5355EFBF5B10B6BF8410B6BF84BC
:2072680010B6BF8410B6BF8410B6BF8410B6BF8410B6BF8410B6BF8410B6BF8410B6BF84BE
:2072780010B6BF8410B6BF8410B6BF8410B6BF8410B6BF8410B6BF84ACC5BF8FACC5BF8F42
:20728800ACC5BF8FACC5BF8FACC5BF8FACC5BF8FACC5BF8FACC5BF8FACC5BF8FACC5BF8FEE
:20729800ACC5BF8FACC5BF8FACC5BF8FACC5BF8FACC5BF8FC2F8BF744F22BF521926BF3975
:2072A8007DBFBF353B79BF3277AFBF2F38EFBF2D9E06BF2B6F3FBF2ADB23BF2997E1BF2A5E
:2072B8005159BF2B0D6FBF2CF449BF2ABF5DBF30299EBF34F38CBF373958BF3CB3D0BF414C
:2072C800C30DBF473DC5BF4E8794BF55CEC4BF5CC84BBF83C84BBF83C84BBF83C84BBF8391
:2072D800C84BBF83C84BBF83C84BBF83C84BBF83C84BBF83C84BBF83C84BBF83C84BBF83EE
:2072E800C84BBF83C84BBF83C84BBF83C84BBF834880BF8F4880BF8F4880BF8F4880BF8FDA
:2072F8004880BF8F4880BF8F4880BF8F4880BF8F4880BF8F4880BF8F4880BF8F4880BF8FC6
:207308004880BF8F4880BF8F4880BF8F425BBF7633DBBF534DD3BF3A872BBF362618BF3341
:20731800624EBF305E89BF2EA81ABF2C7C9ABF2BEE63BF2AB107BF2B7065BF2C3309BF2D71
:2073280041DDBF2C1038BF3273EBBF3578D5BF39DD6EBF3DC9B0BF42D8EDBF4875B8BF4FA4
:207338009446BF56290BBF5F8423BF838423BF838423BF838423BF838423BF838423BF837E
:207348008423BF838423BF838423BF838423BF838423BF838423BF838423BF838423BF83DD
:207358008423BF838423BF83E58ABF8EE58ABF8EE58ABF8EE58ABF8EE58ABF8EE58ABF8EDB
:20736800E58ABF8EE58ABF8EE58ABF8EE58ABF8EE58ABF8EE58ABF8EE58ABF8EE58ABF8E25
:20737800E58ABF8EBB30BF77E37EBF531705BF3B52FCBF37486BBF3487E8BF3149CFBF2F40
:20738800B4CCBF2D8605BF2C00FCBF2CCA2EBF2C8F71BF2D58A3BF2E30A9BF2E3EFFBF3370
:2073980074D1BF366A01BF3A3D5CBF3F80C7BF448F5CBF4AEBEEBF508F86BF584270BF617C
:2073A80044E5BF8344E5BF8344E5BF8344E5BF8344E5BF8344E5BF8344E5BF8344E5BF836D
:2073B80044E5BF8344E5BF8344E5BF8344E5BF8344E5BF8344E5BF8344E5BF8344E5BF835D
:2073C80085DBBF8E85DBBF8E85DBBF8E85DBBF8E85DBBF8E85DBBF8E85DBBF8E85DBBF8E3D
:2073D80085DBBF8E85DBBF8E85DBBF8E85DBBF8E85DBBF8E85DBBF8E85DBBF8E74A7BF7888
:2073E800D4AABF54E2D6BF3B7896BF38306ABF356FE7BF32533BBF309F6BBF2E92B8BF2DBE
:2073F8000B0FBF2DD6E0BF2DA2B1BF2E6E83BF2FDAA5BF2F7065BF34B5F2BF37D31CBF3BF3
:2074080053E3BF40CB14BF45C4B1BF4BD384BF526DF0BF5A5269BF620BE1BF830BE1BF83B7
:207418000BE1BF830BE1BF830BE1BF830BE1BF830BE1BF830BE1BF830BE1BF830BE1BF83E4
:207428000BE1BF830BE1BF830BE1BF830BE1BF830BE1BF830BE1BF8325D9BF8E25D9BF8E9A
:2074380025D9BF8E25D9BF8E25D9BF8E25D9BF8E25D9BF8E25D9BF8E25D9BF8E25D9BF8EDC
:2074480025D9BF8E25D9BF8E25D9BF8E25D9BF8E25D9BF8E244ABF7931F9BF5623F6BF3DB3
:207458005D4FBF3930A9BF369581BF333DD9BF31AC1DBF2F9985BF2E1134BF2EE04CBF2E87
:20746800B2ABBF2F8462BF308202BF31A273BF350386BF393CDEBF3DF7F9BF4112C2BF4706
:2074780071F3BF4DABC9BF53404FBF5B408EBF64D8C3BF82D8C3BF82D8C3BF82D8C3BF82F4
:20748800D8C3BF82D8C3BF82D8C3BF82D8C3BF82D8C3BF82D8C3BF82D8C3BF82D8C3BF8204
:20749800D8C3BF82D8C3BF82D8C3BF82D8C3BF82C7CEBF8DC7CEBF8DC7CEBF8DC7CEBF8DE0
:2074A800C7CEBF8DC7CEBF8DC7CEBF8DC7CEBF8DC7CEBF8DC7CEBF8DC7CEBF8DC7CEBF8DBC
:2074B800C7CEBF8DC7CEBF8DC7CEBF8DB368BF7A5105BF57EFC8BF3D2920BF3A21D5BF3770
:2074C8006152BF3447EDBF329763BF308D50BF2F14BABF2FECFFBF2FC2A4BF309AE9BF31C8
:2074D800F1AABF32D139BF364DD3BF3A464ABF3EEBC4BF42D5A6BF48AFCDBF4E1911BF5669
:2074E800C91DBF5DC95CBF66AA8FBF82AA8FBF82AA8FBF82AA8FBF82AA8FBF82AA8FBF825C
:2074F800AA8FBF82AA8FBF82AA8FBF82AA8FBF82AA8FBF82AA8FBF82AA8FBF82AA8FBF82A4
:20750800AA8FBF82AA8FBF826B12BF8D6B12BF8D6B12BF8D6B12BF8D6B12BF8D6B12BF8DB9
:207518006B12BF8D6B12BF8D6B12BF8D6B12BF8D6B12BF8D6B12BF8D6B12BF8D6B12BF8D0B
:207528006B12BF8D3B4FBF7CE282BF57C80CBF3E4EBABF3BEDA6BF376ABEBF35328BBF3314
:20753800A416BF318D8FBF301B86BF30003FBF31E796BF31CC4FBF32486BBF34C505BF37E0
:207548007FE1BF3B7B9EBF3F4EF9BF44A805BF496A2BBF50CBFBBF5616B1BF5FCCE2BF677B
:207558008241BF828241BF828241BF828241BF828241BF828241BF828241BF828241BF82F3
:207568008241BF828241BF828241BF828241BF828241BF828241BF828241BF828241BF82E3
:207578000E56BF8D0E56BF8D0E56BF8D0E56BF8D0E56BF8D0E56BF8D0E56BF8D0E56BF8D73
:207588000E56BF8D0E56BF8D0E56BF8D0E56BF8D0E56BF8D0E56BF8D0E56BF8DBE38BF7EE0
:20759800D994BF58DE94BF3F1A8BBF3CF3CBBF38368FBF362071BF348EB4BF3287E8BF31BA
:2075A8001299BF3103C5BF32F4F1BF32E2D6BF339946BF35F712BF38710DBF3CC5EBBF40F4
:2075B800D788BF4567A1BF4B5DF6BF512CCFBF599F41BF609C39BF69602DBF82602DBF8230
:2075C800602DBF82602DBF82602DBF82602DBF82602DBF82602DBF82602DBF82602DBF8233
:2075D800602DBF82602DBF82602DBF82602DBF82602DBF82602DBF82B33EBF8CB33EBF8C47
:2075E800B33EBF8CB33EBF8CB33EBF8CB33EBF8CB33EBF8CB33EBF8CB33EBF8CB33EBF8CA3
:2075F800B33EBF8CB33EBF8CB33EBF8CB33EBF8CB33EBF8C5EC8BF7F45F6BF5A8B97BF406E
:207608001783BF3DC044BF3940A3BF3729DCBF357C9ABF3375CDBF3209ABBF32FAD7BF325C
:20761800E8BCBF33D9E8BF34DDADBF360A52BF3A9FD3BF3D2FADBF42BC41BF466B27BF4C4A
:207628005BD5BF53F55ABF59D42CBF62471BBF6C4303BF824303BF824303BF824303BF82CF
:207638004303BF824303BF824303BF824303BF824303BF824303BF824303BF824303BF82FA
:207648004303BF824303BF824303BF824303BF8259C9BF8C59C9BF8C59C9BF8C59C9BF8C52
:2076580059C9BF8C59C9BF8C59C9BF8C59C9BF8C59C9BF8C59C9BF8C59C9BF8C59C9BF8CAA
:2076680059C9BF8C59C9BF8C59C9BF8C16F0BF80BE8CBF5AB08ABF41CE5BBF3DC9B0BF3A42
:207678000C74BF38F5AEBF356A7FBF3466F9BF3300BDBF33FB16BF33F56FBF34EFC8BF3503
:207688009019BF353BB8BF3BD139BF3EF838BF421301BF48C1E8BF4D0EBFBF542AEDBF5C3E
:2076980087BEBF632BD4BF6D2D62BF822D62BF822D62BF822D62BF822D62BF822D62BF8260
:2076A8002D62BF822D62BF822D62BF822D62BF822D62BF822D62BF822D62BF822D62BF8242
:2076B8002D62BF822D62BF8201A3BF8C01A3BF8C01A3BF8C01A3BF8C01A3BF8C01A3BF8C78
:2076C80001A3BF8C01A3BF8C01A3BF8C01A3BF8C01A3BF8C01A3BF8C01A3BF8C01A3BF8C2A
:2076D80001A3BF8CE465BF80938ABF5B5D8DBF42A359BF3E76B4BF3BF712BF38E393BF3671
:2076E8005864BF354BB2BF34F877BF33F228BF34EC81BF35E393BF36320EBF394EF9BF3C2E
:2076F8000000BF403372BF447CC4BF49822CBF4F0C9EBF56FFEBBF5C4AE0BF66429ABF6FAA
:207708001DFCBF821DFCBF821DFCBF821DFCBF821DFCBF821DFCBF821DFCBF821DFCBF8291
:207718001DFCBF821DFCBF821DFCBF821DFCBF821DFCBF821DFCBF821DFCBF821DFCBF8281
:20772800A97EBF8BA97EBF8BA97EBF8BA97EBF8BA97EBF8BA97EBF8BA97EBF8BA97EBF8BB9
:20773800A97EBF8BA97EBF8BA97EBF8BA97EBF8BA97EBF8BA97EBF8BA97EBF8BB4CCBF815A
:20774800ED91BF5C458DBF4384CBBF3F801FBF3CC62ABF39AF64BF37277CBF36306ABF35B6
:20775800D35BBF34D6E0BF35D71FBF36DAA5BF373B79BF3A6239BF3D2EC7BF417DBFBF456D
:20776800B4B7BF4A198FBF50EAC8BF563EABBF5FEB70BF661577BF72132BBF82132BBF82CD
:20777800132BBF82132BBF82132BBF82132BBF82132BBF82132BBF82132BBF82132BBF82F9
:20778800132BBF82132BBF82132BBF82132BBF82132BBF82132BBF822D77BFBDC322BFAE75
:2077980085F0BFA1E54BBF9523B8BF8CA637BF832CF9BF774539BF6737DFBF568812BF4769
:2077A8002214BF3886C2BF27991CBF171C97BF07C8C9BEE95D25BEC36DF0BE9AC0ECBE59AF
:2077B800CA04BE461B9BBE33F1FEBE1E0BA2BE0AE608BDE86A7FBDBC9F6BBD8E52FCBD3F64
:2077C8006E1ABCC0000000006E1A3CC052FC3D3F9F6B3D8E6A7F3DBCE6083DE80BA23E0A90
:2077D800F1FE3E1E1B9B3E33CA043E46C0EC3E596DF03E9A5D253EC3C8C93EE91C973F0721
:2077E800991C3F1786C23F2722143F3888123F4737DF3F5645393F672CF93F77A6373F83B2
:2077F80023B83F8CE54B3F9585F03FA1C3223FAEB939BFBB7247BFADAAB9BFA01C6DBF9570
:20780800674DBF8B1801BF83108CBF76F117BF65ED91BF548DB9BF46D139BF36742ABF26AC
:20781800A20ABF16E7EABF0593DEBEE7CF18BEC0B203BE9779FBBE535BC0BE407B89BE2C29
:2078280022BCBE18150EBE03AA3BBDDAD591BDAD9724BD7FA0CFBD21A0E4BC840000000054
:207838007A3A3CFC4E903D5D63883D9DDFF83DCA1C973DF7F7BA3E109F2C3E25B1313E39BC
:20784800288D3E4DE32A3E5F13943E9DE9E23EC502F33EEC51EC3F0883BA3F18D79D3F28D4
:2078580028E13F39826B3F4885733F572FD73F688CE73F7842313F84E3153F8C01B83F972E
:20786800BC943FA218933FB0A4E8BFBB613DBFAD9CA2BFA0104DBF955DCCBF8B11C7BF834A
:20787800392EBF76EB31BF65EA4BBF548DB9BF46D480BF367770BF26B463BF160D45BF0669
:20788800A637BEE7E6B0BEC0D567BE97CDDDBE53AA65BE40CA2EBE2C7400BE186B90BE0309
:207898005200BDDB8D11BDAE8312BD801A4CBD2393DEBC870000000072473CF9D5133D5BA3
:2078A800B1463D9C38323DCA6F933DF6A3D73E1058643E25628D3E39DF263E4C9C633E5FD2
:2078B800F80E3E9CCE5B3EC5F0993EEB48BF3F087DD43F18CE703F28259A3F39826B3F48AC
:2078C80088B93F5736653F6896BC3F78486B3F84EC963F8C0DD83F97CBFB3FA22AED3FB053
:2078D80076B4BFBB37A0BFAD779ABFA0F12CBF9440A3BF8BF790BF820DEDBF76C337BF6587
:2078E800C4F0BF546BA5BF46FC7ABF365B42BF2698DDBF1600D2BF06707ABEE7D845BEC0AC
:2078F800A398BE976F7EBE534966BE40710DBE2C22BCBE1807F2BE039542BDDACB14BDADA8
:207908006D33BD7F815ABD2161FABC8400000000B9243CFC6E053D5D78813D9DF4F13DCA4E
:2079180031903DF704D53E11AC473E25C38B3E3940253E4D00003E6013943E9DE7433EC5DA
:20792800169C3EEC3F923F08995B3F18AFA33F2847AE3F39A47F3F48AD6D3F5761A63F68D2
:20793800C49C3F7862A23F84CC253F8C2E493F97F1023FA254DE3FB040A3BFBB096CBFAD15
:207948004DFDBFA0CC25BF942032BF8BDA66BF82D639BF759168BF65970FBF5496E6BF467B
:20795800D480BF363348BF267382BF16DB77BF055643BEE7995BBEC06C8BBE97E1EFBE52AA
:20796800C3B5BE3FEDFABE2B8FEFBE177FA2BE026FA8BDD99AFEBDAC0D06BD7D16B1BD1FE8
:207978001950BC7F00000000C73B3D00D8AE3D5FA8973D9E1FC93DCC4CAD3DF88A873E1151
:2079880039D63E26415F3E3AB0DE3E4D6E1A3E605A5C3E9D20EF3EC62A453EEC5B183F081E
:20799800C1553F18D79D3F286FA83F39D25F3F48DBF53F5792CD3F68FC503F78816F3F841E
:2079A800E1C63F8C54F33F971C433FA386053FB008EEBFBBD7F1BFAC2118BFA0A42BBF9418
:2079B8004539BF8BB9F5BF829B3DBF7559B4BF65779ABF5465BFBF46A5F8BF3648E9BF26C6
:2079C8004841BF16B37DBF0518A8BEE75BC0BEC02B02BE975C3EBE522E49BE3F5DCCBE2B9D
:2079D800F545BE16DA7BBE01201DBDD84B73BDAB4E7BBD7A4DA9BD1CCB3EBC73000000006E
:2079E8009ABF3D03A1B63D62FD613D9F6F543DCDA1773DF934EC3E12CCA33E26DEA93E3A59
:2079F80056043E4EFE483E608ADB3E9D594B3EC67B893EEC86593F08D10F3F1802DE3F29EA
:207A080050DB3F3900E73F490DC33F58CA823F68C1FD3F78A3833F8406CD3F8D7EE53F97BC
:207A18004A773FA3B9243FB0CFEABFBAA383BFACF488BF9F7BDDBF942032BF8B97E1BF8242
:207A28005DA2BF7522A7BF6593C9BF5433F0BF467770BF361A61BF26516EBF16A123BF052F
:207A3800C8B4BEE607DDBEC0E43BBE96AF3ABE518683BE3EAB8ABE2A4841BE162839BE01A2
:207A4800BB99BDD6D1F6BDA95B81BD775033BD19AB75BC6700000000A2B13D06A9A83D65D5
:207A580076DE3DA1D9173DCE00BD3DFBDCB13E1281843E2781303E3BE8D13E4E9B913E616B
:207A6800E00D3E9D99853EC68B443EECB19A3F08DD833F1831663F2982023F39DC333F4841
:207A780042313F5804D53F69FF973F78C5973F842BD43F8DA8823F9778FF3FA3EF353FB0C0
:207A8800C376BFBA9A02BFACEB07BF9F72B0BF941855BF8B91A7BF82512FBF7518D2BF656E
:207A98008755BF542AC3BF466E44BF361134BF264841BF16A709BF05C765BEE60FBBBEC032
:207AA800D9BEBE968FC5BE5169ADBE3E86D7BE2A28CCBE160386BE017232BDD68890BDA954
:207AB800BE38BD76B2EABD183650BC65000000003FFB3D0746F13D66C0443DA127BB3DCF45
:207AC8004A233DFB01653E13A0F93E279E063E3B0D843E4FC0443E61ED293E9DA6A03EC62B
:207AD8009D9D3EECBAC73F08E6B03F183A933F298B2F3F39E5603F484EA53F580EAA3F6958
:207AE8000C0B3F79CD213F84335D3F8DB1AF3F9783CF3FA3B8913FA7B8A6BFBA8F32BFAC06
:207AF800E037BF9F6AD3BF9410CBBF8B8B6EBF8244BBBF750D06BF657E28BF542196BF462B
:207B08006517BF360807BF263F14BF16A123BF05C765BEE6FD61BEBFCF42BE9672EFBE51C8
:207B18004CD7BE3E64C3BE2A06B8BE16DC33BE00238EBDD639EBBDA920EFBD760B24BD18AC
:207B28009739BC6200000000E7C03D07E43B3D660EE93DA276603DCF98C83DFB26183E13C3
:207B3800B5F23E27C01A3E3B32383E4FE2583E61F7A53E9DB8FA3EC6AFF73EECAE533F08B9
:207B4800EFDD3F1843BF3F2995033F39F1D43F4857D13F581A763F69187E3F79D35B3F84FE
:207B58003B3A3F8DBADC3F975E743F978CE73F94EADDBFAD8462BFACD70ABF9F61A6BF9455
:207B680008EEBF8B83E4BF823847BF750093BF6574FBBF54186ABF465BEABF36FEDABF25AC
:207B780035E7BF169A95BF05C0D7BEE6EC57BEBFBF87BE965619BE512AC3BE3E454EBE2A92
:207B8800E204BE15C1FDBE00DA27BDD5EB46BDA87929BD756DDBBD172214BC60000000003D
:207B98008F863D0881843D6762CC3DA2BFC63DCFDCF03DFB482C3E13DD443E27E4CD3E3BB3
:207BA80056EB3E4F070C3E6200D23E9ECB533EC6C1013EECA86D3F08F9093F184CEC3F292B
:207BB8009E303F39FB013F4864453F5826E93F69244A3F79DB383F844D943F89D8843F8924
:207BC800E1723F88D8843F859E45BF9CA027BF9DD2B3BF9C5A1DBF940111BF8B7DAABF8294
:207BD8002C7CBF75F766BF646888BF540BF6BF4652BDBF36F5AEBF252CBABF169168BF0525
:207BE800AD2EBEE6D9FDBEBFAD2EBE963BE2BE510610BE3E25D9BE2ABAB2BE159AAABE0017
:207BF80090C1BDD59CA2BDA8DBE0BD74D091BD1682FDBC5D000000002CCF3D091ECD3D685E
:207C0800B1703DA2092D3DD026573DFC67A13E1301F73E280C203E3C7B9E3E4F23E23E62BB
:207C18000B4E3E9EC6153EC6D35B3EECA86D3F0802363F1956193F29A75D3F39042E3F49E7
:207C28005A713F58335D3F69403A3F7813163F7B3ED53F7D6AFD3F7E27913F7927913F79BB
:207C3800E061BF8D079EBF8FCB92BF8FADD6BF8EFB2BBF8A75CDBF822008BF75EAF2BF64E4
:207C48005F5BBF5402C9BF46464ABF36EBD9BF2522E6BF16883CBF059C24BEE6CCE2BEBF5E
:207C58009AD4BE96172FBE51E15DBE3D03C5BE2A9360BE1575F7BE00475ABDD54DFDBDA83A
:207C6800341ABD7428CCBD16E3E7BC5A00000000D4953D09C6933D6800153DA352933DD042
:207C78006FBD3DFC89B53E13294A3E2830D33E3C98743E4F3E183E62186A3E9ED86F3EC66A
:207C8800E5B43EECB19A3F080C0B3F195FEE3F29B3D03F3910A13F4935BD3F58F9873F6285
:207C9800FE723F6677C43F6A32613F6D77C43F6A77C43F6A77C43F6A2507BF842507BF840A
:207CA800522ABF856D72BF8469ADBF82CE31BF7F1394BF75DE7FBF6452E7BF54F99CBF4506
:207CB8003D1DBF36E2ACBF2519B9BF167F0FBF058C69BEE6C265BEBF887BBE96EFDDBE5084
:207CC800BCA9BE3DDF11BE296EADBE154C06BE00F8B6BDD4FF58BDA796D1BD738106BD157D
:207CD8006EC1BC58000000007C5B3D0A6E593D694EBA3DA3A6763DD0B9243DFCB3A73E13EC
:207CE8004DFD3E2858253E3CB54A3E4F584F3E622AC33E9EEAC83EC6F80E3EECB7803F08D5
:207CF80015383F19691A3F29BCFD3F3919CE3F4960573F5034593F55930C3F5949F93F5DC0
:207D080025853F5EB8E53F5BB8E53F5BB8E53F5B3F14BF763F14BF763F14BF76F66ABF7840
:207D1800EB9ABF74307FBF70B55FBF6AFFACBF6349BABF54ED29BF4533F0BF36D97FBF2527
:207D2800108CBF1675E2BF057F4EBEE6B69ABEBF7621BE96CB29BE509557BE3DB7BFBE2940
:207D3800475ABE1524B3BE00A4D3BDD4B0B4BDA7EF0BBD72D940BD14CFABBC5500000000B4
:207D480024203D0B161E3D6A9D5E3DA3FA593DD00D063DFDDAF93E1372B03E287CD93E3CB1
:207D5800D2203E4F7A633E623D1D3E9EFD223EC644E53EEBC1553F081E643F1972473F290C
:207D6800FA593F3849CF3F3F460B3F4589763F4ACF423F4EC4333F517C463F4F7C463F4F79
:207D78007C463F4F7C463F4FBA49BF66BA49BF66BA49BF667ACCBF697400BF68B2FFBF63F7
:207D88002C13BF5EB9E0BF57956CBF50ED29BF452AC3BF36D053BF25075FBF166C0DBF0545
:207D9800C28FBEE5A58FBEBF63C7BE96A676BE5070A4BE3D906DBE292008BE15FAC2BDFF18
:207DA800562EBDD4620FBDA751C2BD72317BBD1406A3BC5300000000CBE63D0BBDE43D6A19
:207DB800F1413DA348FE3DD15BAB3DFD024B3E1494C43E28A18C3E3CF4343E4F9F173E62F6
:207DC8004F763E9E9A563EC4FB013EE8CD213F0827913F1927FA3F287AF63F2F277C3F3623
:207DD80058253F3C95033F41A31A3F453CDE3F453CDE3F453CDE3F453CDE3F453CDE3F4524
:207DE80042AFBF5A42AFBF5A42AFBF5A42AFBF5A8A9CBF5C5B57BF59C7F7BF53590CBF4D07
:207DF80087D3BF46872BBF3E1E4FBF36C726BF25FE33BF1562E1BF0568F1BEE3685EBEBEE2
:207E0800555CBE967F24BE504BF1BE3D70F8BE29FB55BE14AC1DBDFF0789BDD40E2CBDA7B8
:207E1800A9FCBD7189B5BD13678CBC500000000073AC3D0C65AA3D6B45243DA49CE03DD177
:207E2800AF8E3DFD299E3E14B4393E28BE623E3C1B863E50C6693E62D8303E9DED3E3EC0B3
:207E3800136A3EE7D6F53F08E6713F1727523F20CAEA3F277D563F2E7CD93F34A0CF3F39E8
:207E48000E563F3D03863F3903863F3903863F3903863F3903863F390735BF500735BF509F
:207E58000735BF500735BF500735BF50E868BF4F39C1BF4B14E4BF45FC3BBF3D4C30BF3627
:207E6800C726BF2D8605BF24F506BF1559B4BF057EBBBEE1CAFFBEBA4AE0BE965A71BE50A3
:207E78002C7CBE3D5183BE29D940BE145D79BDFFBE23BDD3BA49BDA60236BD71E1EFBD1233
:207E8800C875BC4D0000000025EE3D0D02F33D6C99073DA4F0C33DD1F3B63DFD50F03E14E2
:207E9800D64D3E28DDD73E3C42D93E50EB1C3E6255713E99C7263EBD7A783EE5110A3F08C7
:207EA8004C443F11BBAE3F193D323F21F62B3F272A1B3F2EAD823F3213BE3F3313BE3F33EB
:207EB80013BE3F3313BE3F3313BE3F3313BE3F334913BF444913BF444913BF444913BF4422
:207EC8004913BF44F77BBF47EF4ABF43DA27BF3DECC0BF365C29BF2FEF5FBF26AAF8BF1DC6
:207ED800A9D2BF135087BF05D75EBEDFB891BEB773D6BE924FF4BE500D06BE3D2F6FBE2995
:207EE800B72CBE141412BDFF6F7EBDD36666BDA64FF4BD703A2ABD12FF6DBC4A0000000022
:207EF800CDB33D0DB5353D6CE7AB3DA43F683DD23D1D3DFE78423E14003F3E29FFEB3E3C39
:207F0800678C3E5093B43E617A783E9519A43EBB0CC83EE480F13F02D5133F0B25AF3F1476
:207F1800D5133F1BACDA3F22624E3F286D1E3F2C66133F2A66133F2A66133F2A66133F2A8B
:207F280066133F2A66133F2A3737BF3E3737BF3E3737BF3E3737BF3E3737BF3E3737BF3EF3
:207F3800E315BF3CB939BF37DE2BBF305FEEBF2908C4BF21D0D0BF17EE78BF0D4635BF0390
:207F48005DE1BEDE1D69BEB5D677BE8EB54ABE4FED91BE3C081CBE298D3BBE14CAACBDFE53
:207F58001B9BBDD317C2BDA6A82FBD6F87E8BD116057BC48000000007FF63D0E5CFB3D6DCB
:207F68003B8E3DA58E0D3DD28BC13DFE9CF53E1427913E29280F3E3BCAFF3E4A48563E59E5
:207F780022923E92C6933EB81B713EDDA9D23EFB38C53F0789613F0F23CD3F17BAB23F1D32
:207F880059DE3F2338EF3F25C23B3F21C23B3F21C23B3F21C23B3F21C23B3F21C23B3F2187
:207F9800D6E0BF35D6E0BF35D6E0BF35D6E0BF35D6E0BF35D6E0BF354303BF3612D7BF32B8
:207FA800AA7ABF2B47C3BF2415F4BF1C2229BF133943BF0929DCBEFD72C5BEDBCE46BEB265
:207FB8009E06BE8B1451BE483A54BE382863BE2765E9BE147C07BDFEC7B9BDD2C3DFBDA5EC
:207FC8000069BD6FE022BD10974EBC450000000027BB3D0F0F3D3D6E8F713DA5D7733DD2EF
:207FD800DFA43DFE51C23E12D70A3E23562E3E349FFD3E430AFA3E5238C53E8FD24A3EB5A6
:207FE80019113ED6E4263EF3150E3F0390EB3F0B18553F1383F93F198C693F1EC6003F1BD1
:207FF800C6003F1BC6003F1BC6003F1BC6003F1BC6003F1BC6003F1B9058BF2E9058BF2EFF
:208008009058BF2E9058BF2E9058BF2E9058BF2E7AF6BF2F9279BF2CE04CBF26CD8ABF1F6A
:20801800CD8ABF17C376BF0E12ECBF053DB0BEF38B6EBED2F49DBEAE86C2BE875F46BE41FE
:20802800C194BE3110A1BE2151ADBE0FCA82BDF87208BDD06ABEBDA54E27BD6E2DE0BD108D
:20803800F838BC4200000000D9FD3D0FB7023D6ECC8E3DA3B8BB3DCD104D3DF5E7043E0CF9
:2080480022E63E1E4B883E2E6E053E3DAC713E4B0B393E8BCFEA3EAE4B883ECE53503EEB84
:208058004F0E3EFF07DD3F087CEE3F0FC9C53F15FC503F180E2C3F170E2C3F170E2C3F1756
:208068000E2C3F170E2C3F170E2C3F170E2C3F17E719BF27E719BF27E719BF27E719BF2720
:20807800E719BF27E719BF27E719BF27A8D6BF275F85BF22EDFABF1BF099BF13313CBF0BBA
:2080880095ABBF018605BEECD899BECC04ABBEABCD75BE846998BE3B02F3BE2C9B67BE1B58
:208098003055BE0A6944BDEF40E1BDC8A897BD9EE892BD656D87BD0B98C8BC3B0000000033
:2080A80078033D0B40CC3D6573433D9D0FE43DC661523DEC2BE93E0816873E19F8623E28D7
:2080B800D1783E37F30E3E4574003E884D2B3EAAF0843EC84C983EE547063EF9CEC43F04F2
:2080C80037613F0CB8673F11C8603F12C8603F12C8603F12C8603F12C8603F12C8603F1270
:2080D800C8603F12C8603F127EFABF227EFABF227EFABF227EFABF227EFABF227EFABF2280
:2080E8007EFABF220FD0BF23BE38BF1E74A7BF187747BF10E282BF07A18CBEFC887BBEE654
:2080F800B891BEC7C376BEA6599FBE82FC3BBE35D1E1BE26B65BBE16A1CBBE052863BDE7C2
:20810800EBEEBDC0ADACBD98E5B4BD5CB185BD056BF8BC320000000044523D06D0BB3D5C5B
:20811800E1333D976D333DBFC2F83DE4FE5D3E038A9C3E143FE63E24EF0B3E32D1B73E40DD
:2081280032613E855FD93EA661FA3EC4FEB03EDF94313EF305143F021DBD3F09EE783F0D79
:20813800C02F3F0EC02F3F0EC02F3F0EC02F3F0EC02F3F0EC02F3F0EC02F3F0EC02F3F0E47
:208148001CC1BF1D1CC1BF1D1CC1BF1D1CC1BF1D1CC1BF1D1CC1BF1D1CC1BF1D1CC1BF1D4F
:208158000942BF1BA772BF147F0FBF0DFA05BF044BC7BEF747AEBEE10165BEC3D8C3BEA29D
:208168004DBEBE7F3166BE312BBFBE2244A6BE128937BE01A97EBDDF68B2BDBA404FBD93F3
:20817800DE7FBD547DD4BD003AD2BC2A00000000C2E33D015C533D5506A33D937CC43DB9A6
:20818800FB943DDD39AC3E0089A03E10EDA63E1F703B3E2E4DA93E3C47453E82EB1C3EA2EA
:2081980041893EC050B13EDBA5F83EEE26D53EFEF7A53F0596923F0A64453F0864453F08B4
:2081A80064453F0864453F0864453F0864453F0864453F0864453F08D639BF15D639BF1551
:2081B800D639BF15D639BF15D639BF15D639BF15D639BF15D639BF1564AEBF17CAC1BF1112
:2081C800E0A0BF0A5269BF02085BBEF2447CBEDCEA21BEBE6FD2BE9F9C39BE79C78FBE2CF4
:2081D800E15DBE1D48E9BE0EB2FFBDFBFC50BDD882BFBDB46080BD8E7F0FBD4DB9E0BCF766
:2081E8005D8DBC2200000000A8823CFB0D843D4FAF253D8E2EDC3DB4DBF53DD7B1313DF99B
:2081F800DC873E0CF9C63E1B71DE3E2A05E63E385D793E7FAACE3E9F7CD93EBCE9793ED6DD
:20820800C23B3EE9AFE23EF93D083F03D5913F05D5913F05D5913F05D5913F05D5913F0591
:20821800D5913F05D5913F05D5913F05D5913F057E91BF137E91BF137E91BF137E91BF131A
:208228007E91BF137E91BF137E91BF137E91BF135FC4BF133C0CBF0FF823BF07D0D0BEFF69
:2082380068C7BEEDF0EDBED748D4BEBB4C59BE9C97B7BE74C155BE280F91BE1AA64CBE0A98
:20824800D6A1BDF4DCB1BDD22F98BDAFF948BD89C765BD46F5EDBCEED42CBC1A0000000087
:2082580005D13CF5667B3D49D57C3D8A69443DAF54613DD296D13DF3930C3E096EC13E1821
:20826800A2B13E261F213E3466133E7AC4F03E9C15383EB9DB623ED2A07B3EE507213EF5A4
:208278006A2B3F00548B3F00548B3F00548B3F00548B3F00548B3F00548B3F00548B3F0040
:20828800548B3F00548B3F00BFF0BF0DBFF0BF0DBFF0BF0DBFF0BF0DBFF0BF0DBFF0BF0DB8
:20829800BFF0BF0DBFF0BF0D861ABF0F284EBF0C6627BF056C37BEFB2E1FBEE92C3DBED485
:2082A800F23DBEB7691ABE99DF3BBE6F0EFEBE257770BE1654F3BE07B1C4BDEE4563BDCDE9
:2082B8005A47BDAAF5AEBD85AD04BD40D9BEBCE6F291BC13000000001FDE3CEF523F3D4446
:2082C80054F33D8726C03DAB5A5C3DCDFA443DED8B1A3E0649F93E154EBA3E23A9153E3082
:2082D800E2043E7514CF3E9AC67E3EB561673ECF6F003EE1F7BA3EF0FB163EFBD8993EFCC4
:2082E800D8993EFCD8993EFCD8993EFCD8993EFCD8993EFCD8993EFCD8993EFCD8993EFC1E
:2082F80002B4BF0B02B4BF0B02B4BF0B02B4BF0B02B4BF0B02B4BF0B02B4BF0B02B4BF0B66
:2083080002B4BF0BA565BF094396BF03D71FBEF651D7BEE5639DBED0BC6ABEB4D480BE9625
:20831800606BBE6B8E75BE21404FBE133AA8BE040ABBBDE93127BDC8E892BDA55072BD8246
:208328001AF4BD3B7A4EBCDF5658BC1A00000000E1B13CE9D0D03D3F32CA3D843D5C3DA73B
:20833800E8A73DC8EB463DE8BCD33E0351C23E1239AC3E205A5C3E2DC9713E7177083E9767
:2083480005533EB3E22E3ECBFF823EDD6FBD3EECA1CB3EF5197A3EF5197A3EF5197A3EF5D0
:20835800197A3EF5197A3EF5197A3EF5197A3EF5197A3EF5197A3EF5C02FBF06C02FBF06F9
:20836800C02FBF06C02FBF06C02FBF06C02FBF06C02FBF06C02FBF06C02FBF06A162BF0641
:2083780045B7BF013722BEF3758EBEE1B59EBECB956CBEB007F2BE93D2B3BE646C4CBE1EAD
:20838800385CBE106484BE01D1CCBDE38088BDC3DFB9BDA1E93ABD7DFC3BBD3583BABCD8BA
:2083980057D1BC100000000021573CE5ADC13D3B743F3D81C7503DA3C5973DC44FA03DE47D
:2083A80032B53E0193363E0F46B23E1D67623E2AA7333E6B0B783E94559B3EAFC84B3EC728
:2083B80089763EDAF0843EE8EE783EEDEE783EEDEE783EEDEE783EEDEE783EEDEE783EED8E
:2083C800EE783EEDEE783EEDEE783EEDEE783EED6DF0BF026DF0BF026DF0BF026DF0BF02D9
:2083D8006DF0BF026DF0BF026DF0BF026DF0BF026DF0BF023761BF04805EBEFD1E8EBEEFA2
:2083E8003E6CBEDED79DBEC8FF82BEADE2C1BE90F12CBE6066F9BE1B6A16BE0D8ADBBDFD7B
:2083F80006F7BDDF1E8EBDBF108CBD9EB9E0BD773BE2BD310AFABCD2E58ABC160000000002
:20840800F3CB3CE013013D38C9C53D7DA5273DA006253DC117983DE0BA0A3DFD18D23E0DD8
:20841800AA3B3E1AA0F93E2716F03E68F4B23E91B7D43EAC99073EC4913F3ED768883EE4DA
:20842800C3DF3EE5C3DF3EE5C3DF3EE5C3DF3EE5C3DF3EE5C3DF3EE5C3DF3EE5C3DF3EE50C
:20843800C3DF3EE5C3DF3EE5F27CBF00F27CBF00F27CBF00F27CBF00F27CBF00F27CBF008C
:20844800F27CBF00F27CBF00F27CBF00F27CBF009D88BEF9DBA1BEEB11C7BEDBF6FDBEC578
:208458006849BEABC56DBE8E7B20BE5DB2EABE18C860BE0AB589BDF8708FBDDA2AAEBDBB7B
:208468009542BD9AE8E6BD71BA73BD2CD124BCCB5048BBFC000000006E053CDDD6A13D3475
:20847800335D3D79B22D3D9D9A953DBD3DEE3DDC96FB3DF9C3223E0A3F923E1807213E25D2
:20848800EF893E640BCC3E905F853EAA10383EC2D31C3ED3B6313EE04C063EE04C063EE01C
:208498004C063EE04C063EE04C063EE04C063EE04C063EE04C063EE04C063EE04C063EE044
:2084A8005350BEFB5350BEFB5350BEFB5350BEFB5350BEFB5350BEFB5350BEFB5350BEFBD4
:2084B8005350BEFB5350BEFBCD0CBEF58CE7BEE8A637BED74ACBBEC34318BEA9CF6CBE8CF8
:2084C8002F06BE5A1E4FBE166057BE08245FBDF457FBBDD665FEBDB74E66BD97764BBD6CA7
:2084D8008CE7BD281523BCC6CF96BBF2000000003C213CDAD92B3D31FB553D7413163D9B79
:2084E8006DF03DBAA32F3DD893603DF5A47F3E08E7433E15A1B63E22BDA53E612D623E8E1B
:2084F80046203EA837763EBF19CE3ED1E4653EDCD35B3EDCD35B3EDCD35B3EDCD35B3EDCF5
:20850800D35B3EDCD35B3EDCD35B3EDCD35B3EDCD35B3EDCD35B3EDCDBE0BEF4DBE0BEF4C9
:20851800DBE0BEF4DBE0BEF4DBE0BEF4DBE0BEF4DBE0BEF4DBE0BEF4DBE0BEF4DBE0BEF4DB
:20852800D14EBEF12546BEE5768ABED5980BBEC02325BEA7FCCEBE8A58E2BE57A3ECBE1335
:208538000FE4BE06E719BDEF6E98BDD2EFF2BDB3562EBD947708BD679E45BD24C1FDBCC064
:20854800A2C6BBE90000000049283CD71AA03D2F172F3D7198B33D988AB13DB757153DD59C
:20855800F3623DF1B7AA3E06CDDD3E1359213E2011733E5F7A3A3E8C61283EA60E563EBD9D
:20856800646F3ECED2C83ED7D2C83ED7D2C83ED7D2C83ED7D2C83ED7D2C83ED7D2C83ED74B
:20857800D2C83ED7D2C83ED7D2C83ED7D2C83ED72A5ABEEF2A5ABEEF2A5ABEEF2A5ABEEF63
:208588002A5ABEEF2A5ABEEF2A5ABEEF2A5ABEEF2A5ABEEF2A5ABEEF7EA6BEEE49E4BEE210
:208598002E5EBED23E6CBEBE119DBEA534ADBE897304BE5465D4BE11FBBDBE03D3C3BDEB00
:2085A800CE9ABDCEAE53BDB0782DBD91D624BD62EE8DBD20C2B9BCBB1DBDBBE10000000086
:2085B80095183CD4A57A3D2C86EC3D6D52BD3D96E65C3DB434EC3DD282953DEED2B33E04F5
:2085C800D3ED3E11646F3E1E60033E5CF1023E8A42853EA4EE633EBA94D93ECB598A3ECF45
:2085D800598A3ECF598A3ECF598A3ECF598A3ECF598A3ECF598A3ECF598A3ECF598A3ECF03
:2085E800598A3ECF598A3ECF68B2BEEA68B2BEEA68B2BEEA68B2BEEA68B2BEEA68B2BEEA07
:2085F80068B2BEEA68B2BEEA68B2BEEA68B2BEEA4D2BBEEABA88BEDF77AFBECF1BDABEBC3A
:2086080007F2BEA3967DBE87B717BE5151ADBE0FF9F0BE011451BDE85DCCBDCB9168BDAD32
:20861800CE9ABD8E5F31BD5E5E4ABD1D2C52BCB74079BBD90000000034EC3CD25A473D2AEE
:208628005F853D6A46743D9466BA3DB266A53DCF55EF3DEB1CEB3E03FC113E0F5AC43E1C70
:20863800E59F3E59613D3E897D033EA28F863EB851EC3EC8B1AF3ECBB1AF3ECBB1AF3ECBB9
:20864800B1AF3ECBB1AF3ECBB1AF3ECBB1AF3ECBB1AF3ECBB1AF3ECBB1AF3ECBB1AF3ECBCA
:20865800182BBEE5182BBEE5182BBEE5182BBEE5182BBEE5182BBEE5182BBEE5182BBEE5D2
:20866800182BBEE5182BBEE5182BBEE58217BEDC68C7BECDF7F9BEB95B57BEA10AA6BE86E7
:208678001D3FBE4F551DBE0D125ABE0093C9BDE4216CBDC8B8A6BDAA49BABD8C2728BD5A8C
:208688000CF2BD1AFEC5BCB2B717BBD100000000FEB03CCF58793D286C8B3D67641B3D929A
:2086980020C53DB0CCCD3DCC6D723DE883F93E01464A3E0E88273E1A73193E57EF9E3E8739
:2086A800D4563EA07A103EB69C8D3EC591A73EC691A73EC691A73EC691A73EC691A73EC6D4
:2086B80091A73EC691A73EC691A73EC691A73EC691A73EC691A73EC6B2ABBEDFB2ABBEDF46
:2086C800B2ABBEDFB2ABBEDFB2ABBEDFB2ABBEDFB2ABBEDFB2ABBEDFB2ABBEDFB2ABBEDFC2
:2086D800B2ABBEDF0F91BEDA6D87BECB3D5CBEB7BC41BE9EABC9BE838438BE4A6849BE0B79
:2086E80089F4BDFC5769BDE1197ABDC5EF9EBDA7EECCBD89238EBD56E58ABD16FB2BBCAE42
:2086F8002DB6BBCA0000000031513CCE809D3D26A3833D64A1383D90EFC83DAD6CA03DCACD
:20870800AEE63DE500003E00A03C3E0CDCDB3E1852A83E53A46A3E85353F3E9EE8143EB391
:2087180088663EC3302B3EC4302B3EC4302B3EC4302B3EC4302B3EC4302B3EC4302B3EC4C7
:20872800302B3EC4302B3EC4302B3EC4302B3EC41451BED81451BED81451BED81451BED8D1
:208738001451BED81451BED81451BED81451BED81451BED81451BED81451BED853A4BED7B8
:20874800E0CABEC81C19BEB51633BE9D40B8BE8255DABE489D88BE09335DBDF92585BDDEB1
:2087580045F6BDC25B03BDA5B353BD875EDDBD52E814BD13367ABCABA455BBC2000000009A
:2087680078EA3CCCD2B33D2423E23D62FDCA3D8EFDB53DAB16F03DC824C83DE33C363DFD0E
:208778002BFE3E0B31903E1763353E515A1D3E84B7D43E9C815A3EB1D36F3EBF27523EC014
:2087880027523EC027523EC027523EC027523EC027523EC027523EC027523EC027523EC019
:2087980027523EC027523EC0F4C7BED4F4C7BED4F4C7BED4F4C7BED4F4C7BED4F4C7BED405
:2087A800F4C7BED4F4C7BED4F4C7BED4F4C7BED4F4C7BED4CDDDBED3EC18BEC68088BEB3F4
:2087B800A733BE9B0CB3BE812F5ABE46D567BE07F1BFBDF52D4DBDDB7CEEBDBFF05ABDA2DF
:2087C800974EBD85C41EBD4E1490BD119BBBBCA7C2B9BBBB00000000EA743CCA4EBA3D2395
:2087D800CE313D5F79D13D8D2B173DAAEB313DC5CF183DE0A25E3DFAB5203E09CA6D3E15AA
:2087E80069443E4F24C83E834CC23E9BF6D33EAFA18C3EBCA18C3EBCA18C3EBCA18C3EBC51
:2087F800A18C3EBCA18C3EBCA18C3EBCA18C3EBCA18C3EBCA18C3EBCA18C3EBCA18C3EBC29
:208808005461BED25461BED25461BED25461BED25461BED25461BED25461BED25461BED228
:208818005461BED25461BED25461BED298F2BED1AE00BEC4815ABEB14FCABE9A9F02BE7F8F
:208828002071BE444452BE06EF0BBDF26983BDD8E853BDBCAA65BDA09581BD8348D4BD4B7F
:208838006AFDBD0E54DEBCA43958BBB40000000085F03CC9D53D3D21ACEF3D5D0AD03D8C9A
:2088480072B03DA8EEA23DC38E613DDE13013DF868343E08538F3E14844D3E4D19653E8276
:20885800E0613E99E7EA3EAD48BF3EB848BF3EB848BF3EB848BF3EB848BF3EB848BF3EB83E
:2088680048BF3EB848BF3EB848BF3EB848BF3EB848BF3EB848BF3EB8DE55BECEDE55BECE84
:20887800DE55BECEDE55BECEDE55BECEDE55BECEDE55BECEDE55BECEDE55BECEDE55BECEE8
:20888800DE55BECEF267BECDB6AEBEC2F045BEAFE369BE983C36BE7D1C04BE42AE00BE04C8
:20889800FC11BDEFAAF8BDD56DF0BDBA7968BD9EA36EBD8101F7BD48EB5BBD0B22FBBCA1EF
:2088A800FF82BBAD000000004B5E3CC8902E3D20AB223D5BB6073D8AD9BE3DA616C63DC2C1
:2088B800725C3DDCF1BF3DF53ABD3E07165D3E13DBA13E4BED3E3E80CD213E98B1463EAC44
:2088C80060AA3EB460AA3EB460AA3EB460AA3EB460AA3EB460AA3EB460AA3EB460AA3EB4B0
:2088D80060AA3EB460AA3EB460AA3EB460AA3EB42181BECB2181BECB2181BECB2181BECBE4
:2088E8002181BECB2181BECB2181BECB2181BECB2181BECB2181BECB2181BECB2181BECB18
:2088F800BA1FBEC07C07BEAE7857BE97EE63BE7A60FEBE4046DCBE0342C4BDED0BE1BDD302
:208908001301BDB85D64BD9C9724BD7FE50CBD448B2FBD091B09BC9E71C9BBA70000000029
:2089180010CB3CC7559B3D1FD3463D5985F03D8960423DA568DC3DC07B0B3DDAA68B3DF368
:20892800F84D3E05D68C3E112B173E4AFAC23E7F707A3E97D57C3EAAD7DC3EB1D7DC3EB177
:20893800D7DC3EB1D7DC3EB1D7DC3EB1D7DC3EB1D7DC3EB1D7DC3EB1D7DC3EB1D7DC3EB10F
:20894800D7DC3EB1D7DC3EB18F71BEC58F71BEC58F71BEC58F71BEC58F71BEC58F71BEC5B9
:208958008F71BEC58F71BEC58F71BEC58F71BEC58F71BEC58F71BEC5B314BEBEF030BEAC20
:208968003348BE96DA3CBE78A359BE3ED7DCBE018EB4BDEAA676BDD0E743BDB55658BD9A37
:20897800FC65BD7BF213BD414A77BD073D08BC9BE411BBA00000000015233CC63A7E3D1E85
:208988002FD73D586AD33D88F67F3DA3B5B33DBE8E373DD8B4783DF1EA4B3E04A9153E10C3
:20899800DE2B3E48DEBE3E7D4D7F3E96DA3C3EA808AF3EAE08AF3EAE08AF3EAE08AF3EAEB1
:2089A80008AF3EAE08AF3EAE08AF3EAE08AF3EAE08AF3EAE08AF3EAE08AF3EAE08AF3EAE97
:2089B8009043BEC39043BEC39043BEC39043BEC39043BEC39043BEC39043BEC39043BEC3FF
:2089C8009043BEC39043BEC39043BEC39043BEC325EEBEBD94D9BEABEE39BE94B3BCBE76BF
:2089D800E5B4BE3C8851BE001451BDE83BCDBDCEBB84BDB36983BD988B97BD781412BD3F4F
:2089E8002935BD0588F8BC98FE1EBB9A000000002E733CC534593D1DABDE3D565A323D8715
:2089F800A6F43DA231BA3DBDD5D03DD6A82F3DEFE1873E036BE33E0F2DA13E470C203E7CC9
:208A0800F8B63E94E58A3EA68F863EA88F863EA88F863EA88F863EA88F863EA88F863EA899
:208A18008F863EA88F863EA88F863EA88F863EA88F863EA88F863EA88701BEC08701BEC050
:208A28008701BEC08701BEC08701BEC08701BEC08701BEC08701BEC08701BEC08701BEC0FE
:208A38008701BEC08701BEC0A64CBEBA1149BEA90BE1BE93404FBE73B131BE39A0BABDFEFC
:208A4800A46ABDE52507BDCCBEF5BDB191A7BD9644BBBD754B0ABD3C126FBD03D4E9BC952F
:208A5800FE1EBB9A0000000071B43CC458253D1C27E53D555E893D8676DE3DA1C2B93DBBA5
:208A68002D233DD5D0533DEDF05A3E02685E3E0E3FE63E44BD663E78FEC53E9242853EA4E7
:208A780024743EA724743EA724743EA724743EA724743EA724743EA724743EA724743EA7F6
:208A880024743EA724743EA724743EA724743EA7D274BEBBD274BEBBD274BEBBD274BEBBDE
:208A9800D274BEBBD274BEBBD274BEBBD274BEBBD274BEBBD274BEBBD274BEBBD274BEBBC6
:208AA800CE70BEB83E42BEA805BCBE9236A4BE7122BCBE3806E2BDFC736DBDE30903BDCA72
:208AB800C7A4BDAFCEC4BD941D54BD72ABF3BD391B1EBD0135D2BC93FE1EBB9A00000000F2
:208AC800C9EF3CC37BF23D1BCDDD3D53729B3D855BC03DA063733DBAC3613DD327A63DEC1A
:208AD800F9F03E0162393E0DE33F3E42396D3E77FF2E3E9151C23EA2B09F3EA4B09F3EA422
:208AE800B09F3EA4B09F3EA4B09F3EA4B09F3EA4B09F3EA4B09F3EA4B09F3EA4B09F3EA4E6
:208AF800B09F3EA4B09F3EA4C8C9BEB9C8C9BEB9C8C9BEB9C8C9BEB9C8C9BEB9C8C9BEB9CC
:208B0800C8C9BEB9C8C9BEB9C8C9BEB9C8C9BEB9C8C9BEB9C8C9BEB9F3F5BEB6B26CBEA63F
:208B18000236BE919097BE6FC376BE36ABF3BDF932B5BDE1E282BDC7EFC8BDAD111FBD93D3
:208B28002A5ABD6F2C52BD378683BCFEABB4BC90FE1EBB9A000000004C1B3CC3B4B73D1A04
:208B38009DC73D528BEB3D843B643D9F335D3DB944A63DD2A3AD3DEA03863E0166903E0C7A
:208B4800E2583E4183A53E75EE8D3E9003083E9F4E3C3EA14E3C3EA14E3C3EA14E3C3EA1A4
:208B58004E3C3EA14E3C3EA14E3C3EA14E3C3EA14E3C3EA14E3C3EA14E3C3EA14E3C3EA1B5
:208B68008FDABEB48FDABEB48FDABEB48FDABEB48FDABEB48FDABEB48FDABEB48FDABEB415
:208B78008FDABEB48FDABEB48FDABEB48FDABEB45715BEB55476BEA5DF3BBE8FC098BE6D7B
:208B880051D7BE358573BDF716B1BDDF0568BDC61D2ABDAC782DBD913761BD6CD6A1BD34E7
:208B980000BDBCFB368FBC8EFE1EBB9A00000000CE463CC202753D1A782D3D51C9EF3D833E
:208BA8002AC33D9EFE093DB7EA9E3DD024F23DE941893E00923A3E0B85B23E4014A53E74DC
:208BB800EEF63E8F28F63E9C3A7E3E9E3A7E3E9E3A7E3E9E3A7E3E9E3A7E3E9E3A7E3E9E7C
:208BC8003A7E3E9E3A7E3E9E3A7E3E9E3A7E3E9E3A7E3E9E3A7E3E9EE87DBEB2E87DBEB26B
:208BD800E87DBEB2E87DBEB2E87DBEB2E87DBEB2E87DBEB2E87DBEB2E87DBEB2E87DBEB2D5
:208BE800E87DBEB2E87DBEB2736DBEB34E51BEA4DD05BE8E3223BE6CDAF9BE333A3FBDF5D5
:208BF8001A22BDDD08D9BDC45F85BDAADF3BBD8F6E59BD6980F1BD328FEFBCF7EB5BBC8B69
:208C0800FE1EBB9A00000000656B3CC25AAF3D1952933D50126F3D8349523D9DD3313DB68F
:208C18009B133DCFB0B43DE7F9DB3DFEBDE43E0A7CEE3E3F33333E730D843E8F06CD3E99FC
:208C28004F613E9B4F613E9B4F613E9B4F613E9B4F613E9B4F613E9B4F613E9B4F613E9BE4
:208C38004F613E9B4F613E9B4F613E9B4F613E9BDEBEBEADDEBEBEADDEBEBEADDEBEBEADDC
:208C4800DEBEBEADDEBEBEADDEBEBEADDEBEBEADDEBEBEADDEBEBEADDEBEBEADDEBEBEADD4
:208C58004FF4BEB084E0BEA2EBD9BE8DA64CBE6AA5A4BE3252A8BDF3280FBDDB3B79BDC279
:208C6800B6D8BDA85B42BD8ECF42BD665532BD305E0BBCF4A027BC89FE1EBB9A00000000D3
:208C780011883CC2C7E33D1861673D4F602D3D8262A23D9CCD0C3DB560803DCE5BEA3DE6AB
:208C88008ADB3DFDE98E3E09742A3E3E02363E71E3FC3E8DE19C3E96EF353E98EF353E987F
:208C9800EF353E98EF353E98EF353E98EF353E98EF353E98EF353E98EF353E98EF353E98EC
:208CA800EF353E98EF353E988ADBBEAD8ADBBEAD8ADBBEAD8ADBBEAD8ADBBEAD8ADBBEADD8
:208CB8008ADBBEAD8ADBBEAD8ADBBEAD8ADBBEAD8ADBBEAD8ADBBEAD8ADBBEADA4BEBEA12B
:208CC800FFEBBE8C1299BE69782DBE31465FBDF15033BDD98312BDC00E2CBDA7E1C6BD8CE6
:208CD800302BBD6433F0BD2E4120BCF169ECBC87FE1EBB9A00000000BDA53CC135163D18DC
:208CE800703B3D4EB8673D8190EB3D9BC1A93DB45F9A3DCD01E23DE506E23DFC320E3E09FB
:208CF80068C73E3D837B3E6FA42B3E8CF3E03E9304193E9604193E9604193E9604193E9606
:208D080004193E9604193E9604193E9604193E9604193E9604193E9604193E9604193E96C3
:208D180005FBBEAB05FBBEAB05FBBEAB05FBBEAB05FBBEAB05FBBEAB05FBBEAB05FBBEABF3
:208D280005FBBEAB05FBBEAB05FBBEAB05FBBEAB05FBBEAB7B35BEA0100EBE8C9BBBBE672D
:208D38004578BE306E83BDEF7D95BDD7CFEABDBE7A78BDA56D87BD8BBB06BD6127A6BD2CD4
:208D4800392EBCEE33B1BC85FE1EBB9A0000000093B43CC1ACC53D179E843D4D1B1E3D81B8
:208D5800C4723D9ACB3E3DB32A453DCCC2123DE397E13DFA60573E0858253E3C29743E6E9D
:208D680000543E8CE1093E91CB3E3E93CB3E3E93CB3E3E93CB3E3E93CB3E3E93CB3E3E93F8
:208D7800CB3E3E93CB3E3E93CB3E3E93CB3E3E93CB3E3E93CB3E3E934381BEA84381BEA86B
:208D88004381BEA84381BEA84381BEA84381BEA84381BEA84381BEA84381BEA84381BEA87B
:208D98004381BEA84381BEA84381BEA8FC7ABE9EA10EBE8AEA4BBE649408BE2D71F3BDED88
:208DA800A07BBDD521FFBDBDFBBDBDA30903BD8A5AD9BD5F3AD2BD2A5B2DBCEB2767BC83BB
:208DB800FE1EBB9A0000000054CA3CC14E663D17CCCD3D4C8D8F3D8012303D9AF4493DB2C7
:208DC80014663DCB97393DE27CC43DF9BB303E07FA983E39AF103E6B42AF3E8A0F3D3E8E32
:208DD80044283E9044283E9044283E9044283E9044283E9044283E9044283E9044283E90AB
:208DE80044283E9044283E9044283E9044283E9092E2BEA392E2BEA392E2BEA392E2BEA32F
:208DF80092E2BEA392E2BEA392E2BEA392E2BEA392E2BEA392E2BEA392E2BEA392E2BEA3B3
:208E080092E2BEA3C337BE9DB3D0BE8992E2BE635EB3BE2CB44EBDEB1206BDD49E06BDBB57
:208E18007D03BDA2B439BD880529BD5D4DFDBD287D2CBCE81B1EBC81FE1EBB9A000000007E
:208E280054CA3CC1E58A3D16100E3D4C00003D80652C3D9918163DB228783DCAA0CF3DE131
:208E380032763DF8064F3E0752D23E3971DE3E6AE7583E88512F3E8DB54A3E8FB54A3E8F29
:208E4800B54A3E8FB54A3E8FB54A3E8FB54A3E8FB54A3E8FB54A3E8FB54A3E8FB54A3E8FAA
:208E5800B54A3E8FB54A3E8FB3A7BEA3B3A7BEA3B3A7BEA3B3A7BEA3B3A7BEA3B3A7BEA300
:208E6800B3A7BEA3B3A7BEA3B3A7BEA3B3A7BEA3B3A7BEA3B3A7BEA3B3A7BEA3985FBE9C7C
:208E780002DEBE8916C6BE6287BEBE2BFBE7BDE94F22BDD20514BDBA08C4BDA169ECBD87AE
:208E8800CEEEBD5A809DBD26B424BCE51DA8BC7EFE1EBB9A0000000054CA3CC191A73D1668
:208E980068493D4B23CD3D7FB8283D983BE23DB13C8A3DC9902E3DE0ED673DF67DFE3E0628
:208EA800476F3E3847063E69F8CB3E8779BC3E8AEC423E8CEC423E8CEC423E8CEC423E8C25
:208EB800EC423E8CEC423E8CEC423E8CEC423E8CEC423E8CEC423E8CEC423E8CEC423E8CDA
:208EC8004FF4BEA04FF4BEA04FF4BEA04FF4BEA04FF4BEA04FF4BEA04FF4BEA04FF4BEA082
:208ED8004FF4BEA04FF4BEA04FF4BEA04FF4BEA04FF4BEA07BF2BE9B216CBE88E411BE60A9
:208EE8005269BE2A6834BDE8C0ADBDD08659BDB8A440BD9F2A1BBD86A32FBD58BDBABD2431
:208EF800150EBCE30514BC7AFE1EBB9A0000000054CA3CC13DC53D16CAFF3D4A28243D7E11
:208F08001ADF3D987F243DB04B5E3DC894853DDFD24A3DF5E3543E059D0A3E373BA33E68A0
:208F180013D33E8686593E88F8DF3E8AF8DF3E8AF8DF3E8AF8DF3E8AF8DF3E8AF8DF3E8A30
:208F2800F8DF3E8AF8DF3E8AF8DF3E8AF8DF3E8AF8DF3E8AF8DF3E8AFC7ABE9EFC7ABE9ECB
:208F3800FC7ABE9EFC7ABE9EFC7ABE9EFC7ABE9EFC7ABE9EFC7ABE9EFC7ABE9EFC7ABE9E89
:208F4800FC7ABE9EFC7ABE9EFC7ABE9EA64CBE9A5F70BE87CE31BE5F78D5BE29BA49BDE63F
:208F580051ADBDCF1C97BDB74F76BD9EFA05BD8496E6BD56FAD7BD2275F7BCE0EC81BC7503
:208F6800FE1EBB9A0000000054CA3CC1FEDA3D1538323D4A41743D7D8D503D97DC9C3DAFBE
:208F780074693DC7A3593DDEC6E73DF450873E05F0073E36DEFC3E6621C03E8473823E86A4
:208F8800C6933E88C6933E88C6933E88C6933E88C6933E88C6933E88C6933E88C6933E88D1
:208F9800C6933E88C6933E88C6933E88C6933E880831BE9C0831BE9C0831BE9C0831BE9CF1
:208FA8000831BE9C0831BE9C0831BE9C0831BE9C0831BE9C0831BE9C0831BE9C0831BE9C11
:208FB8000831BE9C17D7BE99AD2EBE86963EBE5E9225BE282157BDE5DD6EBDCDB2D5BDB52D
:208FC800FFEBBD9CCF2DBD838A9CBD5461E5BD21D6E0BCDDFDDFBC71FE1EBB9A00000000E6
:208FD80054CA3CC1BFF03D15AFE23D4984B63D7C04FF3D97251C3DAFBCE83DC6ACEF3DDDF3
:208FE800C0C23DF3C5973E0420EF3E36B7AA3E6669C23E81BB843E830BF63E860BF63E861D
:208FF8000BF63E860BF63E860BF63E860BF63E860BF63E860BF63E860BF63E860BF63E8631
:209008000BF63E860BF63E86F252BE9AF252BE9AF252BE9AF252BE9AF252BE9AF252BE9A16
:20901800F252BE9AF252BE9AF252BE9AF252BE9AF252BE9AF252BE9AF252BE9AEE4EBE9763
:20902800F99CBE853ED5BE5DA0F9BE278DA4BDE35EB3BDCC5E0BBDB4C558BD9BA455BD82B2
:2090380088CEBD52C8F3BD1F61BBBCDB392EBC6EFE1EBB9A0000000054CA3CC181063D1573
:209048003C8A3D49C7F73D7B7CAF3D96978D3DAE002A3DC6B6853DDCE48F3DF24A623E0428
:209058003CDE3E3599073E64B9393E7F16C63E8250F03E8450F03E8450F03E8450F03E84D6
:2090680050F03E8450F03E8450F03E8450F03E8450F03E8450F03E8450F03E8450F03E84D8
:209078004318BE994318BE994318BE994318BE994318BE994318BE994318BE994318BE9948
:209088004318BE994318BE994318BE994318BE994318BE99516EBE9644BBBE85193BBE5C8B
:20909800B26CBE262920BDE2DABABDCA0942BDB38049BD9A8E75BD81A676BD503A7EBD1EDB
:2090A800018EBCD99E6FBC6AFE1EBB9A0000000054CA3CC157153D15C9323D4815B53D7B05
:2090B80004193D96F5063DAD38EF3DC5F9C63DDB1D543DF2BCD33E0387FD3E34D46B3E637D
:2090C800FE1E3E7AA97E3E7F29203E8229203E8229203E8229203E8229203E8229203E829A
:2090D80029203E8229203E8229203E8229203E8229203E8229203E825F5BBE945F5BBE942A
:2090E8005F5BBE945F5BBE945F5BBE945F5BBE945F5BBE945F5BBE945F5BBE945F5BBE9408
:2090F8005F5BBE945F5BBE946499BE94E3BDBE940E17BE84EADDBE59DB77BE25BF5DBDE0CC
:209108007B74BDC9AF3ABDB15AAFBD998312BD80C41EBD4EB685BD1CA162BCD6D9BEBC66FB
:20911800FE1EBB9A0000000054CA3CC12D233D1560573D486DF03D7AAAF83D956CB53DAD3A
:209128009BA63DC4280F3DDB1C6D3DF12A063E03024B3E344EA53E6018403E78B3E53E7CBE
:20913800A6763E801C6D3E811C6D3E811C6D3E811C6D3E811C6D3E811C6D3E811C6D3E8145
:209148001C6D3E811C6D3E811C6D3E811C6D3E8195FFBE9595FFBE9595FFBE9595FFBE954B
:2091580095FFBE9595FFBE9595FFBE9595FFBE9595FFBE9595FFBE9595FFBE9595FFBE95BF
:209168007BC8BE95CC8EBE935A86BE83018EBE5916DBBE255AD9BDDF3665BDC879E6BDB050
:209178002A99BD98E4E2BD7E013BBD4D5200BD1B562EBCD43EFFBC63FE1EBB9A000000006D
:2091880054CA3CC10DAE3D1501F73D48D0A63D79421C3D95E9A33DAC039B3DC4708F3DDA9C
:209198004FF43DF0D3843E0287163E3359213E6038713E7315A03E78F2D03E7CEBD93E7DCA
:2091A800EBD93E7DEBD93E7DEBD93E7DEBD93E7DEBD93E7DEBD93E7DEBD93E7DEBD93E7DAF
:2091B800EBD93E7DEBD93E7D0553BE930553BE930553BE930553BE930553BE930553BE93A3
:2091C8000553BE930553BE930553BE930553BE930553BE930553BE93E9CDBE92D92BBE9138
:2091D800D624BE82FE09BE573AA8BE24D1A2BDDDDC5DBDC63F53BDAF14BABD97E315BD7C43
:2091E8003E57BD4BE300BD190AFABCD27A4EBC5FFE1EBB9A0000000054CA3CC1EE393D1498
:2091F800A3983D4748563D79D9403D946BCF3DAC51593DC3A9543DD988B93DEF584F3E0226
:20920800D7733E32FC7A3E5E7E3D3E6F1F213E74BD663E78ABF33E79ABF33E79ABF33E7948
:20921800ABF33E79ABF33E79ABF33E79ABF33E79ABF33E79ABF33E79ABF33E79ABF33E798E
:209228005D79BE8F5D79BE8F5D79BE8F5D79BE8F5D79BE8F5D79BE8F5D79BE8F5D79BE8F0E
:209238005D79BE8F5D79BE8F5D79BE8F5D79BE8F6944BE8F27BBBE8F1038BE82E04CBE5699
:2092480053F8BE23970FBDDC974EBDC504C0BDAEF45EBD95F640BD7A906DBD497E7CBD1822
:20925800D4BFBCCF0981BC5CFE1EBB9A0000000054CA3CC1D9403D1464AE3D47B5893D78B7
:20926800801F3D94E37E3DABC3CA3DC226423DD9C6BD3DEEEF743E0125313E32E3FC3E5D93
:209278002F833E6CC88A3E7061913E754D7F3E764D7F3E764D7F3E764D7F3E764D7F3E7655
:209288004D7F3E764D7F3E764D7F3E764D7F3E764D7F3E764D7F3E76D9FDBE8FD9FDBE8F80
:20929800D9FDBE8FD9FDBE8FD9FDBE8FD9FDBE8FD9FDBE8FD9FDBE8FD9FDBE8FD9FDBE8F9E
:2092A800D9FDBE8FD9FDBE8FC654BE8F40A3BE8F97A2BE81C28FBE559F17BE224784BDDBF4
:2092B800577EBDC4CA2EBDACE3BDBD9413E8BD79ECFFBD472EF1BD17B37DBCCD6EC1BC58DF
:2092C800FE1EBB9A0000000054CA3CC1CEC43D1425C43D4737B53D7826FE3D9475643DAB53
:2092D8005AEE3DC269833DD8EFC83DED83F93E0170503E31273D3E5DE7C03E67E1C63E6CC7
:2092E800DBCB3E71DA123E72DA123E72DA123E72DA123E72DA123E72DA123E72DA123E72CD
:2092F800DA123E72DA123E72DA123E72DA123E7279D1BE8D79D1BE8D79D1BE8D79D1BE8D92
:2093080079D1BE8D79D1BE8D79D1BE8D79D1BE8D79D1BE8D79D1BE8D79D1BE8D79D1BE8D9D
:209318007492BE8D36F8BE8DEE8DBE801ACABE55EA36BE210275BDDA2229BDC3C409BDABAE
:20932800C89FBD933190BD774990BD46DF65BD15923ABCCB51D7BC55FE1EBB9A000000008A
:2093380054CA3CC1CEC43D14DC5D3D46CED93D77D31C3D930C893DABD29E3DC1C1BE3DD7C3
:2093480077323DED35543E01244A3E3197E13E5A4C303E66A8EB3E6A05A73E6FE47A3E6FBE
:20935800E47A3E6FE47A3E6FE47A3E6FE47A3E6FE47A3E6FE47A3E6FE47A3E6FE47A3E6F9D
:20936800E47A3E6FE47A3E6F6224BE8A6224BE8A6224BE8A6224BE8A6224BE8A6224BE8AFB
:209378006224BE8A6224BE8A6224BE8A6224BE8A6224BE8A6224BE8A6762BE8A8049BE8ADF
:209388002C91BE801F21BE54187EBE21ADACBDD8E796BDC19E6FBDAAD773BD924F37BD7555
:20939800B09FBD449A56BD1470F8BCC98D26BC51FE1EBB9A0000000054CA3CC1CEC43D1488
:2093A800B26C3D467AF63D777F393D93A8EB3DAA4F8B3DC143E93DD7C4F03DECB7803E0074
:2093B8006CCA3E30F8DF3E5AA53C3E6326AB3E68AAB93E6C91683E6D91683E6D91683E6D90
:2093C80091683E6D91683E6D91683E6D91683E6D91683E6D91683E6D91683E6D91683E6D65
:2093D800E536BE8AE536BE8AE536BE8AE536BE8AE536BE8AE536BE8AE536BE8AE536BE8A5D
:2093E800E536BE8AE536BE8AE536BE8AE536BE8AD81BBE8A9004BE8A876ABE7F4D6ABE53CC
:2093F8007B35BE2097CCBDD7D6F5BDC07E13BDA9DBCBBD918C54BD732CA5BD434ACBBD13D7
:2094080064AEBCC7464ABC4EFE1EBB9A0000000054CA3CC1CEC43D147DFE3D46079E3D774F
:2094180030943D93454E3DAAD6F53DC0D0913DD602F33DEC68DC3E00CA433E2FD8843E59DD
:20942800BAF13E5E59363E63F77B3E67E6083E68E6083E68E6083E68E6083E68E6083E68B2
:20943800E6083E68E6083E68E6083E68E6083E68E6083E68E6083E68D25FBE88D25FBE88AE
:20944800D25FBE88D25FBE88D25FBE88D25FBE88D25FBE88D25FBE88D25FBE88D25FBE884C
:20945800D25FBE88D25FBE88D25FBE88CE70BE88249EBE7D3166BE51C116BE1F57FBBDD6CF
:20946800B15BBDBF6D72BDA8E022BD90D3EDBD71B329BD411038BD12436CBCC5295FBC4B2B
:20947800FE1EBB9A0000000054CA3CC1D9403D14540D3D46B3BC3D76EC6C3D92F6A93DA92C
:2094880068DC3DC057FB3DD655EF3DEB27523E0064063E2F6DDB3E578E4C3E5BAEBC3E5FCD
:20949800D1CC3E6377D93E6577D93E6577D93E6577D93E6577D93E6577D93E6577D93E65D1
:2094A80077D93E6577D93E6577D93E6577D93E65B7AABE86B7AABE86B7AABE86B7AABE8644
:2094B800B7AABE86B7AABE86B7AABE86B7AABE86B7AABE86B7AABE86B7AABE86B7AABE866C
:2094C800AFCDBE869835BE860C20BE7C8C3FBE5006F7BE1F182BBDD59100BDBE71C9BDA71B
:2094D800E9B8BD8F110ABD7039ACBD40D5A6BD104C1BBCC38E9FBC47FE1EBB9A000000008E
:2094E80054CA3CC1E3BD3D142A1B3D466A553D76BD3C3D92A2C63DA9053E3DC0CFAB3DD53C
:2094F800DD593DEA91E63DFFA9E73E2EC1A93E54C5433E58CE1C3E5CD1B73E606FE73E620E
:209508006FE73E626FE73E626FE73E626FE73E626FE73E626FE73E626FE73E626FE73E6293
:209518006FE73E626FE73E626A55BE866A55BE866A55BE866A55BE866A55BE866A55BE8635
:209528006A55BE866A55BE866A55BE866A55BE866A55BE866A55BE866128BE864C30BE8684
:20953800C9B0BE7AC505BE4F83E4BE1E1744BDD470A4BDBD809DBDA6F88CBD8E7818BD6EC4
:20954800D528BD3EB00CBD0F3FD1BCC147C3BC44FE1EBB9A0000000054CA3CC1F8B63D1461
:2095580015233D4616723D7688CE3D925E9E3DA9A1A13DBF5C533DD55F853DEAD5283DFEB4
:209568005B423E2E12C23E4F024B3E54EF353E58DC1E3E5DD60F3E5FD60F3E5FD60F3E5FC5
:20957800D60F3E5FD60F3E5FD60F3E5FD60F3E5FD60F3E5FD60F3E5FD60F3E5FD60F3E5FC3
:2095880051D7BE8551D7BE8551D7BE8551D7BE8551D7BE8551D7BE8551D7BE8551D7BE856B
:2095980051D7BE8551D7BE8551D7BE8551D7BE853501BE85F0D8BE84335DBE79D139BE4EA7
:2095A800C487BE1D06A3BDD36541BDBC753ABDA511DCBD8EBFB1BD6C5BABBD3D7FF6BD0E03
:2095B8004880BCBF00E7BC41FE1EBB9A0000000054CA3CC1182B3D15EB313D45D7883D759C
:2095C8003F683D921A763DA94DBE3DBFE3BD3DD4E6EF3DE92D623DFE9E843E2DFBFC3E4C0C
:2095D800244A3E5149F93E5572473E591D933E5B1D933E5B1D933E5B1D933E5B1D933E5BE4
:2095E8001D933E5B1D933E5B1D933E5B1D933E5B1D933E5B1D933E5B7C9ABE837C9ABE83FF
:2095F8007C9ABE837C9ABE837C9ABE837C9ABE837C9ABE837C9ABE837C9ABE837C9ABE839B
:209608007C9ABE837C9ABE8367A1BE832F45BE834A0EBE7826D5BE4E07C8BE1DEB85BDD159
:209618005F1CBDBB8E8ABDA435A8BD8D26C0BD6B01A3BD3C5A5CBD0D512FBCBDBA0ABC3DBE
:20962800FE1EBB9A0000000054CA3CC12D233D15EB313D45989E3D7515773D92BC173DA85B
:20963800EF5F3DBE855E3DD4691A3DE990193DFD4AA13E2D22683E4C72083E50C4483E5439
:2096480013E83E59CC4F3E5ACC4F3E5ACC4F3E5ACC4F3E5ACC4F3E5ACC4F3E5ACC4F3E5A8B
:20965800CC4F3E5ACC4F3E5ACC4F3E5ACC4F3E5AAD04BE80AD04BE80AD04BE80AD04BE806A
:20966800AD04BE80AD04BE80AD04BE80AD04BE80AD04BE80AD04BE80AD04BE80AD04BE806A
:20967800BB6FBE80E172BE80689DBE777F0FBE4D7F78BE1CD5A6BDD058F7BDBA92E2BDA393
:209688005437BD8CA2C6BD69B218BD3A34C2BD0C6ED6BCBB732EBC3AFE1EBB9A000000001D
:2096980054CA3CC14C983D15D6393D456EAD3D75FB403D91826B3DA87C073DBE0CC83DD4C5
:2096A800EB463DE80D063DFDF95D3E2CFDA03E486A163E4DD68C3E5143033E5608853E5823
:2096B80008853E5808853E5808853E5808853E5808853E5808853E5808853E5808853E587A
:2096C80008853E5808853E58C73BBE80C73BBE80C73BBE80C73BBE80C73BBE80C73BBE80BC
:2096D800C73BBE80C73BBE80C73BBE80C73BBE80C73BBE80C73BBE80BE0EBE80A915BE80EC
:2096E800F45EBE758DE3BE4CF727BE1BBFC6BDCF5D4FBDB9A6F4BDA272C5BD8B1451BD6837
:2096F800628DBD392420BD0B8C7EBCB95643BC37FE1EBB9A0000000054CA3CC1768A3D1578
:20970800D6393D4544BB3D75B7173D914DFD3DA82D623DBE94313DD36D723DE889F43DFC1B
:2097180037613E2C197A3E4595AB3E4911DC3E4E8E0D3E525B6C3E545B6C3E545B6C3E54A3
:209728005B6C3E545B6C3E545B6C3E545B6C3E545B6C3E545B6C3E545B6C3E545B6C3E5459
:2097380001B8BE7F01B8BE7F01B8BE7F01B8BE7F01B8BE7F01B8BE7F01B8BE7F01B8BE7F61
:2097480001B8BE7F01B8BE7F01B8BE7F01B8BE7F212DBE7F67F5BE7F9DDCBE75BC2CBE4B68
:209758006C37BE1BB9A1BDCE66E4BDB8B08ABDA1A10EBD8A9AD4BD661D7EBD38FE87BD09D7
:20976800AA26BCB73958BC34FE1EBB9A0000000054CA3CC195FF3D15D6393D451ACA3D7584
:209778009CE03D9109D53DA8EE783DBD2B563DD3EF9E3DE706E23DFCE61D3E2B98203E435C
:20978800B5F23E47D3C33E4BF1953E4F97A23E5197A23E5197A23E5197A23E5197A23E517B
:2097980097A23E5197A23E5197A23E5197A23E5197A23E5197A23E51D7B2BE7BD7B2BE7B7D
:2097A800D7B2BE7BD7B2BE7BD7B2BE7BD7B2BE7BD7B2BE7BD7B2BE7BD7B2BE7BD7B2BE7B91
:2097B800D7B2BE7BD7B2BE7BD513BE7BD274BE7BDCB1BE72209BBE4ADC0ABE1AC875BDCD68
:2097C80075B8BDB7C9DABDA0CF57BD892157BD65D86FBD36EDE5BD08C7CEBCB51C6DBC318D
:2097D800FE1EBB9A0000000054CA3CC1BFF03D15CBBC3D45F0D83D7468733D91D0293DA7DC
:2097E800BF483DBDE1EF3DD271C93DE783CF3DFB21813E2B639D3E4064993E4465953E4811
:2097F80066903E4CCBFB3E4ECBFB3E4ECBFB3E4ECBFB3E4ECBFB3E4ECBFB3E4ECBFB3E4E93
:20980800CBFB3E4ECBFB3E4ECBFB3E4ECBFB3E4E8644BE758644BE758644BE758644BE7504
:209818008644BE758644BE758644BE758644BE758644BE758644BE758644BE758644BE7548
:20982800EC81BE759985BE76C971BE718B2FBE493EC0BE1AC78FBDCC8F08BDB6F2E5BD9F12
:209838000D5ABD89A7DBBD63A858BD35E7C0BD07FA6EBCB32974BC2EFE1EBB9A0000000095
:2098480054CA3CC1E9E23D15E0B53D45DBE03D7458B83D91B5F23DA75BAB3DBDA3053DD225
:2098580023253DE720323DFBCD9F3E2AACDA3E3A24B33E409F2C3E4519A43E4B63203E4E30
:2098680063203E4E63203E4E63203E4E63203E4E63203E4E63203E4E63203E4E63203E4E68
:2098780063203E4E63203E4E9985BE769985BE769985BE769985BE769985BE769985BE76C6
:209888009985BE769985BE769985BE769985BE769985BE769985BE76F2A6BE768573BE77DB
:20989800DAE4BE70DE2BBE48ABF3BE19DBA1BDCBAD97BDB5212DBD9F40E1BD884DD3BD6237
:2098A8006DC6BD34D71FBD062D0EBCB20C89BC2BFE1EBB9A0000000054CA3CC11E4F3D1652
:2098B800E0B53D45B1EE3D742EC73D91674D3DA721FF3DBD641B3DD2D9BE3DE6C7113DFA5D
:2098C8007C5B3E2A88273E3A742A3E3E62CC3E424ECF3E46A9BD3E48A9BD3E48A9BD3E48ED
:2098D800A9BD3E48A9BD3E48A9BD3E48A9BD3E48A9BD3E48A9BD3E48A9BD3E48A9BD3E4810
:2098E8003958BE743958BE743958BE743958BE743958BE743958BE743958BE743958BE7448
:2098F8003958BE743958BE743958BE743958BE7482BFBE74FB55BE740308BE6F33C6BE4818
:2099080023A3BE19EA74BDCACC25BDB44F76BD9E6F2ABD87DED3BD60482CBD33D0FABD05A0
:209918005FAFBCB0198FBC28FE1EBB9A0000000054CA3CC15D3A3D16F5AE3D45BC6A3D74B7
:2099280019CE3D9152543DA7028A3DBDEB853DD19AD43DE66DF03DFAB5203E2964453E385C
:209938005D643E3C59213E40523F3E44B50B3E46B50B3E46B50B3E46B50B3E46B50B3E4675
:20994800B50B3E46B50B3E46B50B3E46B50B3E46B50B3E46B50B3E46378BBE72378BBE7283
:20995800378BBE72378BBE72378BBE72378BBE72378BBE72378BBE72378BBE72378BBE725F
:20996800378BBE72378BBE729B28BE72404FBE73D830BE6D86C2BE479DF1BE1803C5BDCA15
:20997800FA6EBDB37DBFBD9DB7AABD8684CBBD5F0D99BD32CAD5BD04A748BCAEFCA4BC2484
:20998800FE1EBB9A0000000054CA3CC191A73D1615233D469CF53D74FF973D902DA13DA796
:20999800AEA73DBCAC9B3DD12CBA3DE624893DFA63DC3E29262D3E369A803E3A0C353E3F62
:2099A8007DE93E432A1B3E462A1B3E462A1B3E462A1B3E462A1B3E462A1B3E462A1B3E4639
:2099B8002A1B3E462A1B3E462A1B3E462A1B3E4620C5BE7020C5BE7020C5BE7020C5BE701F
:2099C80020C5BE7020C5BE7020C5BE7020C5BE7020C5BE7020C5BE7020C5BE7020C5BE70E7
:2099D8004AB6BE70917DBE70E37EBE6BEC18BE4615A0BE18F862BDC80E80BDB39C4EBD9CC8
:2099E800FAECBD853FBCBD5EE7FFBD30C4B1BD03D9E8BCAC09ABBC22FE1EBB9A00000000ED
:2099F80054CA3CC1C6153D162A1B3D46A7723D74F51B3D9003B03DA77F783DBC87E83DD193
:209A0800A9A83DE5A1773DF9613D3E29AF3A3E317F4E3E364CC23E3B1A373E40FD763E4296
:209A1800FD763E42FD763E42FD763E42FD763E42FD763E42FD763E42FD763E42FD763E4296
:209A2800FD763E42FD763E42E1C6BE6CE1C6BE6CE1C6BE6CE1C6BE6CE1C6BE6CE1C6BE6C52
:209A3800E1C6BE6CE1C6BE6CE1C6BE6CE1C6BE6CE1C6BE6CE1C6BE6C0918BE6D4AA1BE6DC6
:209A4800A64CBE6A2F5ABE468D50BE1716F0BDC81D54BDB2DA51BD9B38EFBD85FAADBD5C8E
:209A5800C265BD2FC908BD022181BCABECC0BC1EFE1EBB9A0000000054CA3CC104FF3D17D9
:209A680034983D4692793D74CB293D90F3F53DA66A7F3DBC2EC73DD16FFC3DE519263DF960
:209A780048BF3E285B573E31CD0C3E353EC03E3AB0753E3E5A083E415A083E415A083E413A
:209A88005A083E415A083E415A083E415A083E415A083E415A083E415A083E415A083E41B6
:209A9800D81BBE6AD81BBE6AD81BBE6AD81BBE6AD81BBE6AD81BBE6AD81BBE6AD81BBE6AD6
:209AA800D81BBE6AD81BBE6AD81BBE6AD81BBE6A2420BE6BA1F5BE6B7B74BE699F2CBE4522
:209AB800FD22BE163ABDBDC75B57BDB11855BD9B86ADBD84A0A5BD5BB1C4BD2ED7DCBD0199
:209AC800691ABCA9F9C6BC1BFE1EBB9A0000000054CA3CC143E93D1769053D467D803D7455
:209AD800D0683D90BA493DA60C203DBCE5603DD055C53DE5AB0D3DF88A483E28F1953E2FB8
:209AE800D31C3E33B4A23E3796293E3BE93A3E3DE93A3E3DE93A3E3DE93A3E3DE93A3E3DE5
:209AF800E93A3E3DE93A3E3DE93A3E3DE93A3E3DE93A3E3DE93A3E3D5508BE6A5508BE6A90
:209B08005508BE6A5508BE6A5508BE6A5508BE6A5508BE6A5508BE6A5508BE6A5508BE6A15
:209B18005508BE6A5508BE6AA64CBE6A074ABE6BC06EBE672071BE446A55BE167382BDC69E
:209B2800995BBDB04BDCBD9AD46BBD836613BD5A8C2ABD2DD1B7BD00B0B4BCA7DCDBBC18F8
:209B3800FE1EBB9A0000000054CA3CC197CC3D17887B3D469CF53D74B0F23D90BA493DA6AD
:209B480006E23DBCD5A63DD0E26D3DE47BDD3DF82DA13E27BDF93E2D97A23E31714C3E356B
:209B58004AF53E3960033E3C60033E3C60033E3C60033E3C60033E3C60033E3C60033E3C2C
:209B680060033E3C60033E3C60033E3C60033E3C2DA1BE672DA1BE672DA1BE672DA1BE679D
:209B78002DA1BE672DA1BE672DA1BE672DA1BE672DA1BE672DA1BE672DA1BE672DA1BE6735
:209B8800A8D6BE674620BE68C765BE668088BE43D788BE159210BDC5B2ABBDAF89DFBD9958
:209B980017ADBD832B80BD59710DBD2CC116BCFFF84DBCA5E9E2BC15FE1EBB9A000000003C
:209BA80054CA3CC1D6B63D179D733D4692793D74C5EB3D908B1A3DA6BD7B3DBB72083DD097
:209BB800840E3DE442313DF83FFB3E272E883E28E1C63E2C95033E3145A23E3607B33E3AD2
:209BC80007B33E3A07B33E3A07B33E3A07B33E3A07B33E3A07B33E3A07B33E3A07B33E3AED
:209BD80007B33E3A07B33E3AF141BE63F141BE63F141BE63F141BE63F141BE63F141BE6317
:209BE800F141BE63F141BE63F141BE63F141BE63F141BE63F141BE63A622BE648794BE6543
:209BF800B963BE65E0A0BE4266CFBE15A622BDC4E632BDAED79DBD987525BD82E671BD57AD
:209C0800606BBD2BDEBEBCFD3FE6BCA4CCF7BC12FE1EBB9A0000000054CA3CC115A03D1888
:209C1800C7653D4687FD3D74ABB43D9085DB3DA6B83D3DBB57D13DD074543DE4B9E03DF701
:209C28001D003E2601113E2770263E2BDF3B3E2F4E513E34DBF53E37DBF53E37DBF53E37BE
:209C3800DBF53E37DBF53E37DBF53E37DBF53E37DBF53E37DBF53E37DBF53E37DBF53E37E4
:209C48004DD3BE624DD3BE624DD3BE624DD3BE624DD3BE624DD3BE624DD3BE624DD3BE62FC
:209C58004DD3BE624DD3BE624DD3BE624DD3BE62CE46BE6270CEBE6300FCBE64339CBE426C
:209C68000870BE15E964BDC333F0BDAE0B24BD98B867BD81C0D7BD564FCABD2AFC65BCFB93
:209C7800877FBCA2D9FDBC0FFE1EBB9A0000000054CA3CC169833D18064F3D47BC6A3D744A
:209C8800A1383D905BEA3DA67E913DBB2DE03DD015F43DE44BC73DF7B9633E2570E33E2627
:209C980003C53E2A96A73E2D29893E3104EA3E3404EA3E3404EA3E3404EA3E3404EA3E34D3
:209CA80004EA3E3404EA3E3404EA3E3404EA3E3404EA3E3404EA3E34ADEBBE61ADEBBE61EE
:209CB800ADEBBE61ADEBBE61ADEBBE61ADEBBE61ADEBBE61ADEBBE61ADEBBE61ADEBBE61D4
:209CC800ADEBBE61ADEBBE6116C6BE6299D9BE621CEBBE63CAC1BE419518BE1431E4BDC3BA
:209CD8005CFBBDAD58E2BD9715DFBD818644BD555422BD291A0DBCFAE411BCA0BD12BC0CEE
:209CE800FE1EBB9A0000000054CA3CC1B2EA3D1830403D47BC6A3D74ABB43D90516E3DA646
:209CF8006ED63DBBDF3B3DCFC7503DE33C0C3DF700153E23C7503E23A3983E2782803E2B3E
:209D080064063E2F7BB33E327BB33E327BB33E327BB33E327BB33E327BB33E327BB33E3212
:209D18007BB33E327BB33E327BB33E327BB33E322F30BE602F30BE602F30BE602F30BE60BF
:209D28002F30BE602F30BE602F30BE602F30BE602F30BE602F30BE602F30BE602F30BE6033
:209D38006E1ABE60BCBEBE600B63BE616C61BE41FFACBE1340B8BDC2A03CBDACA162BD96E6
:209D48005921BD806B27BD544381BD2837B5BCF840A3BC9FCA19BC09FE1EBB9A0000000001
:209D580054CA3CC1FC503D185A323D47C6E73D74917D3D9046F13DA63FA73DBBE9B83DCF41
:209D6800D1CC3DE3E2EB3DF6CF183E20A36E3E21C3DF3E25E4503E2904C03E2E537A3E315D
:209D7800537A3E31537A3E31537A3E31537A3E31537A3E31537A3E31537A3E31537A3E31EB
:209D8800537A3E31537A3E31E782BE5EE782BE5EE782BE5EE782BE5EE782BE5EE782BE5E25
:209D9800E782BE5EE782BE5EE782BE5EE782BE5EE782BE5EE782BE5E6556BE5F029FBE60F6
:209DA8009FE8BE60BCBEBE407C9ABE138937BDC1F338BDABE9E2BD958CA8BD7F3B10BD53DE
:209DB8003D5CBD276A55BCF69D34BC9DAD2EBC06FE1EBB9A0000000054CA3CC150333D1971
:209DC80084233D47F0D83D74ABB43D901D003DA6352B3DBB76603DCF497B3DE35A9B3DF665
:209DD8007DBF3E1D7EA63E1E7DE93E237A8D3E2879D13E2D7ACC3E317ACC3E317ACC3E314C
:209DE8007ACC3E317ACC3E317ACC3E317ACC3E317ACC3E317ACC3E317ACC3E317ACC3E31B3
:209DF800F1E9BE5BF1E9BE5BF1E9BE5BF1E9BE5BF1E9BE5BF1E9BE5BF1E9BE5BF1E9BE5BB3
:209E0800F1E9BE5BF1E9BE5BF1E9BE5BF1E9BE5B84B6BE5C3C36BE5DF3B6BE5D14F9BE40BE
:209E180028B7BE13CC79BDC01C43BDAB475ABD9532A0BD7E1577BD522CBABD2687FDBCF459
:209E2800CFD5BC9BBA34BC03FE1EBB9A0000000054CA3CC1AE923D19B8913D47104D3D7574
:209E3800A1383D9037373DA605FB3DBB90973DCF2F453DE3501E3DF6BADC3E1BA9693E1C58
:209E480057693E2105683E26B3683E2A703B3E2E703B3E2E703B3E2E703B3E2E703B3E2E14
:209E5800703B3E2E703B3E2E703B3E2E703B3E2E703B3E2E703B3E2E945BBE59945BBE5954
:209E6800945BBE59945BBE59945BBE59945BBE59945BBE59945BBE59945BBE59945BBE59AA
:209E7800945BBE59945BBE597DAABE5A645ABE5B4DA9BE5CB075BE3EB55FBE12F045BDBFE2
:209E8800747EBDAA8FDABD94028ABD7DFA59BD503112BD25BA9DBCF2415FBC9A9D49BC00BF
:209E9800FE1EBB9A0000000054CA3CC102753D1A0C743D4825463D7596BC3D900D453DA6DA
:209EA8000B393DBB27BB3DCF05533DE30BF63DF626573E1C26573E1C8F473E1FFAD73E22B2
:209EB80063C73E26CCB83E29CCB83E29CCB83E29CCB83E29CCB83E29CCB83E29CCB83E298F
:209EC800CCB83E29CCB83E29CCB83E29CCB83E2960BFBE5760BFBE5760BFBE5760BFBE57FE
:209ED80060BFBE5760BFBE5760BFBE5760BFBE5760BFBE5760BFBE5760BFBE5760BFBE57CA
:209EE80051ECBE584079BE592F06BE5A54B5BE3E1AB5BE124DBEBDBFAD43BDA9ED52BD93DA
:209EF800B2FFBD7BCA43BD4F3569BD24ED3EBCF09DF1BC9854A0BBFBFE1EBB9A00000000F5
:209F080054CA3CC160D43D1A40E13D483A3F3D75B0F23D901D003DA6D18D3DBA3CB43DCF02
:209F1800A1B63DE27E673DF5B2183E1AB2183E1A89223E1E602D3E2237373E2610E03E2A3A
:209F280010E03E2A10E03E2A10E03E2A10E03E2A10E03E2A10E03E2A10E03E2A10E03E2A59
:209F380010E03E2A10E03E2A5476BE555476BE555476BE555476BE555476BE555476BE552B
:209F48005476BE555476BE555476BE555476BE555476BE555476BE556A55BE568034BE572F
:209F58009614BE58E93ABE3DCEAFBE116C4CBDBE0ABBBDA935D2BD9382E8BD7AC41EBD4E7C
:209F680039C1BD231FDEBCEFFA83BC961ACABBF5FE1EBB9A0000000054CA3CC1B4B73D1AA6
:209F78007FCC3D4883A53D75B0F23D9012843DA6EBC43DBAE8D13DCEBBED3DE288E33DF569
:209F8800F4493E12F4493E1261A63E18CF033E1D39C13E23A47F3E28A47F3E28A47F3E281F
:209F9800A47F3E28A47F3E28A47F3E28A47F3E28A47F3E28A47F3E28A47F3E28A47F3E2861
:209FA8006B27BE546B27BE546B27BE546B27BE546B27BE546B27BE546B27BE546B27BE5479
:209FB8006B27BE546B27BE546B27BE546B27BE5466CFBE556278BE565E20BE573ED5BE3D22
:209FC80065D4BE11C9C5BDBD5DB7BDA89DC7BD924856BD79A900BD4D3E18BD226777BCEDFA
:209FD8005715BC95E0F4BBEEFE1EBB9A0000000054CA3CC1089A3D1BBEB63D48A31A3D7541
:209FE800B0F23D90F30E3DA5B2183DBAF88C3DCE339C3DE235013DF589B53E1389B53E1343
:209FF80071613E185BAB3E1D45F63E2230403E2730403E2730403E2730403E2730403E27FC
:20A0080030403E2730403E2730403E2730403E2730403E2730403E273B10BE533B10BE5382
:20A018003B10BE533B10BE533B10BE533B10BE533B10BE533B10BE533B10BE533B10BE5348
:20A028003B10BE533B10BE53E037BE5387FDBE542D23BE5591D1BE3CD5A6BE100D06BDBD0D
:20A03800AB75BDA7E647BD9122BCBD78A2DBBD4C4CECBD21AF10BCEBC89FBC93FB01BBE89F
:20A04800FE1EBB9A0000000054CA3CC166F93D1BFDA03D48CD0C3D75BB6F3D901D003DA611
:20A05800C7113DBAA4A93DCE53113DE2A7723DF4C3613E13C3613E130DC33E1858253E1C0D
:20A06800A5273E20EF893E24EF893E24EF893E24EF893E24EF893E24EF893E24EF893E24B8
:20A07800EF893E24EF893E24EF893E24EF893E244928C0534928C05332F4C04EF291C0439E
:20A08800B90FC039FB16C02FAF79C0266018C01DA993C0144FA0C00C4D01C0043BE2BFF9E2
:20A09800CCF7BFEA7FCCBFDCFB40BFCDE2D6BFBF7C07BFB270A4BFA5C005BF982214BF8C50
:20A0A8000D6FBF80A1A1BF67F0AEBF4E2DA1BF37E08BBF1F16F0BF088F47BEDF7F78BEAC1C
:20A0B8002047BE7EA4A9BE0E7896BDC02AC3BD5EAC32BCE2877FBB2240F6BD2B9CF5BDB4BA
:20A0C80003C5BE0A2AC3BE3E4BDCBE7A3D86BEBD053EBEF0FB6ABF0FC505BF275F70BF3FC1
:20A0D80078FFBF578701BF70754FBF84B392BF907FB7BF9D602DBFAA9BBBBFB733B1BFC5CD
:20A0E8002EF1BFD3E7EABFE115F4BFF0C12BBFFE328BC0075960C00FD9D3C017EEB7C020C1
:20A0F800341AC02AAE14C03361E5C03DCE5BC04708AFC052D7F1C05C7EBBC05DDEA9C0544A
:20A10800DEA9C0547BF2C04F2A84C0451EB8C03B5087C031BF72C02799AFC01ED6B6C01535
:20A118003E57C00D3333C00550B1BFFB7A3ABFEC747EBFDE9192BFCFBD51BFC1486BBFB48C
:20A1280031E4BFA77525BF9ACC64BF8DAE92BF81D18DBF6A0E41BF523B79BF3AE48FBF22C5
:20A138001B9BBF0BF06FBEE535D2BEB32047BE7EA4A9BE0E7896BDC02AC3BD5EAC32BCE242
:20A14800877FBB2240F6BD2B9CF5BDB403C5BE0A2AC3BE3E4BDCBE7A06B8BEB60ABBBEE97E
:20A15800F766BF0CB72CBF2445CCBF3C52E7BF544DE8BF6DCF96BF820457BF8FC600BF9BD1
:20A168009A02BFA8C91DBFB55697BFC343BFBFD1ED52BFDF0BF6BFEEA2DBBFFC1965C00672
:20A1780034C2C00EA993C016B131C01FE8D1C028540DC03234C2C03C5269C046BA49C05076
:20A188007708C05B7708C05BAE68C055AE68C055464AC050EADDC045D734C03B0150C03278
:20A19800A0E4C028736DC01F7454C01608AFC00EF6A9C0056E6EBFFCE83EBFED85C6BFDFA3
:20A1A800ED3EBFD00F7CBFC348FEBFB57358BFA86DDBBF9BFFC1BF8EA10EBF821F60BF6D9A
:20A1B8004FA0BF541744BF3C1394BF254174BF0DB218BEEA44D0BEB8B6AEBE82E8FBBE14CE
:20A1C8005EB3BDCC104DBD7580F1BCB2877FBB222B56BD132E88BDA80E17BE047857BE3775
:20A1D800DCB1BE723FD1BEB1B87CBEE4CAFFBF0A8199BF220CF2BF3A0E41BF52FCCEBF6A7E
:20A1E800A0CFBF810D45BF8E8922BF9A9B13BFA77D2CBFB402C9BFC2385CBFD0DC0ABFDEE3
:20A1F800F473BFEC83CFBFFB851FC0059AE9C00D0A7CC016D773C01E0664C028A273C03194
:20A208007B4AC03B913FC045EE4EC04F5B96C05A5B96C05AC654C055C654C0559FE8C0504B
:20A21800415FC046EE78C03B533BC032B828C0288A87C01F8D11C016216CC00E0F67C006DC
:20A22800A18CBFFC1B5CBFEEB8E5BFDF2008BFD143E9BFC37F0FBFB5A969BFA8A3ECBF9B05
:20A2380035D2BF8FD8C3BF828EC9BF6DBF0ABF5489F4BF3C898BBF25BA0ABF0DAC71BEEBB0
:20A248004856BEB926FEBE845105BE178D26BDD16D33BD7F44FABC9E2531BB120D5ABD094B
:20A25800A1B6BDA2797DBE015B6CBE34A051BE6FD9FDBEAFB795BEE34FCABF0A0903BF22A5
:20A2680097A2BF399B91BF518D65BF6A691ABF81D734BF8D5311BF9A6502BFA7486BBFB484
:20A27800CE07BFC103EFBFD0A748BFDEC155BFEC5254BFFB6B90C00582FDC00DF291C015DF
:20A28800BF87C01EEE78C0278B2FC031635EC03B7A25C045D662C04F43AAC05A43AAC05AE5
:20A29800B0B4C055B0B4C0558B1AC0502E0AC046DD6EC03B44A6C032AAE3C0287FB7C01F15
:20A2A80082E8C01619B9C00E092DC006980BBFFC1523BFEEB44EBFDF1EB8BFD143E9BFC3C3
:20A2B800805EBFB5AC5CBFA8A882BF9B3C0CBF8FE0A0BF82A123BF6DD4AABF54A234BF3C98
:20A2C800A858BF25DC1EBF0DF488BEEB999ABEB986ADBE840B24BE18FC26BDD2B867BD8175
:20A2D800E9E2BC95678CBAD0DFCEBD0485B2BDA0BA1FBE006F7EBE336D9CBE6E837BBEAFB6
:20A2E8006B90BEE32DB6BF0A3E18BF227C1CBF3985F0BF517B0BBF6A6191BF81CF57BF8D6F
:20A2F8004E7BBF9A620FBFA78F86BFB419B9BFC20592BFD0ABDEBFDEC78FBFEC5B81BFFB8F
:20A3080071C9C0058AB1C00DFBBDC015CA58C01EFB94C02799EDC031381DC03B8D7AC04558
:20A31800EC03C04F59F3C05A59F3C05A87BEC05587BEC05563C7C0500A7CC046BCFDC03B2D
:20A3280025AFC0328FDAC0286651C01F6CA0C01604C0C00EF6A9C005764BBFFCF7F9BFED78
:20A3380099C4BFDF0774BFD1E148BFC26C61BFB555DABFA8991CBF9B2E49BF8FD42CBF8269
:20A3480022A7BF6D61FABF549907BF3C4B49BF25D591BF0D72C5BEEBA416BEB99CF5BE8469
:20A358004A0EBE188477BDD3AED1BD8220DABC93F27CBAB07B4ABD03B3FABD9F7358BE0036
:20A368002B56BE3333F0BE6E7660BEAF67A1BEE330FDBF0A43FEBF22E1B1BF39F55ABF5127
:20A378008A1EBF6AA565BF81DBCBBF8D5DE1BF9A72C5BFA7A234BFB42E0ABFC21C82BFD055
:20A38800C669BFDEE4B8BFEC7BF2BFFB844DC0059ED8C00D1301C016E3BDC01E176EC028CD
:20A39800B813C0315960C03BB107C04512AEC050848CC05A848CC05A566DC055566DC055A4
:20A3A80033C6C050DDC2C0459336C03BFFD6C0316C76C02846B2C01F4F22C016E9B8C00D08
:20A3B800DDECC0054966BFFCCE07BFED74BCBFDFE411BFD0C227BFC25087BFB53BA3BFA8C0
:20A3C80081D8BF9BDABABF8EC02FBF82FD4CBF6C432DBF547A3ABF3C3309BF25BFF0BF0D70
:20A3D80050B1BEEB89DFBEB98E8ABE844CADBE18A3ECBDD39F17BD823E81BC91D70ABAA355
:20A3E8008A1EBD0284CBBD9F68DCBE00B107BE33EE0FBE6E8DF8BEAF89B5BEE3469DBF0AF2
:20A3F8005CE6BF22FDDFBF39176EBF521855BF6BB963BF81F30EBF8DB607BF9A8D50BFA71F
:20A40800BF5DBFB44E7BBFC23E96BFD0EB70BFDE0D06BFEDA8D6BFFB9D0AC005B9E0C00D37
:20A418003055C016035CC01F3A2AC028DE94C0318256C03BDDC2C0454357C050B780C05A6A
:20A42800B780C05A1F8AC0551F8AC055FE87C04FAD19C04565AAC03BD567C03145CCC028B8
:20A438002253C01F2E0AC016CB92C00DC212C0051648BFFC9FD3BFED497BBFDF6B7BBFD0D1
:20A448009B7CBFC22D23BFB51B33BFA8630BBF9BBEE0BF8EA5F8BF82CF6CBF6C154DBF5477
:20A45800523FBF3C0DAEBF255715BF0D19A4BEEBEDE5BEB81206BE842D38BE187F39BDD3F6
:20A468007525BD82A305BC9237F4BAA13C60BD03DDECBD9F8312BE00E2D6BE333238BE6F6B
:20A478002364BEB03BF7BEE4656BBF0A8199BF2225D9BF3A42AFBF524A23BF6BD399BF812B
:20A488000EE9BF8ED4D4BF9AADC1BFA7E172BFB47382BFC26834BFD016B1BFDF3CDEBFED09
:20A49800DD44BFFBB98CC005D8D8C00D523FC016288DC01F61A6C028092DC032B08AC03BFB
:20A4A8000F3DC0463611C050F0AEC05AF0AEC05A280FC055280FC055C6FCC04F7881C04514
:20A4B800714CC03BA882C0311C04C028FBA9C01E0A7CC016AA7AC00DA344C005DEE8BFFBAE
:20A4C8006B66BFED19A4BFDF403ABFD07382BFC20679BFB5F62BBFA740F6BF9BA012BF8E14
:20A4D800887BBF8297B7BF6CE37EBF53C9EFBF3BE5B4BF2431BABF0D53B9BEEAB2EABEB889
:20A4E800E187BE837857BE17EC6CBDD245F6BD824ACBBC932696BAA59ABFBD038073BDA0BE
:20A4F800205CBE01299EBE3435BDBE705D10BEB0816FBEE4D42CBF0AFA2FBF225461BF3A42
:20A5080073D6BF527E91BF6BF117BF812F5ABF8EF6E8BF9AD2C8BFA7096CBFB59D1FBFC225
:20A518009375BFD04688BFDF714CBFED14F9BFFCD884C005F9F0C00D75CDC0164F0EC01FC4
:20A528008C15C02836B9C032E133C03B0514C0466F3FC0502DA1C05B2DA1C05BEBC4C05428
:20A53800EBC4C0548C2AC04F4270C0453F29C03B797DC031F0C3C027D384C01EE4A4C0154E
:20A548008866C00D837BC005A440BFFB3554BFEDE829BFDE1062BFD0469DBFC2DCDBBFB465
:20A55800CF81BFA7DCB1BF9A7DFEBF8E3055BF82F3E0BF6B4C1BBF5398C8BF3B63F1BF24B2
:20A568000679BF0D07B3BEEA7011BEB84EBABE83342FBE17007EBDD25F46BD817065BC9499
:20A57800A2F0BAAF2310BD04D994BDA05F46BE010870BE35A676BE700A13BEB1CEC4BEE431
:20A58800FF6DBF0A2BFEBF23DF50BF3A0B39BF53BC2CBF6B0FE4BF828D65BF8E1AA0BF9B5C
:20A59800F972BFA7335DBFB5CA04BFC2F377BFD07953BFDFA900BFED5144BFFCF823C00597
:20A5A8001D7EC00E9BA6C0167803C01FB828C02865BFC03214F9C03C3BF7C046AA11C050CF
:20A5B8006C37C05B6C37C05BAD2EC054AD2EC05450B1C04F0AE5C0450B63C03B497BC03107
:20A5C800C409C027A9E7C01EBECBC01564D8C00D630BC00567F5BFFBFDA0BFEC602DBFDE2F
:20A5D800E08BBFCF19B9BFC26F15BFB4A787BFA7B607BF9A5A9BBF8E0E95BF82B646BF6B2A
:20A5E80011C7BF536113BF3B3223BF24AFF7BF0CB520BEE9B9E0BEB70FD0BE8367B6BE16B7
:20A5F80087E8BDD10625BD81E58ABC966ED6BABB5DA2BD05EF74BDA1EA36BE016C0DBE3596
:20A60800CC10BE71537ABEB19DDCBEE52AAEBF0B5D25BF231705BF3B4635BF536349BF6C4F
:20A6180031F9BF82B11CBF8E40F6BF9B66E4BFA85E9EBFB5F838BFC24563BFD1AF64BFDF52
:20A62800E0B5BFED8D3BBFFC1A37C00641DDC00EC322C016A29CC01FE5B4C0289739C03230
:20A638004990C03C7454C046E704C05067A1C05B67A1C05B6E98C0546E98C05413BEC04F0A
:20A64800D289C044D6CBC03A18D2C031967DC027801FC01E9778C01540A3C00D41F2C0051A
:20A658002BAABFFB6C76BFEC2BBFBFDEAF10BFCF9E30BFC13D9BBFB439C1BFA78F5CBF9AB5
:20A668003593BF8EEC81BF817564BF6BD6CBBF52295FBF3BFDB5BF236003BF0CDE2BBEE868
:20A678006B3CBEB77286BE821134BE16385CBDD0053EBD80DCDBBC9878EABACC594BBD065A
:20A68800A6F4BDA2680ABE026278BE36599FBE72C194BEB1F6FDBEE5A344BF0B9192BF2381
:20A698004EBABF3B83CFBF53A42BBF6C8EB4BF82D624BF8E6944BF9B90D6BFA8D3EDBFB570
:20A6A80073C1BFC3782DBFD1E575BFDF1B5CBFEECCCDBFFC3C21C0066613C00EEB46C016C6
:20A6B800CD0CC01F1412C029C95CC0327FA2C03CAE53C04624C8C051A92AC05BA92AC05BA7
:20A6C8002E88C0542E88C054D6CBC04E995BC044A18CC03AE782C03068F1C02755B0C01E94
:20A6D8006FFCC0151C43C00D1D93C005EC6CBFFA331EBFECF5AEBFDD7BF2BFCF6E59BFC1F3
:20A6E800110ABFB41023BFA768B2BF9AD441BF8DCA6DBF81C860BF6A45F6BF529542BF3A73
:20A6F800760CBF232E34BF0C83BABEE8AE7DBEB62BBFBE8237A0BE157B9EBDCF2E49BD7F03
:20A708003D08BC9B8D11BAEE8961BD079D5EBDA32F45BE03FD22BE369192BE735D8DBEB250
:20A71800CF42BEE6D7B2BF0B19E3BF24A7DBBF3B245FBF54E7ABBF6CB218BF82FCCEBF8E49
:20A72800D274BF9BBC17BFA800D2BFB6A53CBFC3AC9BBFD11D2ABFE057A8BFEE0DAEBFFDAD
:20A738005EDDC0068BEBC00E143CC017F91EC01F4318C029FC50C032B685C03CE8FBC046FD
:20A748006430C051EBAFC05BEBAFC05B1523C0541523C054FEEFC04E8241C0448BEBC03A18
:20A75800D35BC030566DC02743D4C01E5FC4C0150DAEC00DE2EBC004D384BFFA1C2EBFEC0E
:20A76800DE6ABFDD67F5BFCF5BFFBFC1FE5DBFB3FD76BFA657FBBF9AC487BF8DBB06BF8141
:20A77800AF79BF6A1D54BF527FA2BF3A606BBF231BDABF0C5F07BEE88DB9BEB6B5C8BE81E5
:20A78800104DBE15CE9ABDCE5215BD7E4DA9BC9C6AA9BB0211B2BD0810B6BDA453F8BE0313
:20A79800928EBE37CDDDBE737FA2BEB2F545BEE6EAB3BF0B2F83BF24FBBDBF3B3D47BF54FD
:20A7A80003DABF6DC02FBF820C35BF8FE32ABF9BCCCDBFA814CFBFB6B939BFC3C0ECBFD15A
:20A7B80032CABFE0703BBFEE27E5BFFD6D9CC0069B52C00E2474C0170AD0C020566DC02967
:20A7C8001077C033CC25C03C0015C0477D95C051934BC05C934BC05CFB94C053FB94C05393
:20A7D800E560C04E6AFDC044764BC03ABF5DC03043BFC02732F4C01E505DC015FE1EC00C85
:20A7E800D4FEC004B94EBFFA0347BFECC8C9BFDD5254BFCF47AEBFC1EBAFBFB3EC6CBFA667
:20A7F8004841BF9AB520BF8DAD43BF8193F3BF6A0514BF5266BABF3A4ACBBF23063ABF0C1A
:20A808003904BEE86BA5BEB698F2BE81EB9ABE1465BFBDCE4BF1BD7DDC1EBC9D09C0BB05A8
:20A81800D8EDBD08B33EBDA478ABBE03C1BEBE37AF4FBE74A305BEB21B48BEE70054BF0C7D
:20A828004524BF24115EBF3C562EBF5488E3BF6DCF96BF821B9BBF8FF291BF9BDF7ABFA8E5
:20A83800277CBFB6CD8ABFC3D68CBFD14A0EBFE0877FBFEE421CBFFD7B89C006AAE3C00E34
:20A848003554C0171C82C02069C2C0292546C033E26DC03CDD83C048EA0CC05B331EC06863
:20A85800331EC068E15DC053E15DC053CCA3C04E53E3C04460AAC03AAB36C0303094C0278E
:20A868002118C01E4025C015EF89C00CC711C004A0BABFFAEC03BFEBB329BFDDEDBBBFCE46
:20A8780033B1BFC1D955BFB3DB62BFA6378BBF9AA5B9BF8D9F2CBF8177C4BF6AE8E6BF5108
:20A88800511ABF3A352BBF23D513BF0B93DEBEE74990BEB6797DBE814674BE1426D5BDCEAE
:20A89800E315BD7CC2CEBC9E0111BB074C44BD09F766BDA4D70ABE03F38CBE37F0D8BE748D
:20A8A800E33FBEB2429ABEE715F4BF0C5AC4BF24299EBF3C71B4BF54A46ABF6DDD59BF82FD
:20A8B8002B02BF8F039BBF9CF084BFA839D6BFB6E187BFC3EC2DBFD160FEBFE0A012BFEEBE
:20A8C8005C53BFFD894CC006BA49C00E458DC0172F30C0207D18C0298E0DC036136AC0471E
:20A8D8007770C05CDD2FC06CDD2FC06CDD2FC06C938AC059938AC059938AC05993B4C047C5
:20A8E8004B0AC03A970FC0301DE7C0271038C01E2FECC015E0CAC00CB924C004862FBFFAE5
:20A8F800D513BFEB9C39BFDDD81BBFCE2104BFC1C84BBFB3CAACBFA627D0BF9A9653BF8D33
:20A908008FC5BF815C3EBF6ACFFFBF513832BF3A1F8ABF239431BF0B6DDBBEE71D00BEB6FF
:20A918005B57BE811F21BE14E7EABDCD5AC4BD7C7F8DBC9F47EDBB0AAAA4BD093650BDA50E
:20A928003569BE046445BE382FC2BE755159BEB369ECBEE72B95BF0C7304BF244285BF3C30
:20A938008A9CBF54BFF0BF6DECC0BF823A69BF8F14A5BF9C02DEBFA94C83BFB6F584BFC372
:20A9480001CDBFD27842BFE0B8FABFEEAE3EBFFD980BC006C9B0C00E9596C018667BC025B7
:20A95800C6D2C03319A4C0451D2AC05E1D2AC05E1D2AC05E1D2AC05E1D2AC05E419EC057A3
:20A96800419EC057419EC057419EC05726FEC0440996C035B2FFC027FE5DC01D1FB4C015B9
:20A97800B589C00CAB36C0046D9CBFFABC2CBFEB8698BFDDC41EBFCE0D06BFC1B59EBFB33B
:20A98800B9A1BFA6D639BF9986ECBF8D8202BF814357BF6AB7BFBF511FF3BF3A09EABF23DE
:20A998007E91BF0B47D8BEE7989EBEB5E560BE80F7CFBE13E1C6BDCC4A23BD7B22FBBCA1F0
:20A9A800E704BB0C86D7BD0AFD8BBDA55CBCBE04E4B8BE38714CBE7574BCBEB38FEFBEE7AF
:20A9B8007ED0BF0C88A4BF245B6CBF3CA622BF54DC1EBF6DFC26BF8287BEBF8F25AFBF9C6F
:20A9C800158CBFA96080BFB609D5BFC4176EBFD28F86BFE0D18DBFEEEF20BFFDFE1EC0082C
:20A9D800C3CAC014D734C021A2B1C030D96AC0421687C05F1687C05F1687C05F1687C05F9A
:20A9E8001687C05F1687C05FF377C054F377C054F377C054F377C054F377C054B11CC04094
:20A9F800F56FC030B54AC023C505C0179153C00C9D73C0045365BFFAA53CBFEB70F8BFDDE4
:20AA0800AE7DBFCEF909BFC0A1A1BFB3A6F4BFA6C52EBF997785BF8D3AE7BF8127D0BF6A2E
:20AA18009ED8BF510A52BF3AF102BF226B90BF0B21D5BEE7768ABEB5C5EBBE80CDDDBE1333
:20AA28009D9DBDCC82E8BD7A5D8DBCA2DE55BB0E2420BD0B6128BDA6840EBE041926BE39E4
:20AA3800555CBE769970BEB33516BEE89D9DBF0CA18CBF247454BF3CBF0ABF54F7A5BF6D32
:20AA48000A3DBF839724BF8F36B9BF9C2696BFA9732EBFB61DD2BFC42D0EBFD2A6CABFE08B
:20AA58009485BFF3B87CC004B11CC010C91DC01DA993C02C8644C03F75F7C06075F7C060B2
:20AA680075F7C06075F7C06075F7C06075F7C06075F7C0606B12C0516B12C0516B12C05168
:20AA78006B12C0516B12C0516B12C0516F69C03CE076C02C7E3DC01F6A94C0134966C0081C
:20AA8800AD6DBFFB8C54BFEB0625BFDD9A80BFCEE50CBFC08F47BFB395EABFA6B424BF9916
:20AA9800681FBF8D2B80BF810BA2BF6A8351BF519503BF39DB62BF2255EFBF0BFA83BEE649
:20AAA8005476BEB5A676BE80A68BBE135EB3BDCC1A0DBD7A1A4CBCA32DE0BB107803BD0B1D
:20AAB800A012BDA6C836BE044D94BE399985BE76BCD3BEB35DB7BEE8B33EBF0C07C8BF2556
:20AAC8008C93BF3CDA90BF5413D3BF6E19A4BF83A82FBF8F47C3BF9C6F00BFA98588BFB6E2
:20AAD80031CFBFC4C3DFBFD54B34BFEA06B8C000E521C00B104DC0191206C028F987C03A7E
:20AAE80086C2C06386C2C06386C2C06386C2C06386C2C06386C2C06386C2C06386C2C063F6
:20AAF800DFF8C04CDFF8C04CDFF8C04CDFF8C04CDFF8C04CDFF8C04CDFF8C04CFE87C0378D
:20AB0800F3E0C027A772C01AC693C00EB8BBC003AE29BFF2E829BFDE84E0BFCED25FBFC04C
:20AB18007C9ABFB38390BFA6A4BEBF9958B8BF8D1BC5BF81C4DBBF696A6ABF517F63BF3962
:20AB28007286BF22404FBF0BD480BEE63112BEB58851BE800165BE130592BDCCB131BD79A7
:20AB3800BDBABCA4C448BB1449BABD0CE43BBDA6436CBE0584A1BE39DB0EBE76E964BEB394
:20AB48008659BEE8C8DEBF0C2008BF25A57ABF3C3A3FBF5532A0BF6E290BBF83B795BF8F35
:20AB580058CDBF9C8F71BFA951ECBFB80D1BBFCC68DCBFE0E6EFBFF5B55FC006B0DEC013E7
:20AB68009F17C0223040C035F790C058F790C058F790C058F790C058F790C058F790C05816
:20AB7800F790C058F790C058F790C058D749C046D749C046D749C046D749C046D749C04622
:20AB8800D749C046D749C046D749C0460150C032A6F4C0227EBBC015B2D5C0095C53BFFDB3
:20AB9800D552BFE88937BFD5D96ABFC22181BFB37286BFA693B4BF9948FEBF8D0E02BF81C5
:20ABA80067CBBF69EE8DBF50667BBF395CE6BF222AAEBF0B2E0ABEE60DAEBEB5125ABE8057
:20ABB800D773BE123E57BDCB1840BD78223EBCA6BB99BB160679BD0DD029BDA76FFCBE05FE
:20ABC800469DBE3A8AB1BE777065BEB4ADACBEE8DE7FBF0C38EFBF251ACABF3D71F3BF5551
:20ABD8004E27BF6E58E2BF83C89FBF8F6983BF9C0807BFAE6E59BFC17D18BFD518A8BFEBED
:20ABE80004ABC001C01AC00D91D1C01C6595C02E95C0C04C95C0C04C95C0C04C95C0C04C8C
:20ABF80095C0C04C95C0C04C95C0C04C95C0C04C95C0C04C95C0C04C9503C03F9503C03FC9
:20AC08009503C03F9503C03F9503C03F9503C03F9503C03F9503C03F9503C03F2585C02C75
:20AC1800EF35C01CE521C00F3D9BC0040308BFF3B9F5BFDE4F0EBFCBDB38BFB8EB1CBFA6C6
:20AC280082AABF993997BF8DFE9BBF804C44BF69D307BF504D94BF3943FEBF22150EBF0B0B
:20AC380006B8BEE69907BEB4E08BBE7FAD82BE12D03EBDCAAF64BD77F3F5BCA6B2EABB184C
:20AC480064D8BD0D1451BDA899EDBE057DAABE3A0885BE789518BEB4D64DBEE8F41FBF0C2B
:20AC58004E90BF2533B1BF3D8E22BF556A55BF6E8130BF83538FBF90BF87BFA200D2BFB678
:20AC6800F06FBFC927BBBFDF02C9BFF699EDC0079C0FC015CE70C026859DC041859DC041AE
:20AC7800859DC041859DC041859DC041859DC041859DC041859DC041859DC041859DC041A4
:20AC8800859DC0410BA2C0380BA2C0380BA2C0380BA2C0380BA2C0380BA2C0380BA2C03806
:20AC98000BA2C0380BA2C0380BA2C03842EEC025AEFBC016D955C009BA1FBFFC8DA4BFE7B7
:20ACA80097CCBFD383BABFC0161EBFAE47C3BF9C288DBF8DF084BF803016BF69BA1FBF50CB
:20ACB80034ADBF392E5EBF22C860BF0ADF65BEE55A1DBEB4A1A1BE7F862FBE128C15BDCA49
:20ACC8003C0CBD779763BCA85200BB1B368FBD0E5879BDA8D399BE05B4B7BE3A4CADBE78E3
:20ACD800B9CBBEB4003FBEE909C0BF0D6777BF254C98BF3DA661BF558922BF6EAFF7BF846D
:20ACE80015B5BF97161EBFAA277CBFBEEE0FBFD24C44BFE9DB0EC0009542C00E3BE2C01F5F
:20ACF8003DC5C0361B09C04E1B09C04E1B09C04E1B09C04E1B09C04E1B09C04E1B09C04EE6
:20AD08001B09C04E1B09C04E1B09C04E1B09C04E6B12C03B6B12C03B6B12C03B6B12C03B83
:20AD18006B12C03B6B12C03B6B12C03B6B12C03B6B12C03B6B12C03B8812C02F10E0C01EF4
:20AD2800DFB9C00FC9C5C0030BB7BFF1D178BFDB36B9BFC8335DBFB5E7D5BFA23FD1BF9107
:20AD3800E11EBF801490BF699E99BF501C6DBF391577BF22A305BF0AB813BEE536B9BEB47D
:20AD480062B7BE7FDBCBBE1147EDBDCAD331BD7610E0BCAA40A3BB1FF34DBD0EF084BDA837
:20AD58005E89BE060B39BE3B90D6BE78DFCEBEB4A6B5BEE922A7BF0D7FB7BF2564D8BF3D4F
:20AD6800C28FBF55BB6FBF70D139BF8AC098BF9D3309BFB110E0BFC6EBAFBFDBB1AFBFF39F
:20AD78002253C007B8FAC016DED3C02AB795C03BB795C03BB795C03BB795C03BB795C03BF9
:20AD8800B795C03BB795C03BB795C03BB795C03BB795C03BB795C03BB795C03B9100C03039
:20AD98009100C0309100C0309100C0309100C0309100C0309100C0309100C0309100C03093
:20ADA8009100C0309100C030DDD7C026A03CC01626E9C0091BB0BFFA299EBFE4D274BFCFA3
:20ADB800471BBFBC6A6ABFA94D6ABF97A273BF85F909BF6885B2BF500386BF39FFD6BF2157
:20ADC8008D65BF0A90C1BEE51355BEB49B7CBE7EB1D9BE113C8ABDC9AD97BD75CD9FBCAAA2
:20ADD800DFB9BB2151ADBD0F8DCEBDA98B1ABE06B060BE3B4318BE7909C0BEB5CF57BEE94F
:20ADE8007F0FBF0D989EBF258106BF3D06F7BF571355BF7CCC25BF90245FBFA4A3D7BFB887
:20ADF80021EABFCE3FD1BFE5A9E7BFFE07DDC00E29C7C0202DE0C0422DE0C0422DE0C042F3
:20AE08002DE0C0422DE0C0422DE0C0422DE0C0422DE0C0422DE0C0422DE0C0422DE0C042B2
:20AE18002DE0C0422DE0C0420CF2C0320CF2C0320CF2C0320CF2C0320CF2C0320CF2C0325C
:20AE28000CF2C0320CF2C0320CF2C0320CF2C0320CF2C0320CF2C032F213C01DF80EC00EB4
:20AE3800EBAFC001C78FBFEC6849BFD7F1FEBFC2D60FBFAF3112BF9D1855BF8B0FD0BF732D
:20AE48006A2BBF50EA9EBF38E796BF2177C4BF0A696EBEE5EFF2BEB332A0BE7E87E8BE114E
:20AE5800F862BDC8D163BD749AFEBCAC7ED0BB24385CBD10D1F6BDA9B50BBE06E76DBE3B0A
:20AE6800C0ECBE7995FFBEB5F948BEE994AFBF0DBAB2BF259946BF3DF5C3BF60544CBF8305
:20AE78009EC3BF96A5A4BFAAD36FBFBF2D0EBFD60165BFEF8DA4C0051F4BC0166A55C02ECB
:20AE88006A55C02E6A55C02E6A55C02E6A55C02E6A55C02E6A55C02E6A55C02E6A55C02E42
:20AE98006A55C02E6A55C02E6A55C02E6A55C02E6A55C02E443DC033443DC033443DC033DD
:20AEA800443DC033443DC033443DC033443DC033443DC033443DC033443DC033443DC033EA
:20AEB800443DC03351ADC027197AC0152253C007A4BEBFF5C95CBFDEB424BFC9D24ABFB5B5
:20AEC800EF5FBFA25E5FBF9038EFBF7DB1D9BF59D25FBF38D1F6BF216224BF0AC1A9BEE480
:20AED800CB3EBEB3F117BE7D5DF6BE11B439BDC85E0BBD74FF82BCAD1538BB29F51BBD1077
:20AEE8008438BDAAEEB7BE062118BE3C07B3BE7ABAB2BEB5233ABEEAAD97BF0D1A61BF2645
:20AEF800273DBF4590ACBF6A79E6BF887161BF9C07C8BFB1DFA4BFC60404BFDFFB01BFF8FA
:20AF08005A71C00C5365C0202229C02F2229C02F2229C02F2229C02F2229C02F2229C02F9E
:20AF18002229C02F2229C02F2229C02F2229C02F2229C02F2229C02F2229C02F2229C02F49
:20AF280058F7C02658F7C02658F7C02658F7C02658F7C02658F7C02658F7C02658F7C02661
:20AF380058F7C02658F7C02658F7C02658F7C02658F7C0268588C01C8BEBC00C56ACBFFE06
:20AF48002C13BFE6B296BFD0E910BFBB7065BFA8A900BF953EABBF83F640BF6284CBBF3FB3
:20AF58006873BF214C83BF0A9A56BEE43B10BEB3AF8EBE7DB8D0BE1011B2BDC842EEBD73C2
:20AF6800D139BCAE0C89BB2B537ABD110C89BDAB7EE5BE07CE1CBE3C511ABE7AE204BEB53A
:20AF78004E7BBEEAC337BF0D55DABF28BF48BF4D4135BF74B867BF8D1C04BFA27B4ABFB789
:20AF88009D73BFCEBC2CBFE720EFC002A9D2C013D35BC030D35BC030D35BC030D35BC030E7
:20AF9800D35BC030D35BC030D35BC030D35BC030D35BC030D35BC030D35BC030D35BC030A9
:20AFA800D35BC030D35BC030D35BC0304F61C0254F61C0254F61C0254F61C0254F61C02546
:20AFB8004F61C0254F61C0254F61C0254F61C0254F61C0254F61C0254F61C0254F61C025D1
:20AFC8004F61C0255A9BC012A954C0033BCDBFEE6849BFD7F362BFC1D6E0BFADBDE4BF9A60
:20AFD8000DC3BF885936BF6BDB4DBF473569BF2436E3BF0A71B4BEE4165DBEB3FFEBBE7C29
:20AFE8008C3FBE105F70BDC75C3EBD72C88ABCB05365BB2E4F22BD1255EFBDABAB75BE0764
:20AFF80021FFBE3D3D08BE7B0807BEB6786CBEEAD8D8BF0DFCB9BF2F5D3ABF5635A8BF7DAD
:20B00800CE9ABF92B9E0BFA719B9BFBE4F22BFD658B8BFF19BFAC00897A2C01D5F85C03212
:20B018005F85C0325F85C0325F85C0325F85C0325F85C0325F85C0325F85C0325F85C03268
:20B028005F85C0325F85C0325F85C0325F85C0325F85C0325F85C032C30DC023C30DC0239E
:20B03800C30DC023C30DC023C30DC023C30DC023C30DC023C30DC023C30DC023C30DC02360
:20B04800C30DC023C30DC023C30DC023C30DC0234BC7C019D384C0087232BFF6161EBFDEE8
:20B058002EDCBFC82618BFB39E06BF9F7A3ABF8CB646BF7366A5BF4F606BBF2B2142BF0A6E
:20B068004913BEE4F1AABEB27CD9BE7C624EBE101B48BDC7E8E6BD711816BCB24207BB32FD
:20B07800F6E8BD129F56BDABD806BE075BABBE3D866EBE7B3DC5BEB62032BEEBC73BBF109B
:20B088008AB1BF374452BF5E19A4BF83BE23BF97A3C2BFAD9668BFC428CCBFDEB83DBFFBFC
:20B09800D75EC00F357EC031357EC031357EC031357EC031357EC031357EC031357EC03118
:20B0A800357EC031357EC031357EC031357EC031357EC031357EC031357EC031357EC03168
:20B0B800357EC0319653C0219653C0219653C0219653C0219653C0219653C0219653C0214E
:20B0C8009653C0219653C0219653C0219653C0219653C0219653C0219653C0219653C02118
:20B0D800FF58C00DB368BFFE0529BFE52047BFCE7A3ABFB8370DBFA4D899BF90169CBF7C17
:20B0E800DEFCBF5647EDBF32108CBF0E21C0BEE4CE46BEB23B4FBE7C385CBE10D71FBDC625
:20B0F800758EBD7113BEBCB3E11EBB347F39BD1341DDBDAC1C2EBE0897F6BE3DCD36BE7BF6
:20B10800BF87BEB64B73BEEB4BC7BF17BEE0BF3E924FBF66B107BF87BEB6BF9C6556BFB383
:20B11800991CBFCBC376BFE645B7C0034B1FC0194EE4C02D4EE4C02D4EE4C02D4EE4C02D7C
:20B128004EE4C02D4EE4C02D4EE4C02D4EE4C02D4EE4C02D4EE4C02D4EE4C02D4EE4C02D0F
:20B138004EE4C02D4EE4C02D4EE4C02D4EE4C02DCAFFC01ECAFFC01ECAFFC01ECAFFC01EDF
:20B14800CAFFC01ECAFFC01ECAFFC01ECAFFC01ECAFFC01ECAFFC01ECAFFC01ECAFFC01EAF
:20B15800CAFFC01ECAFFC01ECAFFC01EAB0DC014E4CDC003850ABFEC4E51BFD4C7CEBFBD65
:20B168000481BFA941C8BF95F5AEBF814452BF5E3B3ABF3925AFBF14F91EBEE3A993BEB26F
:20B17800F9C6BE7BC505BE0F5E89BDC6C34CBD702008BCB5D86FBB367AE1BD14DF26BDAC17
:20B18800A71EBE081B09BE3EA969BE7CE829BEB64C59BEECA512BF1DCE5BBF455A9BBF6EFA
:20B19800110ABF8C031DBFA23501BFB9AED1BFD2C116BFEFDBCBC009C3CAC02AC3CAC02A10
:20B1A800C3CAC02AC3CAC02AC3CAC02AC3CAC02AC3CAC02AC3CAC02AC3CAC02AC3CAC02ACF
:20B1B800C3CAC02AC3CAC02AC3CAC02AC3CAC02AC3CAC02AC3CAC02AC3CAC02AE4CDC01BAA
:20B1C800E4CDC01BE4CDC01BE4CDC01BE4CDC01BE4CDC01BE4CDC01BE4CDC01BE4CDC01B07
:20B1D800E4CDC01BE4CDC01BE4CDC01BE4CDC01BE4CDC01BE4CDC01BE4CDC01BC059C008A2
:20B1E8008034BFF364C3BFDA7857BFC3CD60BFAD4F8BBF99DB77BF853847BF65ACC5BF3F5D
:20B1F8001577BF1A4D94BEE91816BEB2573FBE7B6406BE0F8256BDC56944BD6F45A2BCB61A
:20B20800169CBB3C0DAEBD152DCBBDADD3AEBE089B7CBE3E0529BE7D0E2CBEB72713BEF72D
:20B218000443BF24C1A9BF4C171ABF766DC6BF902713BFA70942BFBF5D3ABFDAAF8EBFF901
:20B22800C0ECC0111C43C0231C43C0231C43C0231C43C0231C43C0231C43C0231C43C023BB
:20B238001C43C0231C43C0231C43C0231C43C0231C43C0231C43C0231C43C0231C43C023E6
:20B248001C43C0231C43C02342D9C01842D9C01842D9C01842D9C01842D9C01842D9C018B0
:20B2580042D9C01842D9C01842D9C01842D9C01842D9C01842D9C01842D9C01842D9C0183E
:20B2680042D9C01842D9C0185215C00E7EE5BFFB970FBFE0CF6CBFC89692BFB296FBBF9D01
:20B27800729BBF89063ABF6CB8BBBF45F2E5BF1FD1CCBEF3F4B2BEB1C711BE7A3A15BE0F3B
:20B2880038EFBDC5F5EDBD6E952DBCB7B5B3BB3EB574BD15F506BDAD003FBE09D7C7BE3E5A
:20B298004E90BE7D357EBEB7081CBF01FD37BF2983CFBF53AAF8BF7DE50CBF943BF7BFAC32
:20B2A800797DBFC52728BFE24799C002B0C9C01CB0C9C01CB0C9C01CB0C9C01CB0C9C01CD1
:20B2B800B0C9C01CB0C9C01CB0C9C01CB0C9C01CB0C9C01CB0C9C01CB0C9C01CB0C9C01CCE
:20B2C800B0C9C01CB0C9C01CB0C9C01CB0C9C01CB0C9C01CE22EC013E22EC013E22EC01314
:20B2D800E22EC013E22EC013E22EC013E22EC013E22EC013E22EC013E22EC013E22EC0133E
:20B2E800E22EC013E22EC013E22EC013E22EC013E22EC013E22EC01309D5C0025DCCBFE785
:20B2F8005FD9BFCE4688BFB7B5C8BFA13E2DBF8DBF34BF720831BF4C60E9BF2519B9BEFE76
:20B30800CEAFBEB18588BE7A0D84BE0FF4C7BDC4392EBD6EA177BCB954CABB41BB99BD16FA
:20B318006D9CBDAE56C1BE091412BE3FA273BE7D057DBEB972DABF06F38CBF2F4010BF5A70
:20B32800CC4FBF828106BF99A9FCBFB1EB07BFCB7968BFEA05D1C009E964C017E964C017C8
:20B33800E964C017E964C017E964C017E964C017E964C017E964C017E964C017E964C017D5
:20B34800E964C017E964C017E964C017E964C017E964C017E964C017E964C017E964C017C5
:20B3580066F9C01B66F9C01B66F9C01B66F9C01B66F9C01B66F9C01B66F9C01B66F9C01B05
:20B3680066F9C01B66F9C01B66F9C01B66F9C01B66F9C01B66F9C01B66F9C01B66F9C01BF5
:20B3780066F9C01B912AC0060D99BFEEB83DBFD3CB92BFBBEF20BFA5EE39BF905F46BF7983
:20B38800CA19BF51E7D5BF2ACE85BF03DF7ABEB8415FBE7A94EEBE0EE964BDC3FE9BBD6C74
:20B39800732EBCBAEB31BB452474BD17BC41BDAED1F6BE09DDECBE3F8922BE7E1FF3BEC2C1
:20B3A8008DA4BF0BDA27BF35F862BF608BC1BF86D639BF9DED14BFB67286BFD29778BFF360
:20B3B800D441C011D441C011D441C011D441C011D441C011D441C011D441C011D441C01145
:20B3C800D441C011D441C011D441C011D441C011D441C011D441C011D441C011D441C01135
:20B3D800D441C011D441C011D441C01161D0C01661D0C01661D0C01661D0C01661D0C01680
:20B3E80061D0C01661D0C01661D0C01661D0C01661D0C01661D0C01661D0C01661D0C0160D
:20B3F80061D0C01661D0C01661D0C01661D0C01653CEC00BA5CEBFF41A22BFD99321BFC000
:20B40800A9FCBFA953E3BF94CE31BF7FC30DBF573127BF309614BF085A08BEC152D2BE7977
:20B41800392EBE0E9FFDBDC3764BBD6C2B95BCBC320EBB4900A8BD180AE5BDAF0126BE0A98
:20B428001A37BE40D289BE7E3A69BECB902EBF10A7DBBF3B95D5BF67685EBF8A6C4CBFA231
:20B438006AD3BFBCB7BFBFD9392EBFFEBDA5C01FBDA5C01FBDA5C01FBDA5C01FBDA5C01FC5
:20B44800BDA5C01FBDA5C01FBDA5C01FBDA5C01FBDA5C01FBDA5C01FBDA5C01FBDA5C01FDC
:20B45800BDA5C01FBDA5C01FBDA5C01FBDA5C01FBDA5C01FBDA5C01FFBFCC010FBFCC010C0
:20B46800FBFCC010FBFCC010FBFCC010FBFCC010FBFCC010FBFCC010FBFCC010FBFCC0108C
:20B47800FBFCC010FBFCC010FBFCC010FBFCC010FBFCC010FBFCC010FBFCC010FBFCC0107C
:20B488009375BFFCBE8CBFDE2DCBBFC5B7BFBFADB98CBF97F933BF824413BF5D3F7DBF3571
:20B49800475ABF0DCB68BEC91149BE790F3DBE0E5697BDC302F3BD6CE3FCBCBD78EABB4C78
:20B4A800DCDBBD18068EBDB02DB6BE0A5921BE401E8EBE7FDEE8BED37FB7BF1569C2BF415F
:20B4B800075FBF6E4B34BF8EE04CBFA6C337BFC1F862BFE007F2C0059F6BC0149F6BC01497
:20B4C8009F6BC0149F6BC0149F6BC0149F6BC0149F6BC0149F6BC0149F6BC0149F6BC01474
:20B4D8009F6BC0149F6BC0149F6BC0149F6BC0149F6BC0149F6BC0149F6BC0149F6BC01464
:20B4E8009F6BC0149ED8C00B9ED8C00B9ED8C00B9ED8C00B9ED8C00B9ED8C00B9ED8C00B9F
:20B4F8009ED8C00B9ED8C00B9ED8C00B9ED8C00B9ED8C00B9ED8C00B9ED8C00B9ED8C00B2C
:20B508009ED8C00B9ED8C00B9ED8C00B2728C002C8DEBFE4D2F2BFC9B036BFB15200BF9BB8
:20B51800EC81BF857DAABF621CACBF3AA954BF11A0CFBED1F117BE7DE2ACBE0DEDBBBDC2CB
:20B528008F9BBD6BB5B3BCBEB717BB515033BD194FF4BDB09E6FBE0AAFA3BE4055B0BE8282
:20B5380056D6BEDC84E0BF1A18A8BF4778EABF740BF6BF926849BFABD6B6BFC70093BFE9DB
:20B548008438C00C8438C00C8438C00C8438C00C8438C00C8438C00C8438C00C8438C00CA3
:20B558008438C00C8438C00C8438C00C8438C00C8438C00C8438C00C8438C00C8438C00C93
:20B568008438C00C8438C00C8438C00C8438C00CA21FC011A21FC011A21FC011A21FC0115B
:20B57800A21FC011A21FC011A21FC011A21FC011A21FC011A21FC011A21FC011A21FC01123
:20B58800A21FC011A21FC011A21FC011A21FC011A21FC011A21FC011BC6AC00699D9BFEA30
:20B59800C41EBFCEEE24BFB5C5C1BF9E0E56BF89F23DBF67CE9ABF3EEE78BF15667BBED9A3
:20B5A800EF20BE855F9ABE0D16C6BDC2F6A9BD6954CABCC1562EBB549542BD1AD307BDB02A
:20B5B800020CBE0B6484BE4184A1BE89AE00BEE46DDBBF1F9F95BF4C1F8ABF7B02C9BF9691
:20B5C8006738BFB0DACFBFCDDCB1BFF22C52C01F2C52C01F2C52C01F2C52C01F2C52C01F11
:20B5D8002C52C01F2C52C01F2C52C01F2C52C01F2C52C01F2C52C01F2C52C01F2C52C01F6B
:20B5E8002C52C01F2C52C01F2C52C01F2C52C01F2C52C01F2C52C01F2C52C01FB83DC00BF8
:20B5F800B83DC00BB83DC00BB83DC00BB83DC00BB83DC00BB83DC00BB83DC00BB83DC00B33
:20B60800B83DC00BB83DC00BB83DC00BB83DC00BB83DC00BB83DC00BB83DC00BB83DC00B22
:20B61800B83DC00BB83DC00B5BFFBFF1B3A7BFD3F30EBFB94ECFBFA20496BF8C288DBF6DDF
:20B62800B795BF434FCABF1A72EFBEE1BA73BE8C10F5BE0DBDA5BDC18351BD690D30BCC3E5
:20B6380044D0BB587176BD1B9F80BDB12E9DBE0BFA05BE44EBEEBE90D899BEEC0D6FBF2449
:20B6480029C7BF52D4FEBF80D495BF996627BFB55921BFD4E704BFFCD36FC00DD36FC00D3D
:20B65800D36FC00DD36FC00DD36FC00DD36FC00DD36FC00DD36FC00DD36FC00DD36FC00D5A
:20B66800D36FC00DD36FC00DD36FC00DD36FC00DD36FC00DD36FC00DD36FC00DD36FC00D4A
:20B67800D36FC00DD36FC00D3F29C0113F29C0113F29C0113F29C0113F29C0113F29C0113E
:20B688003F29C0113F29C0113F29C0113F29C0113F29C0113F29C0113F29C0113F29C011DA
:20B698003F29C0113F29C0113F29C0113F29C0113F29C011FC11BFF7CE70BFD833F0BFBE3D
:20B6A800CA19BFA5F05ABF8E9739BF725A71BF488FB0BF1EC932BEE853F8BE93E465BE0C65
:20B6B800743FBDC10FF9BD69C597BCC4DB38BB5C4DA9BD1CEE24BDB1606BBE0BB55FBE5206
:20B6C800D6B6BE9751D7BEF5F084BF2897CCBF573F3EBF84ED7CBF9D3886BFBA6E83BFDB8B
:20B6D8009A56C0049A56C0049A56C0049A56C0049A56C0049A56C0049A56C0049A56C004B2
:20B6E8009A56C0049A56C0049A56C0049A56C0049A56C0049A56C0049A56C0049A56C004A2
:20B6F8009A56C0049A56C0049A56C0049A56C0049A56C0045B18C00A5B18C00A5B18C00AF7
:20B708005B18C00A5B18C00A5B18C00A5B18C00A5B18C00A5B18C00A5B18C00A5B18C00A39
:20B718005B18C00A5B18C00A5B18C00A5B18C00A5B18C00A5B18C00A5B18C00A5B18C00A29
:20B72800039BC000B963BFDDD5E5BFC1F084BFA8FDDFBF91C45DBF77E3BDBF4C49E4BF229A
:20B73800D4BFBEEFCB68BE99B7D4BE0C205CBDC19CA2BD68C140BCC57A4EBB5FCB7DBD1CF0
:20B748003CC9BDB20592BE0C5921BE60A0BABE9E1CC1BEFDA512BF2D94AFBF5D8C00BF8752
:20B75800D346BFA14A23BFBF8295BFE27AE1C00E7AE1C00E7AE1C00E7AE1C00E7AE1C00EE8
:20B768007AE1C00E7AE1C00E7AE1C00E7AE1C00E7AE1C00E7AE1C00E7AE1C00E7AE1C00E79
:20B778007AE1C00E7AE1C00E7AE1C00E7AE1C00E7AE1C00E7AE1C00E7AE1C00E7AE1C00E69
:20B78800B98CC003B98CC003B98CC003B98CC003B98CC003B98CC003B98CC003B98CC00361
:20B79800B98CC003B98CC003B98CC003B98CC003B98CC003B98CC003B98CC003B98CC00351
:20B7A800B98CC003B98CC003B98CC003B98CC00316B1BFE34207BFC660FEBFACAD58BF9409
:20B7B8009518BF7C800ABF5189CABF26CA04BEF61798BEA083A5BE151F75BDC0294ABD6884
:20B7C800F77BBCC71965BB62E69BBD1DD4D4BDB2E2ACBE0D25EEBE6D6ABEBEA59FBEBF021F
:20B7D8004A8CBF32D0E5BF62AC32BF8AF9F0BFA5C005BFC4D36FBFEBF506C003F506C00390
:20B7E800F506C003F506C003F506C003F506C003F506C003F506C003F506C003F506C00351
:20B7F800F506C003F506C003F506C003F506C003F506C003F506C003F506C003F506C00341
:20B80800F506C003F506C003F506C003D639C007D639C007D639C007D639C007D639C007B8
:20B81800D639C007D639C007D639C007D639C007D639C007D639C007D639C007D639C00760
:20B82800D639C007D639C007D639C007D639C007D639C007D639C007D639C0072D77BFE9DA
:20B8380043FEBFCABECBBFAFC5ACBF97CB7DBF80C28FBF5534ECBF2A97F6BEFD2CBABEA6E1
:20B84800A36EBE21D60FBDBFAB75BD67320EBCC9FF58BB6783E4BD1E8C54BDB375CDBE1A61
:20B8580058F7BE7A1D2ABEAC59F3BF0605A7BF374EA5BF68F601BF8DDCC6BFA90C4ABFCA9F
:20B8680099EDBFF5C2A4C00CC2A4C00CC2A4C00CC2A4C00CC2A4C00CC2A4C00CC2A4C00C28
:20B87800C2A4C00CC2A4C00CC2A4C00CC2A4C00CC2A4C00CC2A4C00CC2A4C00CC2A4C00C20
:20B88800C2A4C00CC2A4C00CC2A4C00CC2A4C00CC2A4C00CC2A4C00C19A4C00119A4C00178
:20B8980019A4C00119A4C00119A4C00119A4C00119A4C00119A4C00119A4C00119A4C001A0
:20B8A80019A4C00119A4C00119A4C00119A4C00119A4C00119A4C00119A4C00119A4C00190
:20B8B80019A4C00119A4C001A4A9BFEE73D6BFCE689DBFB37382BF9A5F1CBF83F8A1BF5971
:20B8C8000807BF2E23E2BF023A00BEAC551DBE2D91E6BDBF3C75BD66C083BCCA9E6FBB6ADB
:20B8D8004B1FBD1FE037BDB3F3F5BE266651BE83D235BEB24FCABF0A9581BF3B8B82BF6D1D
:20B8E80075E2BF917DAABFAEC1FDBFD0902EC000902EC000902EC000902EC000902EC00042
:20B8F800902EC000902EC000902EC000902EC000902EC000902EC000902EC000902EC00040
:20B90800902EC000902EC000902EC000902EC000902EC000902EC000902EC000902EC0002F
:20B91800902EC00001B8C00501B8C00501B8C00501B8C00501B8C00501B8C00501B8C0051F
:20B9280001B8C00501B8C00501B8C00501B8C00501B8C00501B8C00501B8C00501B8C0050F
:20B9380001B8C00501B8C00501B8C00501B8C00501B8C005B535BFF4BAF1BFD2AA8FBFB6F2
:20B9480049A5BF9DC77ABF8537DFBF5E97A2BF3194AFBF0512D7BEB23B3ABE398BC1BDBE21
:20B958009F2CBD65CCCDBCCC8D11BB6E5144BD20BC6ABDB49EAEBE338C7EBE895810BEB984
:20B9680009FFBF0E18E7BF40126FBF73C005BF94D8C3BFB24342BFD783A5C00983A5C00918
:20B9780083A5C00983A5C00983A5C00983A5C00983A5C00983A5C00983A5C00983A5C00927
:20B9880083A5C00983A5C00983A5C00983A5C00983A5C00983A5C00983A5C00983A5C00917
:20B9980083A5C00983A5C00983A5C00983A5C00998F2C01598F2C015FF82C011C4B1C00B7B
:20B9A80070B9C006458DC0017C31BFF8C750BFEFA162BFE69F2CBFDDBF0ABFD4FDB5BFCB2D
:20B9B800EF0BBFC255B0BFBA6CA0BFB25E89BFAAD639BFA13261BF9972B0BF90CCE2BF87EA
:20B9C80070A4BF7DB646BF6B1188BF5A34D7BF477026BF336B3CBF1F877FBF0A389BBEE9D0
:20B9D8009D0ABEB71783BE7D273DBE5DFD76BE2228B7BDF30000000028B73DF3C9083E429D
:20B9E80046C73E8009183E9D48AA3EC5DBE03EF40B243F100DAE3F2506CD3F3980C73F4CDC
:20B9F8001FDE3F5F87013F7042703F8147ED3F8ADE013F9292E23F9B2A993FA4A3833FAC39
:20BA080001E23FB5E3153FBCEA363FC508463FCFDAA53FD7CBD13FE0E2043FE98AC63FF2F5
:20BA1800E37E3FFB064F400396924008FEB0400DB5DD4014C9C5401B3FE6401C294AC016D7
:20BA2800294AC016E7FFC012A305C00CF4C7C006C6A8C00110E0BFFAC49CBFF09D5EBFE780
:20BA38001801BFDF3001BFD6F7BABFCC53E3BFC45350BFBBCCE2BFB366A5BFABE632BFA251
:20BA48004841BF9A8D26BF91EF89BF88C45DBF7F2047BF6E93C9BF5CD346BF4930A9BF36E1
:20BA58004D2BBF227929BF0D8DF8BEEFD677BEBE6CF4BE86273DBE5DFD76BE2228B7BDF307
:20BA68000000000028B73DF3C9083E4246C73E8009183E9D11DC3EBEF1FE3EEE5A5C3F0D91
:20BA78002B173F2249903F36E59F3F49A3833F5C22E63F6E18403F8026E93F89C4DB3F91DE
:20BA88007E523F9A1C433FA39B133FAB00003FB4E5C93FBBEE393FC40C4A3FCEDD053FD6FD
:20BA9800CE853FDFE3153FE88BD63FF1E2EB3FFA83E44002BCD3400776B4400DC99B4013BA
:20BAA800D10F401AD10F401ABC17C016BC17C01677AFC0132C7CC00D797DC0074799C002EB
:20BAB800786CBFFA2F1BBFF1912ABFE88A5DBFDFA5A4BFD6E109BFCDD10FBFC43958BFBC2D
:20BAC8005682BFB4F7CFBFABCDDDBFA3E5DEBF9A7818BF929C8DBF89D1B7BF809F02BF6FD3
:20BAD8002C13BF5ED3C3BF4BFCB9BF373B4FBF245E20BF0FA68BBEF3FE5DBEC30831BE8CAD
:20BAE800273DBE5DFD76BE22AD6DBDEF00000000AD6D3DEF67233E4152FC3E7F5C143E9C02
:20BAF800DCDB3EB87C5B3EEA3A693F0B39AC3F207CD93F3435163F480BE13F5BA42B3F6CB7
:20BB0800C41E3F7E39043F881FB43F9195573F99833C3FA209EA3FAB18553FB3FFC13FBA7E
:20BB1800068E3FC421AB3FCDEF203FD5DD593FDEEEF63FE721573FF17B5F3FFA02214002FE
:20BB280037224007EC6C400C391940139AFE401A9AFE401ACD21C016CD21C0162B2CC0137E
:20BB3800E4B8C00C8A87C00709D5C0029A80BFFA52D2BFF1B7D4BFE8B107BFDFCD9FBFD6DD
:20BB48000957BFCEFAADBFC46499BFBC8312BFB42657BFACFDB5BFA31759BF9BAAE3BF92A2
:20BB5800CF57BF8907C8BF810E6BBF70A162BF5E523FBF4C7E7CBF38C6E7BF24F8CBBF0FDA
:20BB6800FB55BEF4681FBEC5B22DBE8DAFA3BE60381DBE27E354BDE500000000E3543DE5AB
:20BB7800859D3E3DEF4A3E7BCAFF3E9A620F3EB75BFF3EE99D1F3F0AAC1D3F1FF5303F33D3
:20BB8800B9393F47934B3F5A317B3F6C57FB3F7E04963F88EC963F9063DC3F9953653FA2E6
:20BB9800DBB63FAAEB703FB2D4803FBADB4D3FC3F95D3FCCC8C93FD5B6AE3FDEC89F3FE73C
:20BBA800FDA03FF057FB3FFAF117400126184007DC33400C280F40138A1E401A8A1E401A6F
:20BBB800BDBAC016BDBAC0161C97C013D6CBC00C7E3DC007FE33C00187D3BFFA41C8BFF1A0
:20BBC800A86DBFE8A494BFDFC2CEBFD6031DBFCEF473BFC46152BFBC81C3BFB42657BFAC42
:20BBD800FF58BFA31AA0BF9BAF79BF92D591BF890FA6BF8120C5BF70B702BF5E6B27BF4CDD
:20BBE8009D49BF38EB9ABF24240BBF10696EBEF5F84DBEC56080BE8E38DABE62F5C3BE28AC
:20BBF800C044BDE100000000C0443DE1E76D3E3B7B0B3E7A24893E9ADEFC3EB6E9F73EE805
:20BC08006E983F0A837B3F1F8C543F339DB23F477DAA3F5A1F213F6C48E93F7EFE5D3F8790
:20BC1800E7FF3F9060953F9901793FA285343FAAED143FB2D7733FBAE1873FC3FF973FCC4D
:20BC2800D1F63FD5C3223FDED8063FE70EAA3FF16BF83FFAFBE7400185F04007E94F400C34
:20BC380037A040139A56401A9A56401AA10EC016A10EC01600BDC013BD3CC00C6651C00751
:20BC4800E892C0015E35BFFA1B1EBFF1850ABFE88423BFDFA5A4BFD6E743BFCDDD2FBFC4CE
:20BC58004A62BFBC6D72BFB46A2BBFACEE4EBFA35697BF9BA1B6BF92C91DBF8904D5BF817F
:20BC68007A8DBF7006F7BF5F5EB3BF4CE172BF38E853BF245879BF10768ABEF51911BEC6E6
:20BC78009B7CBE8ECE46BE62A805BE29DDECBDDF00000000DDEC3DDF37CA3E3BF01C3E79FA
:20BC8800EC2D3E99B50B3EB6D79D3EE86B513F0A86C23F1F95813F3353A43F472D0E3F5ADA
:20BC98002EDC3F6CE93A3F7D0AD03F88F5C33F906FFC3F9912843FA2978D3FAA01113FB305
:20BCA800ED143FBAFA1A3FC31B713FCDEF203FD5E3933FDEFB6A3FE735543FF194463FFAC7
:20BCB800125A40029DDC400702DE400D53504013B7AA401AB7AA401A7E52C0167E52C01619
:20BCC800DEA9C0129D9DC00C48FEC007CCB8C0012B17BFFAEB46BFF05825BFE85A86BFDF2E
:20BCD8007EFABFD6C3DFBFCDBB6FBFC42B41BFBC5048BFB44E51BFACD417BFA33E03BF9B80
:20BCE8008A72BF92F45EBF89F084BF8051ECBF70E4E2BF5E3FE6BF4CC2A4BF38CCCDBF244A
:20BCF80042D9BF1051D7BEF502C9BEC69E1BBE8EEDBBBE62F6A9BE293B64BDDF000000008A
:20BD08003B643DDF035C3E3BDB233E79C8C93E9990583EB6F7123EE880F13F0A9FA93F1F00
:20BD1800B1073F3372713F474F223F5AEAB33F6B11343F7E20713F88C78F3F9088E33F9965
:20BD28002CBA3FA2B3683FAA1E3A3FB30D843FBB1C2E3FC43ED53FCD176E3FD60ED43FDF55
:20BD3800284E3FE8652C3FF1C8B43FFA2E0A4002BC024007234F400D75644013DCB1401A87
:20BD4800DCB1401A57A8C01657A8C016B9A1C0127AE1C00C27BBC007ADEBC001F06FBFF9DE
:20BD5800B392BFF02507BFE8290BBFDF5215BFD6989EBFCD9321BFC4063ABFBC894CBFB43A
:20BD68002C91BFACB54ABFA31F36BF9B6D48BF92D884BF89D64DBF80240BBF70B702BF5E43
:20BD780014A5BF4C9AAABF38E853BF2420C5BF10696EBEF50807BEC68145BE8EC908BE62BA
:20BD8800EC2DBE29212DBDDF00000000212D3DDF0B393E3B0CF23E7AEC2D3E99C3763EB6B7
:20BD9800E4B83EE86E983F0AC45D3F1FD9023F339DB23F477DAA3F5A1BDA3F6C45A23F7ED5
:20BDA8003AA83F88E3693F90A60D3F994BDC3FA2D57C3FAA41F23FB332DF3FBB42D93FC49C
:20BDB8006A163FCD44523FD63EAB3FDF5CBC3FE89CE03FF1035C3FFB4D014002DD444007B1
:20BDC800460B400DF7CF401304D5401B04D5401BCF03C015CF03C015917DC01255DAC00C13
:20BDD800B0C9C0068CA8C001B2D5BFF97A8DBFF0EDA6BFE7F640BFDE209BBFD66BBABFCD15
:20BDE8006983BFC4DE40BFBB6445BFB408D9BFAC9192BFA3FEC5BF9A4E27BF92BB5ABF8908
:20BDF800B924BF80EC57BF6F8295BF5E36B9BF4C6C22BF38BA73BF242D38BF10197ABEF561
:20BE0800BEA1BEC56EEBBE8E877FBE62AAA4BE298A09BDDF000000008A093DDF3D083E3B9C
:20BE18002C673E7A27283E9AD71F3EB6320E3EE999D93F0AB2033F1FBD7B3F33CED93F47A2
:20BE2800B2183F5A538F3F6C7D563F7E59753F8803DA3F91C8213F996F3F3FA2F8DF3FAA28
:20BE3800689D3FB35AD93FBB6E1A3FC4989E3FCD75CD3FD6736D3FDF94703FE8D92B3FF145
:20BE480042EE3FFB6EEB400200A84008C4B1400D1FF340142F45401B2F45401BA494C01512
:20BE5800A494C0156888C0122F30C00C8C69C0066ABEC00171F3BFF93C9FBFF0B44EBFE7DE
:20BE6800C02FBFDEEDD0BFD53BE2BFCD3C9FBFC4B4A2BFBB3AA8BFB4E22EBFAB6C8BBFA3DE
:20BE7800DB0EBF9A71DEBF929AE9BF89D4FEBF801ADFBF70A748BF5E024BBF4C81C3BF3825
:20BE880088A4BF24FB6ABF0FC2F8BEF4A1CBBEC52EB2BE8E363BBE62667BBE2946C7BDE0CE
:20BE98000000000046C73DE0A5E33E3BA4FD3E7A493D3E9A2EF13EB73C8A3EE9C8603F0A36
:20BEA800E32A3F1FF1E93F33B3533F478CBD3F5A8E8A3F6CBE383F7E3AA83F88259A3F91A7
:20BEB800EBD93F9994463FA2212D3FAB59363FB384773FBB9AFE3FC4C8753FCDA8973FD62D
:20BEC800AACE3FDFCF183FE816C63FF2851F3FFB91A7400225D94008EC03400D4A8C4014A5
:20BED8005C29401B5C29401B7953C0157953C0153EEAC01207DDC00C6762C0064802C00104
:20BEE8002F6FBFF9FEB0BFEF7803BFE7887BBFDEBAB2BFD50A67BFCD0E6BBFC4EC03BFBB65
:20BEF800110ABFB4BA34BFAB9043BFA3B607BF9A4E27BF9278D5BF89B48DBF80DC9CBF6F78
:20BF08006CF4BF5EC750BF4B4A0EBF38764BBF24CA43BF0FB09FBEF4421CBEC5075FBE8E19
:20BF1800B329BE61F084BE281DBDBDE1000000001DBD3DE104433E3C0DD83E7B9D1F3E9A51
:20BF28005A323EB79ED83EE9C8603F0A1ADF3F20299E3F34EE4E3F47C7B93F5A63493F6CA6
:20BF3800FF193F7E5CBC3F8849523F91C52E3F99BAF13FA2497B3FAB5DCC3FB3B15B3FBBA4
:20BF4800CAD53FC4F9F03FCDDEA93FD6E4263FDF0B633FE956043FF2C9473FFBB5354002E7
:20BF58004C5940081451400E75CD4014EBD9401BEBD9401B4C6EC0154C6EC01513A9C012A9
:20BF6800DFB9C00B4189C0062474C001ECEABFF8BF72BFEF3C0CBFE74F76BFDE84A1BFD5F8
:20BF7800D8EDBFCC4913BFC4BF72BFBBE5C9BFB3E6C5BFAB6E2FBFA3D9BEBF9A2920BF9211
:20BF88005571BF899279BF809BBBBF6F2C13BF5E89B5BF4B0FBBBF385D64BF24C6FCBF0F24
:20BF98004E51BEF4158CBEC5B61CBE8D522ABE61850ABE282E5EBDE2000000002E5E3DE211
:20BFA80087553E3C938A3E7BD03E3E9AC45D3EB7EECC3EE9FCCE3F0A11B23F2064993F34CB
:20BFB80028A23F4805533F5BA42B3F6CCD4B3F7E801F3F886E593F91EBD93F9992F73FA2D4
:20BFC8001AF43FAB890D3FB3DFE33FBBFAAD3FC42E5E3FCE165D3FD71D2A3FE048FE3FE97D
:20BFD80098893FF20D1B3FFCD9944002730440083DEE400EA1B640141ADF401C1ADF401C58
:20BFE8001FB4C0151FB4C015E868C011B76BC00B1BB0C0060015C001A772BFF87E91BFEFE7
:20BFF800FFC1BFE6161EBFDE54CABFD5A622BFCC193BBFC490EBBFBBBA88BFB3BD27BFAB20
:20C0080045E1BFA3B314BF9A0419BF926FA8BF897065BF80C116BF6F3B25BF5E9F56BF4B0E
:20C018001B86BF382310BF248F47BF0F2EDCBEF4AA11BEC481AEBE8DBF5DBE60EF9EBE2797
:20C028005936BDE30000000059363DE30FA63E3D01A33E7C26C03E9BFE093EB7233A3EEA4C
:20C0380002B43F0B4CAD3F2058253F344AB63F48E9CD3F5AE7AB3F6C14BA3F7FA3D73F88C0
:20C048004DE83F9113D33F9ABAF13FA246353FABB59E3FB30E173FBC2C283FC562CC3FCE2B
:20C058004E123FD759753FE088903FE9DB0E3FF254373FFCFF6D40029A80400867B6400ECA
:20C06800CE9A40144A0E401C4A0E401C0DD8C0150DD8C0157AA2C011A68BC00B0C4AC0061B
:20C07800F180C0008D3BBFF8645ABFEFE6DABFE6FEDABFDDAFE2BFD591D1BFCC04EABFC430
:20C088007E91BFBBA7DBBFB3AACEBFAB34D7BFA3A3ADBF9AF4B2BF916191BF8960FEBF8056
:20C09800A58FBF6F2EB2BF5E866EBF4B05E6BF380A28BF2479A7BF0F039BBEF4B72CBEC491
:20C0A8005E4ABE8D980BBE60BB30BE27D1CCBDE300000000D1CC3DE344133E3D486B3E7CBB
:20C0B800328B3E9B2BE93EB84FCA3EEA18553F0B64ED3F206DC63F342BE93F48020C3F5B37
:20C0C80003DA3F6D30403F7FB33E3F885D4F3F91233A3F9ACBFB3FA2573F3FABC84B3FB30B
:20C0D80020C53FBC40253FC5786C3FCE63B23FD770B93FE0A1233FE9F5453FF270113FFC88
:20C0E8000E024003AAB940087896400EE04C4014991C401B991C401BFB55C014FB55C014F6
:20C0F80068F1C0119653C00BFCB9C005E2C1C0007161BFF84A23BFEFCE46BFE6E7EABFDDA3
:20C10800989EBFD57C31BFCCF0EDBFC36BE3BFBB96D1BFB399C4BFAB2570BFA392A3BF9AC9
:20C11800E54BBF91522ABF89533BBF808961BF6F1672BF5E6E2FBF4BEDA6BF37F488BF23AB
:20C128006406BF0FD85ABEF38A9CBEC43997BE8D5E5FBE608C00BE274A62BDE40000000080
:20C138004A623DE473433E3D8F323E7C5C7D3E9B255B3EB87DAA3EEA2DF53F0B7DD43F20DB
:20C1480086053F34476F3F481E3A3F5BB33E3F6C4C6E3F7FC1013F886CB53F9134443F9ACB
:20C15800DD053FA269EC3FABDAF93FB3331E3FBC54223FC58E0D3FCE7AA23FD7894C3FE06C
:20C16800BB5A3FE9111F3FF38D3B3FFC1D934003BAF140081FC9400CF3B640093B7940080D
:20C178003B794008E9A3C014E9A3C0145715C011861AC00BEC81C005D402C0005586BFF8E9
:20C188002FECBFEFB5B3BFE6CF03BFDD82FDBFD56834BFCCDE94BFC35936BFBBE0DFBFB3EB
:20C1980088B9BFAB1466BFA3833CBF9AD5E5BF914467BF894524BF806DDBBF6FFA44BF5D73
:20C1A8005200BF4BD178BF37F488BF238034BF0FAD19BEF35CBCBEC435A8BE8D1A37BE6054
:20C1B8004A77BE27D2B3BDE400000000D2B33DE4B4CC3E3DB9243E7C866E3E9B548B3EB8C1
:20C1C80095423EEA46DC3F0B93753F20A2343F3460573F4839C13F5BCF6C3F6C6B3C3F7F1F
:20C1D800D0683F887C1C3F9143AA3F9AEE0F3FA27AA23FABEBAF3FB3471B3FBC68733FC56E
:20C1E800A3AD3FCE91E63FD7A1E03FE0D5913FE92B563FF3AAB93FFCC23B3FFDB3A73FFB01
:20C1F80071223FF777083FF377083FF377083FF3DACFC005DACFC005DACFC0052008C00712
:20C20800DD1AC005C56DC00039ACBFF815B5BFEF9B28BFE6B813BFDD6D5DBFD55293BFCCB7
:20C21800CA43BFC346DCBFBBCE85BFB377AFBFAB03B0BFA37382BF9AC67EBF913501BF8911
:20C228003761BF8051ADBF6FDEBEBF5D39C1BF4BB939BF3700FCBF24674DBF0F8866BEF34F
:20C238002EDCBEC410F5BE8DD60FBE5F0B8DBE276042BDE50000000060423DE5FB943E3D79
:20C24800E5B43E7C9F563E9B83BA3EB889763EEA5FC43F0BAC5C3F20BB1B3F34793E3F4800
:20C2580052A83F5BEAF23F6C86C23F7FDFCE3F888B823F9154B53F9AFF193FA28BAC3FAB58
:20C26800FE5D3FB359C93FBC7E133FC575793FCEA92A3FD7BAC73FE0CB533FE6C5193FE6ED
:20C27800D1393FE66E053FE55E9E3FE15E9E3FE15E9E3FE15E9E3FE15E9E3FE192E2BFF32E
:20C2880092E2BFF392E2BFF392E2BFF3171ABFF610E0BFF65F85BFF6FB2BBFEE8295BFE671
:20C29800E7EABFDD566DBFD53E96BFCCB646BFC3342FBFBBBD7BBFB366A5BFABF2A6BFA2F0
:20C2A80062CCBF9AFC8FBF9126E9BF8927FABF803626BF6FC5D6BF5D20DABF4BA051BF3731
:20C2B800E814BF2351ADBF0FA14DBEF33958BEC4EAF2BE8CBE77BE5FD9BEBE26DE16BDE581
:20C2C80000000000DE163DE528243E3E31BA3E7DB2FF3E9BB5893EB8B8A63EEA75643F0B6B
:20C2D8008D8F3F20D35B3F3494C43F486E2F3F5B07213F6DA2F03F7FAEA73F889B3D3F912C
:20C2E800641B3F9A0FD03FA39E5A3FAB110A3FB46DC63FBC92103FC55C923FCE3C753FD29C
:20C2F80071763FD3CF813FD343813FD4967D3FD31C433FCF1C433FCF1C433FCF1C433FCF1B
:20C308001C433FCF1C433FCF8DE3BFE08DE3BFE08DE3BFE08DE3BFE08DE3BFE01B09BFE22B
:20C31800353FBFE2081CBFE1C9EFBFDF06B8BFDE40CCBFD528F6BFCCA249BFC321D5BFBB55
:20C32800AACEBFB3544CBFABE19CBFA25311BF9AECD5BF911783BF89548BBF8019F8BF6F16
:20C33800AA50BF5D04ABBF4B876ABF37CF2DBF2338C5BF0F760CBEF30A28BEC4C4F0BE8CA1
:20C3480077AFBE5F9D73BE266666BDE60000000066663DE669AD3E3E7B203E7DDF8F3E9B11
:20C35800AEFB3EB8E7D53EEA59363F0B9FE83F20EC423F34ADAC3F488A5D3F5B22A73F6D0C
:20C36800C1BE3F7FBE0E3F88ABF33F9175253F9A20DA3FA3AF643FAB23643FB480733FBCC3
:20C378005E5F3FC0469D3FC231903FC36C763FC4F9093FC4DBE03FC47B9E3FBF7B9E3FBF6C
:20C388007B9E3FBF7B9E3FBF7B9E3FBF7B9E3FBF7B9E3FBFD307BFD0D307BFD0D307BFD0E7
:20C39800D307BFD0D307BFD0D307BFD0C3DFBFD165D4BFD1F141BFCF7232BFCEA772BFCCBA
:20C3A800599FBFCA8DF8BFC3707ABFBB9874BFB34342BFABD091BFA2425BBF9ADC1EBF911A
:20C3B800081CBF894524BF80FE72BF6E8E22BF5D3C60BF4B6E83BF37B6EDBF232086BF0F62
:20C3C800443DBEF3DAF9BEC39D9DBE8C30E8BE5F56ACBE26FE72BDE600000000FE723DE68A
:20C3D800B3143E3EBA0A3E7D0C203E9CE0CA3EB817053EEB721D3F0BB8D03F20BDBA3F34EE
:20C3E800C9323F48A5E33F5B41743F6DE08B3F7FCD753F88BBAE3F9149E43F9A31E43FA3C8
:20C3F800C1BE3FAB37613FB07C073FB29EED3FB4E69B3FB540A33FB707DD3FB801A33FB87F
:20C408006ABE3FB16ABE3FB16ABE3FB16ABE3FB16ABE3FB16ABE3FB16ABE3FB16ABE3FB154
:20C4180070CEBFC370CEBFC370CEBFC370CEBFC370CEBFC370CEBFC370CEBFC3A9D2BFC3C7
:20C428008034BFC3075FBFC2E187BFBFFF82BFBD90EBBFBB0FF9BFB985C6BFB33238BFABEE
:20C43800BF87BFA232A0BF9ACC64BF91F8B6BF883761BF800E2CBF6F729BBF5D2420BF4BE7
:20C448009D0ABF379E06BF230AE5BF0F18FCBEF3AA7ABEC3985FBE8CECC0BE5E0FE4BE26AA
:20C458008184BDE70000000081843DE7FC7A3E3EDEBE3E7D38B03E9C12993EB940F63EEBE6
:20C468008B053F0BD10F3F20D6A13F34E5603F487DE93F5B5DA23F6DFC113F7FDCDB3F88F1
:20C47800CB143F9149E43F9A5C533FA178FF3FA30E413FA65F5B3FA852153FAAEA0C3FAB02
:20C48800EF353FAC9F2C3FAD4FF43FA84FF43FA84FF43FA84FF43FA84FF43FA84FF43FA8D2
:20C498004FF43FA84FF43FA84FF43FA8C0C2BFB7C0C2BFB7C0C2BFB7C0C2BFB7C0C2BFB72E
:20C4A800C0C2BFB7C0C2BFB7C0C2BFB776F3BFB84CC2BFB7C91DBFB5876ABFB367CBBFB1C9
:20C4B800D0E5BFAEB0B4BFABC9DABFA8FF19BFA221EABF9ABCFDBF91E94FBF8827FABF80A5
:20C4C8002F98BF6FB61CBF5D07F2BF4B8423BF37851FBF232325BF0FE72EBEF2B257BEC3E6
:20C4D800710DBE8CC2CEBE5EE5F3BE250F13BDE8000000000F133DE823CD3E3F28243E7E92
:20C4E8003C9F3E9C21043EB926C03EEBA3443F0BE9F73F20EF893F34AA653F487DE93F5B63
:20C4F80079293F6DD75E3F7FEC423F88DC1E3F91B0DE3F9536B93F981BEF3F9B62393F9DA1
:20C50800FDB53F9FB4783FA103B03FA312063FA42E1F3FA12E1F3FA12E1F3FA12E1F3FA133
:20C518002E1F3FA12E1F3FA12E1F3FA12E1F3FA12E1F3FA12E1F3FA1CF03BFADCF03BFAD79
:20C52800CF03BFADCF03BFADCF03BFADCF03BFADCF03BFADCF03BFADCF03BFADE93ABFADB2
:20C538008C3FBFACE04CBFAA7E28BFA8C582BFA5020CBFA3FC11BF9FC63FBF9C7C70BF99E1
:20C54800AD97BF91DB38BF8819E3BF8010CBBF6F9A95BF5DEF0BBF4A689DBF376CDFBF232B
:20C558000D84BF0FF449BEF28327BEC349BABE8C83E4BE5E9C8DBE25AC5CBDE800000000C3
:20C56800AC5C3DE86FD23E3F79683E7E6A7F3E9C40793EB9573F3EEBBC2C3F0B02DE3F2187
:20C578000B0F3F35C6933F4899703F5B94AF3F6DC45D3F7F7B893F887E3D3F8B324D3F8E28
:20C588001ACA3F91B4A23F932AC33F9631CF3F98708F3F9A837B3F9B06103F9A06103F9A90
:20C5980006103F9A06103F9A06103F9A06103F9A06103F9A06103F9A06103F9A06103F9A0B
:20C5A80006103F9AA7C6BFA4A7C6BFA4A7C6BFA4A7C6BFA4A7C6BFA4A7C6BFA4A7C6BFA4D4
:20C5B800A7C6BFA4A7C6BFA4A7C6BFA4CB29BFA4F2A6BFA21B71BFA18976BF9E991CBF9B4C
:20C5C8009AFEBF985422BF95137FBF92B40FBF8ECBD1BF880A7CBF80F545BF6E7F0FBF5DEE
:20C5D800D384BF4A4FB5BF37851FBF23F545BF0EDB62BEF252A8BEC32118BE8C3A7EBE5E9D
:20C5E80055C5BE2539EBBDE90000000039EB3DE9BE773E3FC02F3E7E99AF3E9C73973EB9A2
:20C5F80087BE3EEBD5133F0B1BC53F2123F63F35E2193F48B59E3F5BB4243F6D989E3F7DD1
:20C60800F40A3F81E2C13F84A1A13F878D653F8A4AA13F8D707A3F8FECD53F91280F3F9322
:20C6180042463F93BD3C3F8EBD3C3F8EBD3C3F8EBD3C3F8EBD3C3F8EBD3C3F8EBD3C3F8E3E
:20C62800BD3C3F8EBD3C3F8EBD3C3F8EBD3C3F8ECC79BF9CCC79BF9CCC79BF9CCC79BF9C5A
:20C63800CC79BF9CCC79BF9CCC79BF9CCC79BF9CCC79BF9CCC79BF9C0A67BF9D3E42BF9C7A
:20C6480049E4BF9A8F9BBF97DED3BF940BF6BF92CFEABF8E8AB1BF8B32CABF88A1E0BF84E4
:20C65800F62BBF7FD917BF6E62E1BF5DB7FEBF4A3776BF3778ABBF23DC5DBF0EA993BEF28F
:20C668002229BEC31A8BBE8CEE78BE5D09C0BE25CCB8BDE900000000CCB83DE9FAC23E3FBD
:20C67800DD053E7EBE623E9CA6B53EB9B83D3EEBB8E53F0B374C3F213F7D3F35FB013F481D
:20C68800D1243F5BBC2C3F6B30FD3F7249663F78A8973F7E1AB53F8230163F85A3443F87EA
:20C698004E273F8AEDA63F8BDB8C3F8C9EAE3F8B9EAE3F8B9EAE3F8B9EAE3F8B9EAE3F8B47
:20C6A8009EAE3F8B9EAE3F8B9EAE3F8B9EAE3F8B9EAE3F8B9EAE3F8B9EAE3F8BE54BBF9554
:20C6B800E54BBF95E54BBF95E54BBF95E54BBF95E54BBF95E54BBF95E54BBF95E54BBF9542
:20C6C800E54BBF95E54BBF954952BF953C9FBF94D8D8BF913DB0BF8F5E5FBF8C09C0BF89D9
:20C6D800CDB3BF857770BF82E93ABF7D9EC3BF76BD90BF6E475ABF5D9BD0BF4A1B48BF375D
:20C6E800606BBF23C376BF0E77C4BEF21B9BBEC3F1E9BE8BD1A2BE5DD2B3BE246A01BDEA33
:20C6F800000000006A013DEA346E3E402E493E7FCCCD3E9CB6703EB9E76D3EEBD1CC3F0B48
:20C708000F523F2158643F3516873F49CD9F3F5A61E53F6101F73F6882953F6E6C763F7418
:20C71800A9933F7A1E793F80E1EF3F8211493F85A79C3F8673193F8373193F8373193F8315
:20C7280073193F8373193F8373193F8373193F8373193F8373193F8373193F8373193F8381
:20C7380073193F8373193F83266CBF8F266CBF8F266CBF8F266CBF8F266CBF8F266CBF8F05
:20C74800266CBF8F266CBF8F266CBF8F266CBF8F266CBF8F266CBF8FA1B6BF8EB33EBF8CB1
:20C7580028CCBF8A0D84BF871B86BF84FE9BBF80D81BBF7ADBA1BF73C2F8BF6C0D06BF65FB
:20C768002B2CBF5D82E8BF4A0260BF374784BF23AA8FBF0E4745BEF2F838BEC2C947BE8B7B
:20C7780082FDBE5D912ABE24FCCEBDEA00000000FCCE3DEA85B23E407F8D3E7FFBFC3E9CB9
:20C78800D7343EB9CA973EEBEAB33F0B2AD83F216ABE3F3532B53F49C6D23F5185B23F58BB
:20C798002F983F5F75E23F65063A3F6C58F73F72C7A43F77855E3F7C10B63F8057D13F800B
:20C7A80057D13F8057D13F8057D13F8057D13F8057D13F8057D13F8057D13F8057D13F8039
:20C7B80057D13F8057D13F8057D13F8057D13F8057D13F80E94FBF88E94FBF88E94FBF8861
:20C7C800E94FBF88E94FBF88E94FBF88E94FBF88E94FBF88E94FBF88E94FBF88E94FBF8859
:20C7D800E94FBF883FD1BF89E5C9BF87930CBF859C78BF822CF9BF7F2791BF792DB6BF72D7
:20C7E80005FBBF6BEA0CBF631E79BF5C71B4BF546762BF4AE6DABF362BFEBF23C376BF0E6D
:20C7F8001577BEF2C519BEC2A0A5BE8B36F8BE5D4524BE248F9BBDEB000000008F9B3DEB41
:20C80800BF5D3E40CB923E7F2C7C3E9D0BA23EBAFC653EEB02F33F0C43BF3F2142C43F358E
:20C818006D483F42C38B3F49B0F23F50357E3F5719113F5EB6853F642A6F3F6AD0D03F6F45
:20C828001C823F7473C13F7754763F7554763F7554763F7554763F7554763F7554763F75C1
:20C8380054763F7554763F7554763F7554763F7554763F7554763F7554763F7554763F75F0
:20C84800B8E5BF83B8E5BF83B8E5BF83B8E5BF83B8E5BF83B8E5BF83B8E5BF83B8E5BF83D8
:20C85800B8E5BF83B8E5BF83B8E5BF83B8E5BF83B8E5BF83F2FABF824A4DBF819E84BF7D03
:20C86800DFE3BF77FC50BF709D1FBF6A3A69BF63E0DFBF5B6E6EBF545C14BF4C3FE6BF4428
:20C878001562BF371316BF23AA8FBF0E339CBEF2934BBEC298C8BE8BFFEBBE5C08D9BE24D5
:20C888003761BDEC0000000037613DEC00E73E41EB073E7F39973E9D40103EBA2E343EECFA
:20C898001BDA3F0C5BFF3F216CDF3F3339193F3B4B343F426D093F4935163F504B1F3F5725
:20C8A80091683F5D0C203F64D6F53F683DEE3F6CC5193F6AC5193F6AC5193F6AC5193F6AA8
:20C8B800C5193F6AC5193F6AC5193F6AC5193F6AC5193F6AC5193F6AC5193F6AC5193F6A28
:20C8C800C5193F6AC5193F6AC5193F6A7F78BF7C7F78BF7C7F78BF7C7F78BF7C7F78BF7CC1
:20C8D8007F78BF7C7F78BF7C7F78BF7C7F78BF7C7F78BF7C7F78BF7C7F78BF7C7F78BF7CB0
:20C8E8007F78BF7CE7D5BF7A0179BF76AEFBBF70E98EBF69938ABF63A383BF5CB5DDBF54BE
:20C8F80027E5BF4D7B20BF45FF43BF3C73ACBF34FA2FBF22924FBF0E085BBEF284E0BEC26B
:20C908006ED6BE8BCB7DBE5CC9EFBE23C4F0BDEC00000000C4F03DEC522A3E411F753E8000
:20C9180062393E9D3D713EBA60033EEC37613F0C782D3F21EEE13F2C83663F340AD03F3C83
:20C9280014663F435AEE3F4A042E3F5191E63F57FFEB3F5C55B03F62317B3F64F5C33F6082
:20C93800F5C33F60F5C33F60F5C33F60F5C33F60F5C33F60F5C33F60F5C33F60F5C33F6027
:20C94800F5C33F60F5C33F60F5C33F60F5C33F60F5C33F60F5C33F609ABFBF739ABFBF73AF
:20C958009ABFBF739ABFBF739ABFBF739ABFBF739ABFBF739ABFBF739ABFBF739ABFBF7367
:20C968009ABFBF739ABFBF739ABFBF739ABFBF73C860BF721D3FBF6F0BA2BF6A471BBF6445
:20C978000332BF5D6F93BF56848CBF4EED67BF4618A8BF3FD71FBF363FBCBF2EE148BF2226
:20C988007968BF0ED7DCBEF166BABEC244E5BE8B7CD9BE5C7DE9BE236239BDED0000000072
:20C9980062393DEDA36E3E4149663E8092B83E9D732E3EBA87553EEC1BDA3F0C1DE73F1F57
:20C9A80002603F27E6DA3F2E3D1D3F36A31A3F3D7A3A3F44CDDD3F4B07B33F52C6543F570C
:20C9B800B59E3F5B69EC3F5769EC3F5769EC3F5769EC3F5769EC3F5769EC3F5769EC3F5705
:20C9C80069EC3F5769EC3F5769EC3F5769EC3F5769EC3F5769EC3F5769EC3F5769EC3F57F7
:20C9D80069EC3F5740F6BF6B40F6BF6B40F6BF6B40F6BF6B40F6BF6B40F6BF6B40F6BF6BB4
:20C9E80040F6BF6B40F6BF6B40F6BF6B40F6BF6B40F6BF6B40F6BF6B40F6BF6B40F6BF6B2F
:20C9F800F27CBF68DE40BF6369ADBF5E8573BF576CCABF5041C8BF493554BF412EC7BF393D
:20CA08001F0CBF3196BCBF287122BF1F6080BF0EA60DBEF134ECBEC21C43BE8B2E34BE5C76
:20CA18002F45BE2309FFBDEE0000000009FF3DEEE2583E416CCA3E80C4873E9DA79C3EBAB5
:20CA280073AC3EEC34C23F0CE1093F19C23B3F215FEE3F29EA9E3F30A9BD3F3893DE3F3F4D
:20CA38009A2C3F46840E3F4C05143F5252E73F544B9D3F514B9D3F514B9D3F514B9D3F5120
:20CA48004B9D3F514B9D3F514B9D3F514B9D3F514B9D3F514B9D3F514B9D3F514B9D3F510E
:20CA58004B9D3F514B9D3F514B9D3F514B9D3F512DB6BF622DB6BF622DB6BF622DB6BF62CE
:20CA68002DB6BF622DB6BF622DB6BF622DB6BF622DB6BF622DB6BF622DB6BF622DB6BF628E
:20CA78002DB6BF622DB6BF622DB6BF62E647BF61C5D6BF5D9225BF58C7B9BF5283CFBF4BD3
:20CA8800F5D8BF43FBBDBF3BFB16BF33C947BF2B4D6ABF237B0BBF1A4841BF0E743FBEF160
:20CA9800007EBEC204ABBE8BEA0CBE5BE87DBE229CCBBDEE000000009CCB3DEE23E23E420B
:20CAA8007F243E80E00D3E9DAB8A3EBAA6CA3EECF3E03F0B13943F15FDF43F1CAAB93F2454
:20CAB800577E3F2C9B673F331CEB3F3BCCB83F419A6B3F47FC653F4BF2133F49F2133F4995
:20CAC800F2133F49F2133F49F2133F49F2133F49F2133F49F2133F49F2133F49F2133F49E6
:20CAD800F2133F49F2133F49F2133F49F2133F49F2133F49F2133F49F2133F499970BF5B40
:20CAE8009970BF5B9970BF5B9970BF5B9970BF5B9970BF5B9970BF5B9970BF5B9970BF5B16
:20CAF8009970BF5B9970BF5B9970BF5B9970BF5B9970BF5B9970BF5B9970BF5B9225BF585B
:20CB0800C16ABF538ADBBF4D5604BF4618A8BF3F8184BF3730E8BF2F2474BF278FB0BF1EA7
:20CB1800D8D8BF1502F3BF0C93B4BEF1EE24BEC1E925BE8ABD7BBE5BAED1BE223F53BDEFEE
:20CB2800000000003F533DEF77C43E42AA653E80FCE33E9DDABA3EBAD8993EECC06E3F0752
:20CB3800995B3F109FE83F186B7B3F201E263F2884233F2F0ED43F37FBFC3F3CB1703F424B
:20CB480078183F46D7493F44D7493F44D7493F44D7493F44D7493F44D7493F44D7493F4443
:20CB5800D7493F44D7493F44D7493F44D7493F44D7493F44D7493F44D7493F44D7493F44A5
:20CB6800D7493F44D7493F4417ECBF5417ECBF5417ECBF5417ECBF5417ECBF5417ECBF54E3
:20CB780017ECBF5417ECBF5417ECBF5417ECBF5417ECBF5417ECBF5417ECBF5417ECBF54ED
:20CB880017ECBF5417ECBF54EFB3BF524A38BF4EEE8DBF482681BF42B9F5BF3A0D30BF331F
:20CB98001C43BF2BD235BF227B0BBF1A89DFBF11DC9CBF075B57BEF1D29EBEC1BF34BE8AEC
:20CBA8006ED6BE5B602DBE22E1DABDEF00000000E1DA3DEFAED13E42D5A63E802EB23E9E61
:20CBB80011C73EBB0D063EEDC5583F03A0E43F0CA7723F14AAB93F1C63F13F24BD7B3F2B9D
:20CBC80000BD3F3382023F395BEA3F3E6BA53F3E6BA53F3E6BA53F3E6BA53F3E6BA53F3E9F
:20CBD8006BA53F3E6BA53F3E6BA53F3E6BA53F3E6BA53F3E6BA53F3E6BA53F3E6BA53F3ED5
:20CBE8006BA53F3E6BA53F3E6BA53F3E6BA53F3E6BA53F3ED402BF4CD402BF4CD402BF4CC9
:20CBF800D402BF4CD402BF4CD402BF4CD402BF4CD402BF4CD402BF4CD402BF4CD402BF4C15
:20CC0800D402BF4CD402BF4CD402BF4CD402BF4CD402BF4CD402BF4CC044BF496B27BF4425
:20CC1800D788BF3DC227BF36DDADBF2E1173BF27D9BEBF1E6D9CBF16BFF0BF0D063ABF0412
:20CC28002D77BEF19F80BEC19542BE8A1D93BE5B1965BE2279E6BDF00000000079E63DF01D
:20CC3800FAD73E42F66A3E8060803E9E44E53EBBF8773EEB0A7C3F00F8623F0802363F1109
:20CC4800DD833F187DD43F20F62B3F27CAAC3F2EF2283F3485493F39C62A3F39C62A3F3958
:20CC5800C62A3F39C62A3F39C62A3F39C62A3F39C62A3F39C62A3F39C62A3F39C62A3F397C
:20CC6800C62A3F39C62A3F39C62A3F39C62A3F39C62A3F39C62A3F39C62A3F39C62A3F396C
:20CC78004D16BF474D16BF474D16BF474D16BF474D16BF474D16BF474D16BF474D16BF4754
:20CC88004D16BF474D16BF474D16BF474D16BF474D16BF474D16BF474D16BF474D16BF4744
:20CC98004D16BF47F95DBF445D10BF40E1B1BF392618BF334ACBBF2B53F8BF2337CABF1B8D
:20CCA800E72EBF1214CFBF0AA1E0BF00C7F7BEEB6B12BEC17EFABE8AF8DFBE5ADA7BBE2154
:20CCB80026E9BDF10000000026E93DF14EBA3E430E023E81685E3E9E44E53EBB77D93EE5D3
:20CCC800906D3EF994AF3F05AA503F0DC67E3F1564303F1D6D1E3F24C3613F2B50333F3154
:20CCD800736D3F33736D3F33736D3F33736D3F33736D3F33736D3F33736D3F33736D3F33AC
:20CCE800736D3F33736D3F33736D3F33736D3F33736D3F33736D3F33736D3F33736D3F339C
:20CCF800736D3F33736D3F33736D3F331FB4BF411FB4BF411FB4BF411FB4BF411FB4BF4107
:20CD08001FB4BF411FB4BF411FB4BF411FB4BF411FB4BF411FB4BF411FB4BF411FB4BF4173
:20CD18001FB4BF411FB4BF411FB4BF411FB4BF41FDA0BF40CD75BF3C872BBF368423BF2F9A
:20CD280033C6BF284CADBF20E32ABF176A94BF0FB3BCBF06CC4FBEFA9C8DBEE57050BEC172
:20CD380060D4BE8AAA3BBE5A8BD6BE21C433BDF100000000C4333DF1A53C3E4339433E81BB
:20CD48009A2C3E9E7BF23EBB56EB3EDF7B4A3EF36DF03F0299D93F0A90AC3F1240B83F1A38
:20CD5800815A3F2105E63F2817833F2D67383F2C67383F2C67383F2C67383F2C67383F2CF6
:20CD680067383F2C67383F2C67383F2C67383F2C67383F2C67383F2C67383F2C67383F2C5B
:20CD780067383F2C67383F2C67383F2C67383F2C67383F2C67383F2C5159BF3B5159BF3B17
:20CD88005159BF3B5159BF3B5159BF3B5159BF3B5159BF3B5159BF3B5159BF3B5159BF3B6B
:20CD98005159BF3B5159BF3B5159BF3B5159BF3B5159BF3B5159BF3B5159BF3B5159BF3B5B
:20CDA800DB8CBF38165DBF334B0ABF2CFB55BF24104DBF1DCF6CBF146C76BF0CAFB8BF0318
:20CDB800C2F8BEF4C505BEDF3BE2BEC13593BE8A58F7BE5A3D32BE2166BABDF20000000058
:20CDC80066BA3DF2D46B3E4364843E81CD4B3E9EB2FF3EBBDF113ED9D4413EED11733EFFEF
:20CDD800C3B53F07C1163F0F64AE3F17EF5F3F1EA7723F24187E3F2959603F2959603F2989
:20CDE80059603F2959603F2959603F2959603F2959603F2959603F2959603F2959603F2923
:20CDF80059603F2959603F2959603F2959603F2959603F2959603F2959603F2959603F2913
:20CE080059603F298A72BF368A72BF368A72BF368A72BF368A72BF368A72BF368A72BF3652
:20CE18008A72BF368A72BF368A72BF368A72BF368A72BF368A72BF368A72BF368A72BF3672
:20CE28008A72BF368A72BF368A72BF36486BBF34A637BF2FDAE4BF28F362BF213444BF1A7B
:20CE38000903BF12B520BF09DF7ABF0049CFBEEF9931BEDA6406BEBF0BA2BE8A1230BE5AEB
:20CE4800EE8DBE2013BEBDF30000000013BE3DF32AED3E44800A3E81F9DB3E9E233A3EBA08
:20CE5800C6E73ED48A483EE8C8C93EF94AA13F0535013F0D5A1D3F14D2743F1B5F463F211B
:20CE68005D643F245D643F245D643F245D643F245D643F245D643F245D643F245D643F248A
:20CE78005D643F245D643F245D643F245D643F245D643F245D643F245D643F245D643F247A
:20CE88005D643F245D643F245D643F245D643F2497A2BF3197A2BF3197A2BF3197A2BF3156
:20CE980097A2BF3197A2BF3197A2BF3197A2BF3197A2BF3197A2BF3197A2BF3197A2BF3132
:20CEA80097A2BF3197A2BF3197A2BF3197A2BF3197A2BF3197A2BF313166BF31A18CBF2CD5
:20CEB8003C75BF26F88CBF1E7708BF174BC7BF0FFDCABF069470BEFC493DBEEAA31ABED566
:20CEC800D03EBEBAF6A9BE89E061BE59B780BE20A68BBDF300000000A68B3DF374543E44E5
:20CED8009E303E8108463E9FD4E93EB514F93ED070CE3EE3EE393EF4B8A63F02A3053F0A6F
:20CEE80024893F121E643F19C0D73F1E63493F1C63493F1C63493F1C63493F1C63493F1C3B
:20CEF80063493F1C63493F1C63493F1C63493F1C63493F1C63493F1C63493F1C63493F1CE2
:20CF080063493F1C63493F1C63493F1C63493F1C63493F1C63493F1C63493F1C01E2BF2D09
:20CF180001E2BF2D01E2BF2D01E2BF2D01E2BF2D01E2BF2D01E2BF2D01E2BF2D01E2BF2D81
:20CF280001E2BF2D01E2BF2D01E2BF2D01E2BF2D01E2BF2D01E2BF2D01E2BF2D01E2BF2D71
:20CF380001E2BF2D01E2BF2D0C0BBF29606BBF235437BF1CA0E4BF14D899BF0C8A9CBF04AD
:20CF48007708BEF73650BEE5C5EBBED09C24BEB6D495BE8991BCBE59663CBE2043D4BDF49E
:20CF58000000000043D43DF4B09F3E44CAC13E813A7E3E9EB1D93EB1B83D3ECBFB2B3EDE09
:20CF68001F753EF0769F3F0055323F08A4E83F0F63C73F169ABF3F1B31E43F1B31E43F1BDB
:20CF780031E43F1B31E43F1B31E43F1B31E43F1B31E43F1B31E43F1B31E43F1B31E43F1B21
:20CF880031E43F1B31E43F1B31E43F1B31E43F1B31E43F1B31E43F1B31E43F1B31E43F1B11
:20CF980031E43F1B31E43F1BCB29BF28CB29BF28CB29BF28CB29BF28CB29BF28CB29BF2879
:20CFA800CB29BF28CB29BF28CB29BF28CB29BF28CB29BF28CB29BF28CB29BF28CB29BF2891
:20CFB800CB29BF28CB29BF28CB29BF28CB29BF28CB29BF28F267BF2564EDBF20B281BF199A
:20CFC8003D71BF12339CBF0A14CFBF02B021BEF28EDEBEE08366BECCB94EBEB2A954BE89D5
:20CFD8004079BE591798BE20E65CBDF400000000E65C3DF407213E45F7513E8185883E9ADF
:20CFE8000DED3EAE5E203EC793F33EDA100E3EEC51983EFC132B3F0679293F0DAFB83F138D
:20CFF80017983F1817983F1817983F1817983F1817983F1817983F1817983F1817983F18E9
:20D0080017983F1817983F1817983F1817983F1817983F1817983F1817983F1817983F18D8
:20D0180017983F1817983F1817983F1817983F1817983F18EEA2BF23EEA2BF23EEA2BF2384
:20D02800EEA2BF23EEA2BF23EEA2BF23EEA2BF23EEA2BF23EEA2BF23EEA2BF23EEA2BF2358
:20D03800EEA2BF23EEA2BF23EEA2BF23EEA2BF23EEA2BF23EEA2BF23EEA2BF23EEA2BF2348
:20D04800DEA9BF22E892BF1D266CBF171D7EBF1026ABBF08C505BEFF7FF6BEEE9470BEDC5A
:20D0580087A9BEC81023BEAF7F63BE89F1D4BE58C654BE1F989EBDF500000000989E3DF517
:20D0680060423E4505BC3E820A3D3E97B4B73EAA9EAE3EC37DFE3ED6ACC53EE73CF33EF8BC
:20D07800154D3F04404F3F0B743F3F11630B3F13630B3F13630B3F13630B3F13630B3F1357
:20D08800630B3F13630B3F13630B3F13630B3F13630B3F13630B3F13630B3F13630B3F1388
:20D09800630B3F13630B3F13630B3F13630B3F13630B3F13630B3F13630B3F13630B3F1378
:20D0A80014F9BF2014F9BF2014F9BF2014F9BF2014F9BF2014F9BF2014F9BF2014F9BF2008
:20D0B80014F9BF2014F9BF2014F9BF2014F9BF2014F9BF2014F9BF2014F9BF2014F9BF20F8
:20D0C80014F9BF2014F9BF2014F9BF2014F9BF207E91BF1B09C0BF1519B9BF0E41B3BF06BA
:20D0D800DBA1BEFB454EBEEA4B5EBED8ACB0BEC4ADC1BEAB121BBE87C7E3BE587271BE1FE2
:20D0E80030A9BDF60000000030A93DF6A9A83E45BEF53E8100FC3E9482D43EA7E5C93EBF96
:20D0F800E1EF3ED226FE3EE4A4D33EF4176E3F02081C3F0985DB3F0E64ED3F1064ED3F102A
:20D1080064ED3F1064ED3F1064ED3F1064ED3F1064ED3F1064ED3F1064ED3F1064ED3F1007
:20D1180064ED3F1064ED3F1064ED3F1064ED3F1064ED3F1064ED3F1064ED3F1064ED3F10F7
:20D1280064ED3F1064ED3F1064ED3F10CBE6BF1BCBE6BF1BCBE6BF1BCBE6BF1BCBE6BF1B50
:20D13800CBE6BF1BCBE6BF1BCBE6BF1BCBE6BF1BCBE6BF1BCBE6BF1BCBE6BF1BCBE6BF1B7F
:20D14800CBE6BF1BCBE6BF1BCBE6BF1BCBE6BF1BCBE6BF1BCBE6BF1BCBE6BF1B6E1ABF189B
:20D1580071DEBF12E0DFBF0BFD0DBF03F23DBEF79D73BEE6B72CBED42D77BEC1826BBEA8BF
:20D16800E964BE83769FBE58212DBE1FE2EBBDF600000000E2EB3DF6E8923E45590C3E7D26
:20D1780004D53E9179923EA4A6CA3EBC18013ECF9BFA3EE008C43EF15DB73F00357E3F0778
:20D18800ED523F0B55EF3F0B55EF3F0B55EF3F0B55EF3F0B55EF3F0B55EF3F0B55EF3F0B1C
:20D1980055EF3F0B55EF3F0B55EF3F0B55EF3F0B55EF3F0B55EF3F0B55EF3F0B55EF3F0B07
:20D1A80055EF3F0B55EF3F0B55EF3F0B55EF3F0B55EF3F0B55EF3F0BFC11BF17FC11BF174D
:20D1B800FC11BF17FC11BF17FC11BF17FC11BF17FC11BF17FC11BF17FC11BF17FC11BF173F
:20D1C800FC11BF17FC11BF17FC11BF17FC11BF17FC11BF17FC11BF17FC11BF17FC11BF172F
:20D1D800FC11BF17FC11BF177CAFBF16995BBF10BB06BF09D9D3BF01EAB3BEF3F05ABEE281
:20D1E800244ABED1CC64BEBD73EBBEA5F909BE80255BBE58E782BE1E8AB1BDF700000000B4
:20D1F8008AB13DF741B33E4685733E77646F3E8E93B43EA12CCF3EB9C9473ECB8ADB3EDD33
:20D2080071F33EEDA81A3EFC3E2D3F05D3AE3F08D3AE3F08D3AE3F08D3AE3F08D3AE3F08E4
:20D21800D3AE3F08D3AE3F08D3AE3F08D3AE3F08D3AE3F08D3AE3F08D3AE3F08D3AE3F08B6
:20D22800D3AE3F08D3AE3F08D3AE3F08D3AE3F08D3AE3F08D3AE3F08D3AE3F08D3AE3F08A6
:20D23800D3AE3F088B44BF148B44BF148B44BF148B44BF148B44BF148B44BF148B44BF14A0
:20D248008B44BF148B44BF148B44BF148B44BF148B44BF148B44BF148B44BF148B44BF14B6
:20D258008B44BF148B44BF148B44BF148B44BF148B44BF14C2B9BF13A7F0BF0EDF3BBF07FB
:20D2680060FEBF007DD4BEF0861ABEDFE54BBECD5E35BEBA9B28BEA228F6BE7CFB6ABE5792
:20D2780098DDBE1E27FABDF80000000027FA3DF87B5F3E46DBCB3E71F4883E8BDBB63E9EB4
:20D288005E893EB6DA3C3EC8A6B53ED95F853EEA21043EF9CE463F0212EC3F0512EC3F05DC
:20D2980012EC3F0512EC3F0512EC3F0512EC3F0512EC3F0512EC3F0512EC3F0512EC3F0566
:20D2A80012EC3F0512EC3F0512EC3F0512EC3F0512EC3F0512EC3F0512EC3F0512EC3F0556
:20D2B80012EC3F0512EC3F0512EC3F0512EC3F054928C0534928C05332F4C04EF291C0438C
:20D2C800B90FC039FB16C02FAF79C0266018C01DA993C0144FA0C00C4D01C0043BE2BFF970
:20D2D800CCF7BFEA7FCCBFDCFB40BFCDE2D6BFBF7C07BFB270A4BFA5C005BF982214BF8CDE
:20D2E8000D6FBF80A1A1BF67F0AEBF4E2DA1BF37E08BBF1F16F0BF088F47BEDF7F78BEACAA
:20D2F800D3EDBE8117C2BE260ABBBDE9E0DFBD8B5586BCBCB717B9515586BCBCE0DFBD8B63
:20D308000ABBBDE917C2BE26E8E6BE513BB8BE9B053EBEF0FB6ABF0FC505BF275F70BF3F13
:20D3180078FFBF578701BF70754FBF84B392BF907FB7BF9D602DBFAA9BBBBFB733B1BFC55A
:20D328002EF1BFD3E7EABFE115F4BFF0C12BBFFE328BC0075960C00FD9D3C017EEB7C0204E
:20D33800341AC02AAE14C03361E5C03DCE5BC04708AFC052D7F1C05C7EBBC05DDEA9C054D7
:20D34800DEA9C0547BF2C04F2A84C0451EB8C03B5087C031BF72C02799AFC01ED6B6C015C3
:20D358003E57C00D3333C00550B1BFFB7A3ABFEC747EBFDE9192BFCFBD51BFC1486BBFB41A
:20D3680031E4BFA77525BF9ACC64BF8DAE92BF81D18DBF6A0E41BF523B79BF3AE48FBF2253
:20D378001B9BBF0BF06FBEE535D2BEB3639DBE80DC48BE236128BDE6850ABD8867A1BCB3E1
:20D38800B717B9D12A1BBCC64730BD8F2DCBBDED72B0BE2897B7BE54A81ABE9C0ABBBEE911
:20D39800F766BF0CB72CBF2445CCBF3C52E7BF544DE8BF6DCF96BF820457BF8FC600BF9B5F
:20D3A8009A02BFA8C91DBFB55697BFC343BFBFD1ED52BFDF0BF6BFEEA2DBBFFC1965C00600
:20D3B80034C2C00EA993C016B131C01FE8D1C028540DC03234C2C03C5269C046BA49C05004
:20D3C8007708C05B7708C05BAE68C055AE68C055464AC050EADDC045D734C03B0150C03206
:20D3D800A0E4C028736DC01F7454C01608AFC00EF6A9C0056E6EBFFCE83EBFED85C6BFDF31
:20D3E800ED3EBFD00F7CBFC348FEBFB57358BFA86DDBBF9BFFC1BF8EA10EBF821F60BF6D28
:20D3F8004FA0BF541744BF3C1394BF254174BF0DB218BEEA44D0BEB8E3FCBE7DA0CFBE214D
:20D40800B795BDE32E73BD8579BCBCAAE868BA1F13A9BCD0AD82BD9250DBBDF1CAFFBE2A21
:20D4180043E9BE57132BBE9EB87CBEE4CAFFBF0A8199BF220CF2BF3A0E41BF52FCCEBF6A6C
:20D42800A0CFBF810D45BF8E8922BF9A9B13BFA77D2CBFB402C9BFC2385CBFD0DC0ABFDE70
:20D43800F473BFEC83CFBFFB851FC0059AE9C00D0A7CC016D773C01E0664C028A273C03121
:20D448007B4AC03B913FC045EE4EC04F5B96C05A5B96C05AC654C055C654C0559FE8C050D9
:20D45800415FC046EE78C03B533BC032B828C0288A87C01F8D11C016216CC00E0F67C0066A
:20D46800A18CBFFC1B5CBFEEB8E5BFDF2008BFD143E9BFC37F0FBFB5A969BFA8A3ECBF9B93
:20D4780035D2BF8FD8C3BF828EC9BF6DBF0ABF5489F4BF3C898BBF25BA0ABF0DAC71BEEB3E
:20D488004856BEB900BDBE7B62B7BE1F1340BDE1D29EBD818BD6BCA1562EBA54E83EBCD9D9
:20D4980013D3BD9673EBBDF5234FBE2DF01CBE597E3DBE9FB795BEE34FCABF0A0903BF22D7
:20D4A80097A2BF399B91BF518D65BF6A691ABF81D734BF8D5311BF9A6502BFA7486BBFB412
:20D4B800CE07BFC103EFBFD0A748BFDEC155BFEC5254BFFB6B90C00582FDC00DF291C0156D
:20D4C800BF87C01EEE78C0278B2FC031635EC03B7A25C045D662C04F43AAC05A43AAC05A73
:20D4D800B0B4C055B0B4C0558B1AC0502E0AC046DD6EC03B44A6C032AAE3C0287FB7C01FA3
:20D4E80082E8C01619B9C00E092DC006980BBFFC1523BFEEB44EBFDF1EB8BFD143E9BFC351
:20D4F800805EBFB5AC5CBFA8A882BF9B3C0CBF8FE0A0BF82A123BF6DD4AABF54A234BF3C26
:20D50800A858BF25DC1EBF0DF488BEEB999ABEB9201DBE78273DBE1D6EEBBDDEED91BD7C2D
:20D518009DF1BC98B185BA85D1CCBCE374E6BD999C39BDF97E3DBE2F9EEDBE5CE94FBEA042
:20D528006B90BEE32DB6BF0A3E18BF227C1CBF3985F0BF517B0BBF6A6191BF81CF57BF8DFC
:20D538004E7BBF9A620FBFA78F86BFB419B9BFC20592BFD0ABDEBFDEC78FBFEC5B81BFFB1C
:20D5480071C9C0058AB1C00DFBBDC015CA58C01EFB94C02799EDC031381DC03B8D7AC045E6
:20D55800EC03C04F59F3C05A59F3C05A87BEC05587BEC05563C7C0500A7CC046BCFDC03BBB
:20D5680025AFC0328FDAC0286651C01F6CA0C01604C0C00EF6A9C005764BBFFCF7F9BFED06
:20D5780099C4BFDF0774BFD1E148BFC26C61BFB555DABFA8991CBF9B2E49BF8FD42CBF82F7
:20D5880022A7BF6D61FABF549907BF3C4B49BF25D591BF0D72C5BEEBA416BEB91911BE766C
:20D598007415BE1B3DEEBDDC811BBD782531BC9298DDBA9E1C43BCEB1E79BD9CB3E5BDFCC4
:20D5A8003E81BE318683BE5EC2E3BEA167A1BEE330FDBF0A43FEBF22E1B1BF39F55ABF51E2
:20D5B8008A1EBF6AA565BF81DBCBBF8D5DE1BF9A72C5BFA7A234BFB42E0ABFC21C82BFD0E3
:20D5C800C669BFDEE4B8BFEC7BF2BFFB844DC0059ED8C00D1301C016E3BDC01E176EC0285B
:20D5D800B813C0315960C03BB107C04512AEC050848CC05A848CC05A566DC055566DC05532
:20D5E80033C6C050DDC2C0459336C03BFFD6C0316C76C02846B2C01F4F22C016E9B8C00D96
:20D5F800DDECC0054966BFFCCE07BFED74BCBFDFE411BFD0C227BFC25087BFB53BA3BFA84E
:20D6080081D8BF9BDABABF8EC02FBF82FD4CBF6C432DBF547A3ABF3C3309BF25BFF0BF0DFD
:20D6180050B1BEEB89DFBEB9A772BE741A0DBE1A60D4BDDA7929BD754FDFBC8D30A9BAB6C0
:20D62800AE53BCF03FBCBD9E23CDBDFF9889BE32EDA6BE5F3A2ABEA289B5BEE3469DBF0A23
:20D638005CE6BF22FDDFBF39176EBF521855BF6BB963BF81F30EBF8DB607BF9A8D50BFA7AC
:20D64800BF5DBFB44E7BBFC23E96BFD0EB70BFDE0D06BFEDA8D6BFFB9D0AC005B9E0C00DC5
:20D658003055C016035CC01F3A2AC028DE94C0318256C03BDDC2C0454357C050B780C05AF8
:20D66800B780C05A40B8C06040B8C06040B8C06040B8C06024DDC04AC558C039A858C02BE5
:20D678005864C01F2E0AC016CB92C00DC212C0051648BFFC9FD3BFED497BBFDF6B7BBFD018
:20D688009B7CBFC22D23BFB51B33BFA8630BBF9BBEE0BF8EA5F8BF82CF6CBF6C154DBF5405
:20D69800523FBF3C0DAEBF255715BF0D19A4BEEBEDE5BEB8C519BE721687BE197400BDD8D6
:20D6A800E48FBD72B978BC88B717BAD17F4EBCF6F2E5BD9F9AAABE003958BE34C821BE61B3
:20D6B800A844BEA23BF7BEE4656BBF0A8199BF2225D9BF3A42AFBF524A23BF6BD399BF8162
:20D6C8000EE9BF8ED4D4BF9AADC1BFA7E172BFB47382BFC26834BFD016B1BFDF4E7BBFEEE7
:20D6D80024DDC002CAEAC00D8C69C01AFDA0C02841B3C03A19B9C05419B9C05419B9C054FA
:20D6E80019B9C05419B9C05419B9C05419B9C0545D10C0405D10C0405D10C0405D10C040D6
:20D6F8005D10C0405D10C0405D10C0405D10C0402420C03DCE1CC0321744C0222D38C014CB
:20D708000496C0089E84BFF9F712BFE44CECBFD18438BFBE5F5BBFAC40F6BF9BA012BF8E64
:20D71800887BBF8297B7BF6CE37EBF53C9EFBF3BE5B4BF2431BABF0D53B9BEEAB2EABEB816
:20D728005619BE718D50BE173348BDD64120BD71A0E4BC84D289BADE6998BCFB339CBDA257
:20D73800D29EBE0173EBBE351CEBBE631E3ABEA3816FBEE4D42CBF0AFA2FBF225461BF3A5D
:20D7480073D6BF527E91BF6BF117BF818CA8BF936959BFA60275BFBAEF5FBFCEB631BFE4E4
:20D75800AAB9BFFCB3A7C00B6191C01B2FADC030295FC037295FC037295FC037295FC037D9
:20D76800295FC037295FC037295FC037295FC037295FC037295FC037295FC037F228C02C22
:20D77800F228C02CF228C02CF228C02CF228C02CF228C02CF228C02CF228C02CF228C02C61
:20D78800F228C02CF228C02CF228C02CF228C02C78ABC01BF3B6C00BA1CBBFFDB9B6BFE5BC
:20D7980003EFBFD09BBBBFBB5F5BBFA8AF3ABF954FB5BF834396BF6309D5BF4063F1BF246D
:20D7A8000679BF0D07B3BEEA7011BEB8E719BE6F52BDBE165B6CBDD49DB2BD6F8851BC80C5
:20D7B800096CBAF992CDBD000B78BDA40FD0BE031134BE368BEBBE648716BEA3CEC4BEE486
:20D7C800FF6DBF0A2BFEBF23198FBF4832A0BF6E7F4EBF8ABF87BF9EDC48BFB3B7AABFCA1A
:20D7D8001077BFE3D235BFFE27A6C010E15DC027D9A9C029D9A9C029D9A9C029D9A9C029D6
:20D7E800D9A9C029D9A9C029D9A9C029D9A9C029D9A9C029D9A9C029D9A9C029D9A9C029C9
:20D7F800D9A9C029D9A9C0291B48C01D1B48C01D1B48C01D1B48C01D1B48C01D1B48C01DBB
:20D808001B48C01D1B48C01D1B48C01D1B48C01D1B48C01D1B48C01D1B48C01D1B48C01D00
:20D818001B48C01D1B48C01DE743C0098F1DBFF5FFACBFDBB6D8BFC4E393BFAE5AEEBF9A43
:20D82800D139BF867CEEBF67CCB8BF414DA9BF1CBCA9BEEDB9E0BEB77818BE6E4C98BE151B
:20D838008390BDD2FA44BD6D82E8BC7AA027BB0970CEBD03AEE6BDA515F4BE04C8B4BE366C
:20D84800FAECBE65EFF2BEA3EFC8BEED2713BF1F598ABF479CA2BF704DE8BF8D7D95BFA3B0
:20D858006113BFBB40CCBFD58034BFF39D9DC00C7CD9C01A0DC3C01E0DC3C01E0DC3C01E7D
:20D868000DC3C01E0DC3C01E0DC3C01E0DC3C01E0DC3C01E0DC3C01E0DC3C01E0DC3C01E30
:20D878000DC3C01E0DC3C01E0DC3C01E0DC3C01E0DC3C01E60D4C01060D4C01060D4C0101E
:20D8880060D4C01060D4C01060D4C01060D4C01060D4C01060D4C01060D4C01060D4C01060
:20D8980060D4C01060D4C01060D4C01060D4C01060D4C01060D4C01060D4C0108241C000D1
:20D8A800680ABFE24189BFC868DCBFB00610BF9A01E2BF85D3AEBF60BF5DBF389614BF1087
:20D8B8007C85BED00918BE6D2C3DBE147747BDD0B368BD6A51C2BC72BB99BB164ECFBD0667
:20D8C80086C2BDA71C19BE0565FEBE374FB5BE67CA43BEBF8073BF100831BF3C0496BF68DA
:20D8D800F05ABF8AD6CBBFA236A4BFBD9004BFDA10B6C000F987C00CAB75C013AB75C01360
:20D8E800AB75C013AB75C013AB75C013AB75C013AB75C013AB75C013AB75C013AB75C01388
:20D8F800AB75C013AB75C013AB75C013AB75C013AB75C013AB75C013AB75C013AB75C01378
:20D908004AE0C0064AE0C0064AE0C0064AE0C0064AE0C0064AE0C0064AE0C0064AE0C0067F
:20D918004AE0C0064AE0C0064AE0C0064AE0C0064AE0C0064AE0C0064AE0C0064AE0C0066F
:20D928004AE0C0064AE0C0064AE0C006EF9EC0038DA4BFE35DE1BFC6FB55BFAC00E7BF9533
:20D9380082FDBF7DBA5EBF511173BF27240BBEF890D6BE982618BE138534BDCEA0F9BD67D1
:20D94800C409BC6BD70ABB23F862BD085E9EBDA91F9FBE0668F1BE43CD4BBE8E11C7BEEBCA
:20D9580024B3BF280CDDBF579D0ABF83B76BBF9DA5B9BFB9963EBFDA339CC0049446C00A11
:20D968009446C00A9446C00A9446C00A9446C00A9446C00A9446C00A9446C00A9446C00A7F
:20D978009446C00A9446C00A9446C00A9446C00A9446C00A9446C00A9446C00A9446C00A6F
:20D988009446C00A9446C00A9446C00AE536C002E536C002E536C002E536C002E536C00242
:20D99800E536C002E536C002E536C002E536C002E536C002E536C002E536C002E536C00287
:20D9A800E536C002E536C002E536C002E536C002E536C002E536C0025198C00215F4BFF0CE
:20D9B800CAEABFCF3F3EBFB48B59BF9BF67FBF8339C1BF5B6B3CBF2F938ABF03EBAFBEA7A1
:20D9C800C45DBE17CDB3BDCD31F9BD667D2CBC6864C3BB2AFE87BD09FBE7BDA9D9BEBE062B
:20D9D80031BABE5DCC64BE9D7E91BEFB003FBF317A25BF61E354BF891245BFA5A249BFC341
:20D9E800B6C3BFE950C6C00248FEC00748FEC00748FEC00748FEC00748FEC00748FEC007D8
:20D9F80048FEC00748FEC00748FEC00748FEC00748FEC00748FEC00748FEC00748FEC007A7
:20DA080048FEC00748FEC00748FEC00748FEC00748FEC00748FEC0079FA9BFFF9FA9BFFFA4
:20DA18009FA9BFFF9FA9BFFF9FA9BFFF9FA9BFFF9FA9BFFF9FA9BFFF9FA9BFFF9FA9BFFFBE
:20DA28009FA9BFFF9FA9BFFF9FA9BFFF9FA9BFFF9FA9BFFF9FA9BFFF9FA9BFFF9FA9BFFFAE
:20DA38009FA9BFFF9FA9BFFF95EABFFE2585BFDA0FBBBFBCCD0CBFA14F37BF89970FBF642E
:20DA48009097BF3777C4BF0A57FBBEB644A6BE32FBFCBDCC8E8ABD643650BC6564C3BB2A91
:20DA58003919BD0BCD9FBDAAEE0FBE0E3516BE782B95BEACFA44BF05B670BF39A0A5BF6BBE
:20DA680029F1BF901299BFAD1D54BFCEDEE8BFFB2BE9C0042BE9C0042BE9C0042BE9C00440
:20DA78002BE9C0042BE9C0042BE9C0042BE9C0042BE9C0042BE9C0042BE9C0042BE9C004CE
:20DA88002BE9C0042BE9C0042BE9C0042BE9C0042BE9C0042BE9C0042BE9C0042BE9C004BE
:20DA98002BE9C0040957BFFA0957BFFA0957BFFA0957BFFA0957BFFA0957BFFA0957BFFAE7
:20DAA8000957BFFA0957BFFA0957BFFA0957BFFA0957BFFA0957BFFA0957BFFA0957BFFA96
:20DAB8000957BFFA0957BFFA0957BFFA0957BFFA0957BFFA06E2BFF80E56BFE5D07DBFC35B
:20DAC800E9B8BFA7ADD6BF8E8EC9BF6D5CD1BF3F6E59BF1187FDBEC4154DBE4C42D9BDD008
:20DAD800BCD3BD63EF74BC61F27CBB3073ACBD0C367ABDAB0ABBBE29D495BE8975CDBEBA90
:20DAE800BA0ABF0D4207BF42238EBF76B463BF9642C4BFB5F49DBFDADCF0BFF33B8EC00146
:20DAF8003B8EC0013B8EC0013B8EC0013B8EC0013B8EC0013B8EC0013B8EC0013B8EC001BE
:20DB08003B8EC0013B8EC0013B8EC0013B8EC0013B8EC0013B8EC0013B8EC0013B8EC001AD
:20DB18003B8EC0013B8EC0013B8EC0013B8EC001F7BABFF4F7BABFF4F7BABFF4F7BABFF435
:20DB2800F7BABFF4F7BABFF4F7BABFF4F7BABFF4F7BABFF4F7BABFF4F7BABFF4F7BABFF4BD
:20DB3800F7BABFF4F7BABFF4F7BABFF4F7BABFF4F7BABFF4F7BABFF4F7BABFF4F7BABFF4AD
:20DB4800F7BABFF47D80BFF00EBFBFCC742ABFAE039BBF942047BF761F36BF47F2E5BF17B5
:20DB580040B8BED2FD8BBE65E6B0BE008241BD624C06BC60F27CBB304563BD0DE632BDAE88
:20DB680038DABE420419BE962E88BEC8AD97BF156D48BF4A3EEABF80450FBF9D2489BFBEC7
:20DB780005BCBFEAED3EBFFCED3EBFFCED3EBFFCED3EBFFCED3EBFFCED3EBFFCED3EBFFCD9
:20DB8800ED3EBFFCED3EBFFCED3EBFFCED3EBFFCED3EBFFCED3EBFFCED3EBFFCED3EBFFC4D
:20DB9800ED3EBFFCED3EBFFCED3EBFFCED3EBFFCED3EBFFCED3EBFFCED3EBFFC5A1DBFF0FD
:20DBA8005A1DBFF05A1DBFF05A1DBFF05A1DBFF05A1DBFF05A1DBFF05A1DBFF05A1DBFF02D
:20DBB8005A1DBFF05A1DBFF05A1DBFF05A1DBFF05A1DBFF05A1DBFF05A1DBFF05A1DBFF01D
:20DBC8005A1DBFF05A1DBFF05A1DBFF05A1DBFF00000BFE8F9B1BFD4D4FEBFB436F8BF99F6
:20DBD800429ABF7F9100BF4EAB36BF1E1D3FBEDF6556BE7FF9B1BE18BB06BD610529BC5D20
:20DBE8008034BB377FF6BD0EDDECBDDF1D93BE5BC519BEA29B3DBED50DAEBF1D1E3ABF535F
:20DBF8008698BF85CAEABFA38CA8BFC7B69ABFF7B69ABFF7B69ABFF7B69ABFF7B69ABFF7BD
:20DC0800B69ABFF7B69ABFF7B69ABFF7B69ABFF7B69ABFF7B69ABFF7B69ABFF7B69ABFF7CC
:20DC1800B69ABFF7B69ABFF7B69ABFF7B69ABFF7B69ABFF7B69ABFF7B69ABFF7B69ABFF7BC
:20DC2800B69ABFF7B69ABFF720C5BFEC20C5BFEC20C5BFEC20C5BFEC20C5BFEC20C5BFEC70
:20DC380020C5BFEC20C5BFEC20C5BFEC20C5BFEC20C5BFEC20C5BFEC20C5BFEC20C5BFEC4C
:20DC480020C5BFEC20C5BFEC20C5BFEC20C5BFEC20C5BFEC20C5BFEC20C5BFEC20C5BFEC3C
:20DC580075CDBFDE7CEEBFBB6762BF9ED955BF83A9A8BF55E853BF248A5DBEEBF9C6BE8B38
:20DC6800E7FFBE30B036BD95BE4DBC598034BB37BA88BD0F913FBE0742EEBE730C35BEAF18
:20DC7800E72EBEE27065BF246B90BF5B8438BF8A949ABFAA5B42BFD2B717BFEDCE9ABFF2AD
:20DC8800CE9ABFF2CE9ABFF2CE9ABFF2CE9ABFF2CE9ABFF2CE9ABFF2CE9ABFF2CE9ABFF2B4
:20DC9800CE9ABFF2CE9ABFF2CE9ABFF2CE9ABFF2CE9ABFF2CE9ABFF2CE9ABFF2CE9ABFF2A4
:20DCA800CE9ABFF2CE9ABFF2CE9ABFF2CE9ABFF2CE9ABFF23F92BFE83F92BFE83F92BFE877
:20DCB8003F92BFE83F92BFE83F92BFE83F92BFE83F92BFE83F92BFE83F92BFE83F92BFE88C
:20DCC8003F92BFE83F92BFE83F92BFE83F92BFE83F92BFE83F92BFE83F92BFE83F92BFE87C
:20DCD8003F92BFE83F92BFE83F92BFE83F92BFE87382BFC2C4B1BFA35E0BBF88F0D8BF5C6C
:20DCE8001316BF2BD417BEF77EE5BE97BDCFBE47A2B1BDC6BE4DBC598034BB3761D0BD3E58
:20DCF800B5B3BE1EC3DFBE853BB8BEBBC116BEEF8EF3BF2BD7B2BF63DB4DBF8F0FE4BFB203
:20DD0800BCE8BFDE33F0BFEE33F0BFEE33F0BFEE33F0BFEE33F0BFEE33F0BFEE33F0BFEE0A
:20DD180033F0BFEE33F0BFEE33F0BFEE33F0BFEE33F0BFEE33F0BFEE33F0BFEE33F0BFEE6B
:20DD280033F0BFEE33F0BFEE33F0BFEE33F0BFEE33F0BFEE33F0BFEE33F0BFEE33F0BFEE5B
:20DD3800A3D7BFE4A3D7BFE4A3D7BFE4A3D7BFE4A3D7BFE4A3D7BFE4A3D7BFE4A3D7BFE4E3
:20DD4800A3D7BFE4A3D7BFE4A3D7BFE4A3D7BFE4A3D7BFE4A3D7BFE4A3D7BFE4A3D7BFE4D3
:20DD5800A3D7BFE4A3D7BFE4A3D7BFE4A3D7BFE4A3D7BFE4A3D7BFE437A0BFDDCD0CBFC929
:20DD6800234FBFA97896BF8C9D5EBF63BF5DBF3095ABBF0188CEBEA26EEBBE5EDCC6BDF5C1
:20DD78009F41BCC88BACBBDB6502BD938106BE358BD6BE913190BEC72B95BEFCBD3CBF32CF
:20DD8800E76DBF6B3B8EBF951F9FBFBAE061BFE9E061BFE9E061BFE9E061BFE9E061BFE91C
:20DD9800E061BFE9E061BFE9E061BFE9E061BFE9E061BFE9E061BFE9E061BFE9E061BFE923
:20DDA800E061BFE9E061BFE9E061BFE9E061BFE9E061BFE9E061BFE9E061BFE9E061BFE913
:20DDB800E061BFE9E061BFE9E061BFE93F7DBFE13F7DBFE13F7DBFE13F7DBFE13F7DBFE1C4
:20DDC8003F7DBFE13F7DBFE13F7DBFE13F7DBFE13F7DBFE13F7DBFE13F7DBFE13F7DBFE15B
:20DDD8003F7DBFE13F7DBFE13F7DBFE13F7DBFE13F7DBFE13F7DBFE13F7DBFE13F7DBFE14B
:20DDE8003F7DBFE13F7DBFE1B76BBFD1EC81BFAD7747BF90C519BF6AA93FBF361FDEBF0724
:20DDF800CB7DBEAC8D3BBE7458B8BE11A565BD491466BCCB5DA2BDC57B89BE4C1E11BE9D56
:20DE08009B28BED22507BF0472EFBF3947C3BF747232BF9ABBAEBFC151D7BFDDD0FABFE50A
:20DE1800D0FABFE5D0FABFE5D0FABFE5D0FABFE5D0FABFE5D0FABFE5D0FABFE5D0FABFE57A
:20DE2800D0FABFE5D0FABFE5D0FABFE5D0FABFE5D0FABFE5D0FABFE5D0FABFE5D0FABFE56A
:20DE3800D0FABFE5D0FABFE5D0FABFE5D0FABFE5D0FABFE5D0FABFE503C5BFDE03C5BFDE6C
:20DE480003C5BFDE03C5BFDE03C5BFDE03C5BFDE03C5BFDE03C5BFDE03C5BFDE03C5BFDE92
:20DE580003C5BFDE03C5BFDE03C5BFDE03C5BFDE03C5BFDE03C5BFDE03C5BFDE03C5BFDE82
:20DE680003C5BFDE03C5BFDE03C5BFDE03C5BFDE03C5BFDE8351BFD90F67BFB4C78FBF94A3
:20DE7800A027BF716499BF3CB685BF0CF007BEB6CC25BE849AD4BE26945BBD996CF4BD56ED
:20DE88004F37BDF50553BE63198FBEA8ED29BEDDF2BBBF091F75BF408BEBBF7C60AABFA0E8
:20DE98009485BFCB0221BFE20221BFE20221BFE20221BFE20221BFE20221BFE20221BFE26B
:20DEA8000221BFE20221BFE20221BFE20221BFE20221BFE20221BFE20221BFE20221BFE23A
:20DEB8000221BFE20221BFE20221BFE20221BFE20221BFE20221BFE20221BFE20221BFE22A
:20DEC8000221BFE2DEFCBFDADEFCBFDADEFCBFDADEFCBFDADEFCBFDADEFCBFDADEFCBFDA51
:20DED800DEFCBFDADEFCBFDADEFCBFDADEFCBFDADEFCBFDADEFCBFDADEFCBFDADEFCBFDA92
:20DEE800DEFCBFDADEFCBFDADEFCBFDADEFCBFDADEFCBFDADEFCBFDADEFCBFDADEFCBFDA82
:20DEF800DEFCBFDA3E2DBFB9FDF4BF982A99BF78F16BBF41F601BF11FA59BEC0DD05BE8E50
:20DF08007E91BE3BEFB3BDCA46C7BDA09A41BE110C0BBE7999D9BEB22B80BEE9BDCFBF0FD8
:20DF1800C56DBF465A47BF825072BFA69FA9BFD77137BFDE7137BFDE7137BFDE7137BFDEB7
:20DF28007137BFDE7137BFDE7137BFDE7137BFDE7137BFDE7137BFDE7137BFDE7137BFDEB1
:20DF38007137BFDE7137BFDE7137BFDE7137BFDE7137BFDE7137BFDE7137BFDE7137BFDEA1
:20DF48007137BFDE7137BFDE7137BFDE7137BFDEC505BFD7C505BFD7C505BFD7C505BFD725
:20DF5800C505BFD7C505BFD7C505BFD7C505BFD7C505BFD7C505BFD7C505BFD7C505BFD7A9
:20DF6800C505BFD7C505BFD7C505BFD7C505BFD7C505BFD7C505BFD7C505BFD7C505BFD799
:20DF7800C505BFD7C505BFD7C505BFD7C1BEBFD321D5BFBF2AD8BF9D01B8BF7F3ABDBF4792
:20DF88001D3FBF17C083BECAC543BE98068EBE503EC0BDFAF1AABDD2EA60BE271DE7BE8725
:20DF98000A67BEBDEAB3BEF36A16BF1549F9BF4DE243BF86ACB0BFAC19A4BFDB19A4BFDBAE
:20DFA80019A4BFDB19A4BFDB19A4BFDB19A4BFDB19A4BFDB19A4BFDB19A4BFDB19A4BFDBA1
:20DFB80019A4BFDB19A4BFDB19A4BFDB19A4BFDB19A4BFDB19A4BFDB19A4BFDB19A4BFDB91
:20DFC80019A4BFDB19A4BFDB19A4BFDB19A4BFDB19A4BFDB19A4BFDB19A4BFDBAFA3BFD4F3
:20DFD800AFA3BFD4AFA3BFD4AFA3BFD4AFA3BFD4AFA3BFD4AFA3BFD4AFA3BFD4AFA3BFD401
:20DFE800AFA3BFD4AFA3BFD4AFA3BFD4AFA3BFD4AFA3BFD4AFA3BFD4AFA3BFD4AFA3BFD4F1
:20DFF800AFA3BFD4AFA3BFD4AFA3BFD4AFA3BFD4AFA3BFD4AFA3BFD4AFA3BFD46095BFC54D
:20E00800FCA4BFA08588BF820EFEBF4D1FC9BF1C2AEDBED44357BEA2302BBE64BE23BE13FE
:20E01800A36EBE013A7EBE3E6723BE916F2ABEC744FABEFEE72EBF1ACA97BF53328BBF8B0B
:20E028005A86BFB33040BFCFF972BFD7F972BFD7F972BFD7F972BFD7F972BFD7F972BFD782
:20E03800F972BFD7F972BFD7F972BFD7F972BFD7F972BFD7F972BFD7F972BFD7F972BFD7C0
:20E04800F972BFD7F972BFD7F972BFD7F972BFD7F972BFD7F972BFD7F972BFD7F972BFD7B0
:20E05800F972BFD7F972BFD79ED8BFD19ED8BFD19ED8BFD19ED8BFD19ED8BFD19ED8BFD182
:20E068009ED8BFD19ED8BFD19ED8BFD19ED8BFD19ED8BFD19ED8BFD19ED8BFD19ED8BFD168
:20E078009ED8BFD19ED8BFD19ED8BFD19ED8BFD19ED8BFD19ED8BFD19ED8BFD19ED8BFD158
:20E088009ED8BFD19ED8BFD1E671BFCB65D4BFA5DA27BF85F8A1BF5108C4BF217732BEDD10
:20E098008280BEAB1D7EBE788351BE29C7E3BE18341ABE544A23BE9B6484BED15F5BBF04D7
:20E0A8005BC0BF20176EBF5A2379BF8F3A2ABFBA0ABBBFD50ABBBFD50ABBBFD50ABBBFD595
:20E0B8000ABBBFD50ABBBFD50ABBBFD50ABBBFD50ABBBFD50ABBBFD50ABBBFD50ABBBFD580
:20E0C8000ABBBFD50ABBBFD50ABBBFD50ABBBFD50ABBBFD50ABBBFD50ABBBFD50ABBBFD570
:20E0D8000ABBBFD50ABBBFD50ABBBFD50ABBBFD50ABBBFD59739BFCE9739BFCE9739BFCE54
:20E0E8009739BFCE9739BFCE9739BFCE9739BFCE9739BFCE9739BFCE9739BFCE9739BFCE30
:20E0F8009739BFCE9739BFCE9739BFCE9739BFCE9739BFCE9739BFCE9739BFCE9739BFCE20
:20E108009739BFCE9739BFCE9739BFCE9739BFCE9739BFCE9739BFCE898BBFA9FD4CBF88BD
:20E118001FDEBF57F84DBF257382BEE6ACB0BEB4BD51BE85C2CEBE3E0308BE2F667BBE6967
:20E128000C5FBEA54E12BEDB61E5BF09B4CCBF25678CBF601451BF943ABDBFC34A38BFD248
:20E138004A38BFD24A38BFD24A38BFD24A38BFD24A38BFD24A38BFD24A38BFD24A38BFD22F
:20E148004A38BFD24A38BFD24A38BFD24A38BFD24A38BFD24A38BFD24A38BFD24A38BFD21F
:20E158004A38BFD24A38BFD24A38BFD24A38BFD24A38BFD24A38BFD24A38BFD24A38BFD20F
:20E168009C63BFCB9C63BFCB9C63BFCB9C63BFCB9C63BFCB9C63BFCB9C63BFCB9C63BFCB4F
:20E178009C63BFCB9C63BFCB9C63BFCB9C63BFCB9C63BFCB9C63BFCB9C63BFCB9C63BFCB3F
:20E188009C63BFCB9C63BFCB9C63BFCB9C63BFCB9C63BFCB9C63BFCB9C63BFCB9C63BFCB2F
:20E19800ED29BFC10E41BFAE4EF9BF8C62A2BF5C34ECBF2A41F2BEEF2B2CBEBD0D84BE8FCB
:20E1A800C0C2BE539BA6BE44EE78BE7D8A72BEAEB1EEBEE4A4A9BF0E09EABF2B85DBBF66BB
:20E1B800A772BF98AE3EBFCDB54ABFCFB54ABFCFB54ABFCFB54ABFCFB54ABFCFB54ABFCF11
:20E1C800B54ABFCFB54ABFCFB54ABFCFB54ABFCFB54ABFCFB54ABFCFB54ABFCFB54ABFCFCF
:20E1D800B54ABFCFB54ABFCFB54ABFCFB54ABFCFB54ABFCFB54ABFCFB54ABFCFB54ABFCFBF
:20E1E800B54ABFCFB54ABFCFB54ABFCFAEFBBFC8AEFBBFC8AEFBBFC8AEFBBFC8AEFBBFC880
:20E1F800AEFBBFC8AEFBBFC8AEFBBFC8AEFBBFC8AEFBBFC8AEFBBFC8AEFBBFC8AEFBBFC887
:20E20800AEFBBFC8AEFBBFC8AEFBBFC8AEFBBFC8AEFBBFC8AEFBBFC8AEFBBFC8AEFBBFC876
:20E21800AEFBBFC8AEFBBFC8AEFBBFC86B27BFC8887BBFB29BBBBF8FD64DBF60F5EDBF2E14
:20E228006B3CBEF7BC02BEC50735BE980735BE682C67BE5AE608BE88E3D2BEB7132BBEEE52
:20E238008477BF134FF4BF30CF6CBF6C436CBF9D4856BFCD4856BFCD4856BFCD4856BFCDAE
:20E248004856BFCD4856BFCD4856BFCD4856BFCD4856BFCD4856BFCD4856BFCD4856BFCD66
:20E258004856BFCD4856BFCD4856BFCD4856BFCD4856BFCD4856BFCD4856BFCD4856BFCD56
:20E268004856BFCD4856BFCD4856BFCD4856BFCD4856BFCD4856BFCDD5E5BFC5D5E5BFC51E
:20E27800D5E5BFC5D5E5BFC5D5E5BFC5D5E5BFC5D5E5BFC5D5E5BFC5D5E5BFC5D5E5BFC596
:20E28800D5E5BFC5D5E5BFC5D5E5BFC5D5E5BFC5D5E5BFC5D5E5BFC5D5E5BFC5D5E5BFC586
:20E29800D5E5BFC5D5E5BFC5D5E5BFC5D5E5BFC5D5E5BFC5D5E5BFC5D5E5BFC5C4C6BFB6B5
:20E2A8005C3EBF92EB31BF6566F9BF33CA43BEFF6C4CBECEC49CBEA0BD7BBE7B1AA0BE6FB6
:20E2B800934BBE924E3CBEC164AEBEF74620BF18460BBF356F7EBF73771DBFA2BA0ABFBD72
:20E2C800FEC5BFCAFEC5BFCAFEC5BFCAFEC5BFCAFEC5BFCAFEC5BFCAFEC5BFCAFEC5BFCAD6
:20E2D800FEC5BFCAFEC5BFCAFEC5BFCAFEC5BFCAFEC5BFCAFEC5BFCAFEC5BFCAFEC5BFCAC6
:20E2E800FEC5BFCAFEC5BFCAFEC5BFCAFEC5BFCAFEC5BFCAFEC5BFCAFEC5BFCAFEC5BFCAB6
:20E2F800FEC5BFCA111FBFC3111FBFC3111FBFC3111FBFC3111FBFC3111FBFC3111FBFC3DC
:20E30800111FBFC3111FBFC3111FBFC3111FBFC3111FBFC3111FBFC3111FBFC3111FBFC365
:20E31800111FBFC3111FBFC3111FBFC3111FBFC3111FBFC3111FBFC3111FBFC3111FBFC355
:20E32800111FBFC3111FBFC3C558BFBB9360BF95D18DBF6AA637BF37154DBF04B26CBED662
:20E33800389BBEA95254BE878FC5BE81F338BE9B79BCBECA3904BF0003DABF1D1965BF3AA0
:20E348001577BF7A635EBFA79ABFBFC7D5A6BFC8D5A6BFC8D5A6BFC8D5A6BFC8D5A6BFC8E0
:20E35800D5A6BFC8D5A6BFC8D5A6BFC8D5A6BFC8D5A6BFC8D5A6BFC8D5A6BFC8D5A6BFC895
:20E36800D5A6BFC8D5A6BFC8D5A6BFC8D5A6BFC8D5A6BFC8D5A6BFC8D5A6BFC8D5A6BFC885
:20E37800D5A6BFC8D5A6BFC8D5A6BFC8D5A6BFC86349BFC06349BFC06349BFC06349BFC0D1
:20E388006349BFC06349BFC06349BFC06349BFC06349BFC06349BFC06349BFC06349BFC01D
:20E398006349BFC06349BFC06349BFC06349BFC06349BFC06349BFC06349BFC06349BFC00D
:20E3A8006349BFC06349BFC06349BFC06349BFC06349BFC06349BFC0E9A3BF9839ACBF705C
:20E3B800E8BCBF3B1451BF086EEBBEDE58B8BEB15532BE901D93BE8BEB9ABEA43722BED368
:20E3C8008A9CBF0496FBBF211562BF3F3127BF807EBBBFADCA04BFC6CA04BFC6CA04BFC631
:20E3D800CA04BFC6CA04BFC6CA04BFC6CA04BFC6CA04BFC6CA04BFC6CA04BFC6CA04BFC68D
:20E3E800CA04BFC6CA04BFC6CA04BFC6CA04BFC6CA04BFC6CA04BFC6CA04BFC6CA04BFC67D
:20E3F800CA04BFC6CA04BFC6CA04BFC6CA04BFC6CA04BFC6CA04BFC6CA04BFC6D0FABFBD7A
:20E40800D0FABFBDD0FABFBDD0FABFBDD0FABFBDD0FABFBDD0FABFBDD0FABFBDD0FABFBDC4
:20E41800D0FABFBDD0FABFBDD0FABFBDD0FABFBDD0FABFBDD0FABFBDD0FABFBDD0FABFBDB4
:20E42800D0FABFBDD0FABFBDD0FABFBDD0FABFBDD0FABFBDD0FABFBDD0FABFBDD0FABFBDA4
:20E43800D0FABFBDE814BF9B3809BF741301BF40F9C6BF0B2CBABEE635FCBEB9081CBE996B
:20E44800538FBE94898BBEADD513BEDBC3F4BF08E5F3BF250E17BF444FB5BF834396BFB38D
:20E45800D749BFC4D749BFC4D749BFC4D749BFC4D749BFC4D749BFC4D749BFC4D749BFC48C
:20E46800D749BFC4D749BFC4D749BFC4D749BFC4D749BFC4D749BFC4D749BFC4D749BFC47C
:20E47800D749BFC4D749BFC4D749BFC4D749BFC4D749BFC4D749BFC4D749BFC4D749BFC46C
:20E48800D749BFC4D749BFC45E20BFBB5E20BFBB5E20BFBB5E20BFBB5E20BFBB5E20BFBB5E
:20E498005E20BFBB5E20BFBB5E20BFBB5E20BFBB5E20BFBB5E20BFBB5E20BFBB5E20BFBBA4
:20E4A8005E20BFBB5E20BFBB5E20BFBB5E20BFBB5E20BFBB5E20BFBB5E20BFBB5E20BFBB94
:20E4B8005E20BFBB5E20BFBB5E20BFBB27BBBFB304FFBF9FED3EBF783C9FBF44DFE3BF0FD7
:20E4C800E93ABEED1340BEC1BC56BEA18ADBBE9D28CCBEB67454BEE4FD4CBF0C31A5BF2ABE
:20E4D8000774BF496E44BF867ED0BFBCF9DBBFC2F9DBBFC2F9DBBFC2F9DBBFC2F9DBBFC238
:20E4E800F9DBBFC2F9DBBFC2F9DBBFC2F9DBBFC2F9DBBFC2F9DBBFC2F9DBBFC2F9DBBFC26C
:20E4F800F9DBBFC2F9DBBFC2F9DBBFC2F9DBBFC2F9DBBFC2F9DBBFC2F9DBBFC2F9DBBFC25C
:20E50800F9DBBFC2F9DBBFC2F9DBBFC2F9DBBFC2F9DBBFC209C0BFB909C0BFB909C0BFB987
:20E5180009C0BFB909C0BFB909C0BFB909C0BFB909C0BFB909C0BFB909C0BFB909C0BFB9DB
:20E5280009C0BFB909C0BFB909C0BFB909C0BFB909C0BFB909C0BFB909C0BFB909C0BFB9CB
:20E5380009C0BFB909C0BFB909C0BFB909C0BFB909C0BFB909C0BFB979A7BFB7EF5FBFA2F8
:20E54800D97FBF7D53E3BF488E4CBF135DA2BEF5CE70BEC8D346BEA9FD8BBEA58145BEBE13
:20E55800EC42BEEC52D2BF11B50BBF2E02C9BF4E48FEBF892F1BBFC12F1BBFC12F1BBFC166
:20E568002F1BBFC12F1BBFC12F1BBFC12F1BBFC12F1BBFC12F1BBFC12F1BBFC12F1BBFC143
:20E578002F1BBFC12F1BBFC12F1BBFC12F1BBFC12F1BBFC12F1BBFC12F1BBFC12F1BBFC133
:20E588002F1BBFC12F1BBFC12F1BBFC12F1BBFC12F1BBFC12F1BBFC12F1BBFC12F1BBFC123
:20E59800DA66BFB6DA66BFB6DA66BFB6DA66BFB6DA66BFB6DA66BFB6DA66BFB6DA66BFB6BB
:20E5A800DA66BFB6DA66BFB6DA66BFB6DA66BFB6DA66BFB6DA66BFB6DA66BFB6DA66BFB6AB
:20E5B800DA66BFB6DA66BFB6DA66BFB6DA66BFB6DA66BFB6DA66BFB6DA66BFB6DA66BFB69B
:20E5C800DA66BFB6DA66BFB67CC4BFA53943BF816E6EBF4C396DBF17D35BBEFC89A0BED067
:20E5D800EA36BEB1703BBEAED9BEBEC66430BEF5A46ABF153871BF33FC26BF5223B8BF8C45
:20E5E800721DBFBF721DBFBF721DBFBF721DBFBF721DBFBF721DBFBF721DBFBF721DBFBFAB
:20E5F800721DBFBF721DBFBF721DBFBF721DBFBF721DBFBF721DBFBF721DBFBF721DBFBF9B
:20E60800721DBFBF721DBFBF721DBFBF721DBFBF721DBFBF721DBFBF721DBFBF721DBFBF8A
:20E61800721DBFBF721DBFBF721DBFBFD20BBFB4D20BBFB4D20BBFB4D20BBFB4D20BBFB42B
:20E62800D20BBFB4D20BBFB4D20BBFB4D20BBFB4D20BBFB4D20BBFB4D20BBFB4D20BBFB452
:20E63800D20BBFB4D20BBFB4D20BBFB4D20BBFB4D20BBFB4D20BBFB4D20BBFB4D20BBFB442
:20E64800D20BBFB4D20BBFB4D20BBFB4D20BBFB4D20BBFB40F52BFA91E3ABF83E868BF4F61
:20E6580090ACBF1AC77ABF01E282BED7652CBEB945A2BEB62BAABECF4802BEFD9CE0BF1975
:20E66800B939BF373B64BF573919BF8FD53DBFADC044BFBDC044BFBDC044BFBDC044BFBDD7
:20E67800C044BFBDC044BFBDC044BFBDC044BFBDC044BFBDC044BFBDC044BFBDC044BFBD82
:20E68800C044BFBDC044BFBDC044BFBDC044BFBDC044BFBDC044BFBDC044BFBDC044BFBD72
:20E69800C044BFBDC044BFBDC044BFBDC044BFBDC044BFBDC044BFBDF49DBFB2F49DBFB25E
:20E6A800F49DBFB2F49DBFB2F49DBFB2F49DBFB2F49DBFB2F49DBFB2F49DBFB2F49DBFB242
:20E6B800F49DBFB2F49DBFB2F49DBFB2F49DBFB2F49DBFB2F49DBFB2F49DBFB2F49DBFB232
:20E6C800F49DBFB2F49DBFB2F49DBFB2F49DBFB2F49DBFB2F49DBFB2F49DBFB2F49DBFB222
:20E6D800D902BFAB7D6BBF856502BF53E5F3BF1D288DBF053B64BEDFDD83BEC01B09BEBE51
:20E6E8007D95BED79692BF029557BF1D3C9FBF3C7803BF5B4CD7BF9293DEBFB315F4BFBC74
:20E6F80015F4BFBC15F4BFBC15F4BFBC15F4BFBC15F4BFBC15F4BFBC15F4BFBC15F4BFBCE2
:20E7080015F4BFBC15F4BFBC15F4BFBC15F4BFBC15F4BFBC15F4BFBC15F4BFBC15F4BFBCD1
:20E7180015F4BFBC15F4BFBC15F4BFBC15F4BFBC15F4BFBC15F4BFBC15F4BFBC15F4BFBCC1
:20E7280015F4BFBC42C4BFB142C4BFB142C4BFB142C4BFB142C4BFB142C4BFB142C4BFB113
:20E7380042C4BFB142C4BFB142C4BFB142C4BFB142C4BFB142C4BFB142C4BFB142C4BFB111
:20E7480042C4BFB142C4BFB142C4BFB142C4BFB142C4BFB142C4BFB142C4BFB142C4BFB101
:20E7580042C4BFB142C4BFB142C4BFB1BBD8BFAF96D1BF87F73CBF5611F1BF214EA5BF08AD
:20E76800002ABEE640E1BEC8D399BEC5FB2BBEDE28CCBF066F00BF212B41BF404231BF6066
:20E77800B574BF956CF4BFBA6CF4BFBA6CF4BFBA6CF4BFBA6CF4BFBA6CF4BFBA6CF4BFBA15
:20E788006CF4BFBA6CF4BFBA6CF4BFBA6CF4BFBA6CF4BFBA6CF4BFBA6CF4BFBA6CF4BFBAA9
:20E798006CF4BFBA6CF4BFBA6CF4BFBA6CF4BFBA6CF4BFBA6CF4BFBA6CF4BFBA6CF4BFBA99
:20E7A8006CF4BFBA6CF4BFBA6CF4BFBA6CF4BFBAC212BFAFC212BFAFC212BFAFC212BFAFE5
:20E7B800C212BFAFC212BFAFC212BFAFC212BFAFC212BFAFC212BFAFC212BFAFC212BFAF31
:20E7C800C212BFAFC212BFAFC212BFAFC212BFAFC212BFAFC212BFAFC212BFAFC212BFAF21
:20E7D800C212BFAFC212BFAFC212BFAFC212BFAFC212BFAFC212BFAFC212BFAFA273BF89F6
:20E7E8008A1EBF5A3B4FBF247564BF0BC4F0BEECA2F0BECF8ADBBECD78C0BEE6BB06BF096E
:20E7F8004563BF251DD2BF440FA6BF651CC1BF99C597BFB8C597BFB8C597BFB8C597BFB829
:20E80800C597BFB8C597BFB8C597BFB8C597BFB8C597BFB8C597BFB8C597BFB8C597BFB858
:20E81800C597BFB8C597BFB8C597BFB8C597BFB8C597BFB8C597BFB8C597BFB8C597BFB848
:20E82800C597BFB8C597BFB8C597BFB8C597BFB8C597BFB8C597BFB8C597BFB872DABFAE52
:20E8380072DABFAE72DABFAE72DABFAE72DABFAE72DABFAE72DABFAE72DABFAE72DABFAEF8
:20E8480072DABFAE72DABFAE72DABFAE72DABFAE72DABFAE72DABFAE72DABFAE72DABFAEE8
:20E8580072DABFAE72DABFAE72DABFAE72DABFAE72DABFAE72DABFAE72DABFAE72DABFAED8
:20E8680072DABFAE72DABFAE4428BF8C1C58BF5E6556BF279B7CBF0E8866BEF3064FBED7C8
:20E87800421CBED5F655BEED4DE8BF0D1BC5BF290D1BBF48DD1ABF69840EBF9C392EBFA2CD
:20E88800EEA2BFA7A3C2BFAD5936BFB31B48BFB71B48BFB71B48BFB71B48BFB71B48BFB76B
:20E898001B48BFB71B48BFB71B48BFB71B48BFB71B48BFB71B48BFB71B48BFB71B48BFB798
:20E8A8001B48BFB71B48BFB71B48BFB71B48BFB71B48BFB71B48BFB71B48BFB71B48BFB788
:20E8B8001B48BFB71B48BFB759B4BFAD59B4BFAD59B4BFAD59B4BFAD59B4BFAD59B4BFADB8
:20E8C80059B4BFAD59B4BFAD59B4BFAD59B4BFAD59B4BFAD59B4BFAD59B4BFAD59B4BFAD68
:20E8D80059B4BFAD59B4BFAD59B4BFAD59B4BFAD59B4BFAD59B4BFAD59B4BFAD59B4BFAD58
:20E8E80059B4BFAD59B4BFAD59B4BFAD59B4BFAD4895BFA2C194BF8DAE92BF619153BF2A20
:20E8F800C4DBBF114FCABEFA685EBEDEFAADBEDC768ABEF5E022BF10F228BF2CFC65BF4B29
:20E90800AB36BF6EEB07BF9F19E3BFA8486BBFB0696EBFB5696EBFB5696EBFB5696EBFB5E0
:20E91800696EBFB5696EBFB5696EBFB5696EBFB5696EBFB5696EBFB5696EBFB5696EBFB587
:20E92800696EBFB5696EBFB5696EBFB5696EBFB5696EBFB5696EBFB5696EBFB5696EBFB577
:20E93800696EBFB5696EBFB5696EBFB5696EBFB5696EBFB57992BFAC7992BFAC7992BFACE6
:20E948007992BFAC7992BFAC7992BFAC7992BFAC7992BFAC7992BFAC7992BFAC7992BFACFF
:20E958007992BFAC7992BFAC7992BFAC7992BFAC7992BFAC7992BFAC7992BFAC7992BFACEF
:20E968007992BFAC7992BFAC7992BFAC7992BFAC7992BFAC7992BFAC7992BFAC1245BFA59A
:20E9780067E0BF90C8DEBF64551DBF2D7ED0BF1413A9BF003AA8BEE40E80BEE3EDFABEFBD3
:20E988002B95BF147208BF30B353BF4FFCCEBF720FD0BFA34270BFADAC71BFB3AC71BFB3E7
:20E99800AC71BFB3AC71BFB3AC71BFB3AC71BFB3AC71BFB3AC71BFB3AC71BFB3AC71BFB3E7
:20E9A800AC71BFB3AC71BFB3AC71BFB3AC71BFB3AC71BFB3AC71BFB3AC71BFB3AC71BFB3D7
:20E9B800AC71BFB3AC71BFB3AC71BFB3AC71BFB3AC71BFB3AC71BFB3AC71BFB3AC71BFB3C7
:20E9C800D60FBFABD60FBFABD60FBFABD60FBFABD60FBFABD60FBFABD60FBFABD60FBFABB7
:20E9D800D60FBFABD60FBFABD60FBFABD60FBFABD60FBFABD60FBFABD60FBFABD60FBFABA7
:20E9E800D60FBFABD60FBFABD60FBFABD60FBFABD60FBFABD60FBFABD60FBFABD60FBFAB97
:20E9F800D60FBFABD60FBFABF7CFBFA744FABF92E282BF671840BF30396DBF17FC26BF0276
:20EA08000BA2BEEA2253BEE9335DBF017708BF17EEA2BF336E2FBF534F0EBF773498BFA6E3
:20EA1800E00DBFB1E00DBFB1E00DBFB1E00DBFB1E00DBFB1E00DBFB1E00DBFB1E00DBFB1F6
:20EA2800E00DBFB1E00DBFB1E00DBFB1E00DBFB1E00DBFB1E00DBFB1E00DBFB1E00DBFB1E6
:20EA3800E00DBFB1E00DBFB1E00DBFB1E00DBFB1E00DBFB1E00DBFB1E00DBFB1E00DBFB1D6
:20EA4800E00DBFB1E00DBFB1E00DBFB16FD2BFAB6FD2BFAB6FD2BFAB6FD2BFAB6FD2BFAB40
:20EA58006FD2BFAB6FD2BFAB6FD2BFAB6FD2BFAB6FD2BFAB6FD2BFAB6FD2BFAB6FD2BFAB46
:20EA68006FD2BFAB6FD2BFAB6FD2BFAB6FD2BFAB6FD2BFAB6FD2BFAB6FD2BFAB6FD2BFAB36
:20EA78006FD2BFAB6FD2BFAB6FD2BFAB6FD2BFAB6FD2BFABAED1BFAAB535BF94FCCEBF6A0F
:20EA8800DC0ABF32F362BF19E7EABF05DC9CBEEF3776BEEF6F15BF04C27ABF1A6E83BF3713
:20EA980025C4BF579E06BF7B5810BFA902F3BFB002F3BFB002F3BFB002F3BFB002F3BFB0BD
:20EAA80002F3BFB002F3BFB002F3BFB002F3BFB002F3BFB002F3BFB002F3BFB002F3BFB02E
:20EAB80002F3BFB002F3BFB002F3BFB002F3BFB002F3BFB002F3BFB002F3BFB002F3BFB01E
:20EAC80002F3BFB002F3BFB002F3BFB002F3BFB002F3BFB002F3BFB04C6EBFAB4C6EBFAB8E
:20EAD8004C6EBFAB4C6EBFAB4C6EBFAB4C6EBFAB4C6EBFAB4C6EBFAB4C6EBFAB4C6EBFABFE
:20EAE8004C6EBFAB4C6EBFAB4C6EBFAB4C6EBFAB4C6EBFAB4C6EBFAB4C6EBFAB4C6EBFABEE
:20EAF8004C6EBFAB4C6EBFAB4C6EBFAB4C6EBFAB4C6EBFAB4C6EBFAB4C6EBFAB4C6EBFABDE
:20EB08004C6EBFAB5DE1BF961672BF6E9F2CBF35B09FBF1CD3AEBF08AD97BEF54B49BEF512
:20EB1800AACEBF070DEDBF1EEBC4BF3ADD59BF5AEF9EBF7F7CD9BFAC0FE4BFAE0FE4BFAE86
:20EB28000FE4BFAE0FE4BFAE0FE4BFAE0FE4BFAE0FE4BFAE0FE4BFAE0FE4BFAE0FE4BFAECD
:20EB38000FE4BFAE0FE4BFAE0FE4BFAE0FE4BFAE0FE4BFAE0FE4BFAE0FE4BFAE0FE4BFAEBD
:20EB48000FE4BFAE0FE4BFAE0FE4BFAE0FE4BFAE0FE4BFAE0FE4BFAE0FE4BFAE0FE4BFAEAD
:20EB58000FE4BFAE6CDFBFAB6CDFBFAB6CDFBFAB6CDFBFAB6CDFBFAB6CDFBFAB6CDFBFAB4A
:20EB68006CDFBFAB6CDFBFAB6CDFBFAB6CDFBFAB6CDFBFAB6CDFBFAB6CDFBFAB6CDFBFABE5
:20EB78006CDFBFAB6CDFBFAB6CDFBFAB6CDFBFAB6CDFBFAB6CDFBFAB6CDFBFAB6CDFBFABD5
:20EB88006CDFBFAB6CDFBFAB6CDFBFAB6CDFBFABF180BF98D6F5BF70FCB9BF3701B8BF1F95
:20EB98006263BF0B9A80BEFA68B2BEFA8438BF0AF084BF202196BF3E4799BF5E0FE4BF826D
:20EBA800029FBFAC029FBFAC029FBFAC029FBFAC029FBFAC029FBFAC029FBFAC029FBFACED
:20EBB800029FBFAC029FBFAC029FBFAC029FBFAC029FBFAC029FBFAC029FBFAC029FBFACDD
:20EBC800029FBFAC029FBFAC029FBFAC029FBFAC029FBFAC029FBFAC029FBFAC029FBFACCD
:20EBD800029FBFAC029FBFAC029FBFAC029FBFAC98F2C01598F2C015FF82C011C4B1C00B9D
:20EBE80070B9C006458DC0017C31BFF8C750BFEFA162BFE69F2CBFDDBF0ABFD4FDB5BFCBBB
:20EBF800EF0BBFC255B0BFBA6CA0BFB25E89BFAAD639BFA13261BF9972B0BF90CCE2BF8778
:20EC080070A4BF7DB646BF6B1188BF5A34D7BF477026BF336B3CBF1F877FBF0A389BBEE95D
:20EC18006627BECD51ECBE9874D1BE768FC5BE312935BDC50000000029353DC58FC53E3172
:20EC280074D13E7651EC3E98523F3EB487163EE30B243F100DAE3F2506CD3F3980C73F4CC5
:20EC38001FDE3F5F87013F7042703F8147ED3F8ADE013F9292E23F9B2A993FA4A3833FACC6
:20EC480001E23FB5E3153FBCEA363FC508463FCFDAA53FD7CBD13FE0E2043FE98AC63FF283
:20EC5800E37E3FFB064F400396924008FEB0400DB5DD4014C9C5401B3FE6401C294AC01665
:20EC6800294AC016E7FFC012A305C00CF4C7C006C6A8C00110E0BFFAC49CBFF09D5EBFE70E
:20EC78001801BFDF3001BFD6F7BABFCC53E3BFC45350BFBBCCE2BFB366A5BFABE632BFA2DF
:20EC88004841BF9A8D26BF91EF89BF88C45DBF7F2047BF6E93C9BF5CD346BF4930A9BF366F
:20EC98004D2BBF227929BF0D8DF8BEEFB146BECC8423BE976888BE74BFC6BE2FA7C6BDC068
:20ECA80000000000A5653DC9721D3E3335163E7816873E99197A3EB53AA83EE45A5C3F0D3B
:20ECB8002B173F2249903F36E59F3F49A3833F5C22E63F6E18403F8026E93F89C4DB3F916C
:20ECC8007E523F9A1C433FA39B133FAB00003FB4E5C93FBBEE393FC40C4A3FCEDD053FD68B
:20ECD800CE853FDFE3153FE88BD63FF1E2EB3FFA83E44002BCD3400776B4400DC99B401348
:20ECE800D10F401AD10F401ABC17C016BC17C01677AFC0132C7CC00D797DC0074799C00279
:20ECF800786CBFFA2F1BBFF1912ABFE88A5DBFDFA5A4BFD6E109BFCDD10FBFC43958BFBCBB
:20ED08005682BFB4F7CFBFABCDDDBFA3E5DEBF9A7818BF929C8DBF89D1B7BF809F02BF6F60
:20ED18002C13BF5ED3C3BF4BFCB9BF373B4FBF245E20BF0FA68BBEF3FB16BECBB65BBE969A
:20ED28005C3EBE72EFC8BE2D2657BDBC000000001C583DCE54763E35F2BB3E79DB233E9974
:20ED3800E2043EB5ECEA3EE43A693F0B39AC3F207CD93F3435163F480BE13F5BA42B3F6C1F
:20ED4800C41E3F7E39043F881FB43F9195573F99833C3FA209EA3FAB18553FB3FFC13FBA0C
:20ED5800068E3FC421AB3FCDEF203FD5DD593FDEEEF63FE721573FF17B5F3FFA022140028C
:20ED680037224007EC6C400C391940139AFE401A9AFE401ACD21C016CD21C0162B2CC0130C
:20ED7800E4B8C00C8A87C00709D5C0029A80BFFA52D2BFF1B7D4BFE8B107BFDFCD9FBFD66B
:20ED88000957BFCEFAADBFC46499BFBC8312BFB42657BFACFDB5BFA31759BF9BAAE3BF9230
:20ED9800CF57BF8907C8BF810E6BBF70A162BF5E523FBF4C7E7CBF38C6E7BF24F8CBBF0F68
:20EDA800FB55BEF44635BECBE892BE954FF4BE701D2ABE2C9FA9BDB700000000934B3DD22D
:20EDB80036CE3E37B2FF3E7B9FBE3E9AA93F3EB69F2C3EE59D1F3F0AAC1D3F1FF5303F3396
:20EDC800B9393F47934B3F5A317B3F6C57FB3F7E04963F88EC963F9063DC3F9953653FA274
:20EDD800DBB63FAAEB703FB2D4803FBADB4D3FC3F95D3FCCC8C93FD5B6AE3FDEC89F3FE7CA
:20EDE800FDA03FF057FB3FFAF117400126184007DC33400C280F40138A1E401A8A1E401AFD
:20EDF800BDBAC016BDBAC0161C97C013D6CBC00C7E3DC007FE33C00187D3BFFA41C8BFF12E
:20EE0800A86DBFE8A494BFDFC2CEBFD6031DBFCEF473BFC46152BFBC81C3BFB42657BFACCF
:20EE1800FF58BFA31AA0BF9BAF79BF92D591BF890FA6BF8120C5BF70B702BF5E6B27BF4C6A
:20EE28009D49BF38EB9ABF24240BBF10696EBEF59004BECA1C19BE9543AABE6E4D2BBE2AE0
:20EE380018FCBDB3000000000A3D3DD719263E3970A43E7D645A3E9B707A3EB752BD3EE6AD
:20EE48006E983F0A837B3F1F8C543F339DB23F477DAA3F5A1F213F6C48E93F7EFE5D3F871E
:20EE5800E7FF3F9060953F9901793FA285343FAAED143FB2D7733FBAE1873FC3FF973FCCDB
:20EE6800D1F63FD5C3223FDED8063FE70EAA3FF16BF83FFAFBE7400185F04007E94F400CC2
:20EE780037A040139A56401A9A56401AA10EC016A10EC01600BDC013BD3CC00C6651C007DF
:20EE8800E892C0015E35BFFA1B1EBFF1850ABFE88423BFDFA5A4BFD6E743BFCDDD2FBFC45C
:20EE98004A62BFBC6D72BFB46A2BBFACEE4EBFA35697BF9BA1B6BF92C91DBF8904D5BF810D
:20EEA8007A8DBF7006F7BF5F5EB3BF4CE172BF38E853BF245879BF10768ABEF5FFD6BEC9C6
:20EEB800894CBE94CCCDBE6CF5C3BE28DC9CBDAF000000003C213DDA708F3E3AB3143E7E60
:20EEC800F3383E9B0B243EB8FE723EE66B513F0A86C23F1F95813F3353A43F472D0E3F5AE9
:20EED8002EDC3F6CE93A3F7D0AD03F88F5C33F906FFC3F9912843FA2978D3FAA01113FB393
:20EEE800ED143FBAFA1A3FC31B713FCDEF203FD5E3933FDEFB6A3FE735543FF194463FFA55
:20EEF800125A40029DDC400702DE400D53504013B7AA401AB7AA401A7E52C0167E52C016A7
:20EF0800DEA9C0129D9DC00C48FEC007CCB8C0012B17BFFAEB46BFF05825BFE85A86BFDFBB
:20EF18007EFABFD6C3DFBFCDBB6FBFC42B41BFBC5048BFB44E51BFACD417BFA33E03BF9B0D
:20EF28008A72BF92F45EBF89F084BF8051ECBF70E4E2BF5E3FE6BF4CC2A4BF38CCCDBF24D7
:20EF380042D9BF1051D7BEF58890BEC91DD2BE94BC2CBE6BEF9EBE276CB5BDAD0000000006
:20EF48008C933DDC6C373E3BA1A13E7F5EB33E9C88F83EB8A4E83EE780F13F0A9FA93F1FE4
:20EF5800B1073F3372713F474F223F5AEAB33F6B11343F7E20713F88C78F3F9088E33F99F3
:20EF68002CBA3FA2B3683FAA1E3A3FB30D843FBB1C2E3FC43ED53FCD176E3FD60ED43FDFE3
:20EF7800284E3FE8652C3FF1C8B43FFA2E0A4002BC024007234F400D75644013DCB1401A15
:20EF8800DCB1401A7968BFEE7968BFEE7968BFEE7968BFEE00E7BFF14802BFF14952BFF16E
:20EF980026FEBFF02507BFE8290BBFDF5215BFD6989EBFCD9321BFC4063ABFBC894CBFB4E9
:20EFA8002C91BFACB54ABFA31F36BF9B6D48BF92D884BF89D64DBF80240BBF70B702BF5ED1
:20EFB80014A5BF4C9AAABF38E853BF2420C5BF10696EBEF5335DBEC99C0FBE93C860BE6A7B
:20EFC800CF42BE26F790BDAA00000000FC7A3DDE6A7F3E3C59213E80B9243E9CEDE53EB89B
:20EFD8004A0E3EE86E983F0AC45D3F1FD9023F339DB23F477DAA3F5A1BDA3F6C45A23F7EA7
:20EFE8003AA83F88E3693F90A60D3F994BDC3FA2D57C3FAA41F23FB332DF3FBB00153FC331
:20EFF800240B3FC4197A3FC502C93FC64B883FC612303FC61BEF3FC31BEF3FC31BEF3FC31D
:20F008001BEF3FC31BEF3FC31BEF3FC31BEF3FC3CD9FBFAACD9FBFAACD9FBFAACD9FBFAA64
:20F01800CD9FBFAACD9FBFAACD9FBFAACD9FBFAACD9FBFAA573FBFAB3348BFAA5AC4BFA846
:20F028000C9EBFA6588EBFA35293BFA02642BF9DBA5EBF995F85BF964E27BF92BB5ABF899D
:20F03800B924BF80EC57BF6F8295BF5E36B9BF4C6C22BF38BA73BF242D38BF10197ABEF5EE
:20F04800CA82BEC84D6ABE93DC72BE69C91DBE25B19ABDA80000000037F43DE1566D3E3D59
:20F05800C1FD3E8021FF3E9D56C13EB9F4733EE899D93F0AB2033F1FBD7B3F33CED93F47E1
:20F06800B2183F5A538F3F6C7D563F7EFF6D3F82CC103F85A2343F880D843F8BCF573F8D51
:20F078001F213F9012303F928F9B3F93674D3F9312303F9212303F9212303F9212303F9288
:20F0880012303F9212303F9212303F9212303F9212303F9212303F9212303F92680ABF862C
:20F09800680ABF86680ABF86680ABF86680ABF86680ABF86680ABF86680ABF86680ABF86A0
:20F0A800680ABF86680ABF86680ABF86680ABF86E98EBF854EA5BF843AE7BF819518BF7C32
:20F0B8000AA6BF760AE5BF6F707ABF67F4DCBF5F7C85BF583EEABF50F77BBF4781C3BF3836
:20F0C80088A4BF24FB6ABF0FC2F8BEF461A6BEC8E48FBE92F084BE68A8C1BE2470E3BDA68F
:20F0D80000000000443D3DE35C923E3E2AD83E81B22D3E9DBF9C3EB991BC3EE9C8603F0A5B
:20F0E800E32A3F1FF1E93F33E8BC3F3BF4F13F42FE873F498EDE3F5047D83F570C5F3F5D09
:20F0F80068493F6342D93F687B893F6C7B893F6C7B893F6C7B893F6C7B893F6C7B893F6CC9
:20F108007B893F6C7B893F6C7B893F6C7B893F6C7B893F6C7B893F6C7B893F6C7B893F6C6F
:20F118007B893F6C7B893F6CB3BCBF5EB3BCBF5EB3BCBF5EB3BCBF5EB3BCBF5EB3BCBF5E31
:20F12800B3BCBF5EB3BCBF5EB3BCBF5EB3BCBF5EB3BCBF5EB3BCBF5EB3BCBF5EB3BCBF5E67
:20F13800B3BCBF5EB3BCBF5E83CFBF5B91A7BF56E219BF505422BF49E258BF412292BF3A77
:20F14800C8C9BF316BBABF29E411BF20FEB0BF1728CCBF0EB09FBEF405E6BEC87BB3BE9210
:20F158001ECDBE688866BE233569BDA4000000008A333DE548803E3FA0CF3E81425B3E9EED
:20F1680028783EBA21EA3EEA69EC3F074F4C3F106AD33F18E9B83F1FCE313F27ABDE3F2E49
:20F17800F8F43F351DD23F3CCCB83F4112843F4636F83F4536F83F4536F83F4536F83F45C6
:20F1880036F83F4536F83F4536F83F4536F83F4536F83F4536F83F4536F83F4536F83F45D7
:20F1980036F83F4536F83F4536F83F4536F83F4536F83F45F30EBF3DF30EBF3DF30EBF3DE6
:20F1A800F30EBF3DF30EBF3DF30EBF3DF30EBF3DF30EBF3DF30EBF3DF30EBF3DF30EBF3D5F
:20F1B800F30EBF3DF30EBF3DF30EBF3DF30EBF3DF30EBF3DF30EBF3DF30EBF3D1705BF3B36
:20F1C8001D69BF352435BF2EC765BF26FF19BF1E7FF6BF1622E6BF0E3E2DBF05DAA5BEF7DF
:20F1D800BA9DBEE29D0ABEC712D7BE924D16BE67B6AEBE22EF74BDA100000000967D3DE7F7
:20F1E800346E3E4016C63E82D2893E9E91533EBAC7E33ED889F43EECAB9F3EFD0A3D3F07BF
:20F1F800CFEA3F0E7CAF3F16859D3F1DA7333F236B7B3F282E1F3F292E1F3F292E1F3F294B
:20F208002E1F3F292E1F3F292E1F3F292E1F3F292E1F3F292E1F3F292E1F3F292E1F3F293E
:20F218002E1F3F292E1F3F292E1F3F292E1F3F292E1F3F292E1F3F292E1F3F292E1F3F292E
:20F2280060AABF2460AABF2460AABF2460AABF2460AABF2460AABF2460AABF2460AABF245E
:20F2380060AABF2460AABF2460AABF2460AABF2460AABF2460AABF2460AABF2460AABF244E
:20F2480060AABF2460AABF2460AABF2460AABF246167BF1F1538BF196E59BF11B1D9BF093E
:20F258002989BF013405BEF1D7C7BEDE1855BECB0B78BEB4A9FCBE916E44BE66D7DCBE21BB
:20F26800E32ABD9F00000000A2C63DE9205C3E417FA23E822A453E9CA0A53EABB1703EC21B
:20F2780096683ED4A8583EE598353EF6A8EB3F0214CF3F0ABDCF3F0FA3EC3F13A3EC3F13A6
:20F28800A3EC3F13A3EC3F13A3EC3F13A3EC3F13A3EC3F13A3EC3F13A3EC3F13A3EC3F135E
:20F29800A3EC3F13A3EC3F13A3EC3F13A3EC3F13A3EC3F13A3EC3F13A3EC3F13A3EC3F134E
:20F2A800A3EC3F13A3EC3F13A3EC3F136349BF1C6349BF1C6349BF1C6349BF1C6349BF1C00
:20F2B8006349BF1C6349BF1C6349BF1C6349BF1C6349BF1C6349BF1C6349BF1C6349BF1CFE
:20F2C8006349BF1C6349BF1C6349BF1C6349BF1C6349BF1C6349BF1C6349BF1C2B17BF1A5A
:20F2D800FA6EBF13475ABF0D566DBF05A10EBEFA2253BEE9FE72BED66F7EBEC312AEBEACC9
:20F2E80046C7BE901284BE667C1CBE211173BD9F00000000747E3DEA89373E4199D93E8210
:20F2F80065803E95FD0D3EA370263EBB35A83ECDD1393EDEADD63EEE73433EFDF7A53F0536
:20F3080059363F0BA6CA3F0CA6CA3F0CA6CA3F0CA6CA3F0CA6CA3F0CA6CA3F0CA6CA3F0CEF
:20F31800A6CA3F0CA6CA3F0CA6CA3F0CA6CA3F0CA6CA3F0CA6CA3F0CA6CA3F0CA6CA3F0CFD
:20F32800A6CA3F0CA6CA3F0CA6CA3F0CA6CA3F0CA6CA3F0CA6CA3F0CE50CBF14E50CBF14DB
:20F33800E50CBF14E50CBF14E50CBF14E50CBF14E50CBF14E50CBF14E50CBF14E50CBF1495
:20F34800E50CBF14E50CBF14E50CBF14E50CBF14E50CBF14E50CBF14E50CBF14E50CBF1485
:20F35800E50CBF14E50CBF14E50CBF14707ABF0FE608BF086DB1BF016263BEF3F362BEE194
:20F36800D0D0BECFE853BEBC5EF2BEA5A027BE89DE16BE652D77BE210B4EBD9E0000000094
:20F3780046353DEBD7DC3E41CF183E80C02F3E8E3C363E9DBC6A3EB4C7653EC6C1BE3ED717
:20F38800D0293EE785DB3EF6F8A13F0109FF3F0609FF3F0609FF3F0609FF3F0609FF3F0659
:20F3980009FF3F0609FF3F0609FF3F0609FF3F0609FF3F0609FF3F0609FF3F0609FF3F06ED
:20F3A80009FF3F0609FF3F0609FF3F0609FF3F0609FF3F0609FF3F0609FF3F0609FF3F06DD
:20F3B80009FF3F064DE8BF0D4DE8BF0D4DE8BF0D4DE8BF0D4DE8BF0D4DE8BF0D4DE8BF0DE1
:20F3C8004DE8BF0D4DE8BF0D4DE8BF0D4DE8BF0D4DE8BF0D4DE8BF0D4DE8BF0D4DE8BF0D1D
:20F3D8004DE8BF0D4DE8BF0D4DE8BF0D4DE8BF0D4DE8BF0D4DE8BF0D313CBF0B53CEBF05F3
:20F3E800764BBEFC6690BEEC87BEBEDBC8C9BEC9DB0EBEB62CF9BE9F9581BE83A383BE6476
:20F3F800C49CBE203997BD9D00000000DE403DEB40B83E42714C3E7565953E880A3D3E9783
:20F408000D843EAFDAE43EC0F9F03ED161E53EE1CA433EEF22D13EFBE9B83EFFE9B83EFF2B
:20F41800E9B83EFFE9B83EFFE9B83EFFE9B83EFFE9B83EFFE9B83EFFE9B83EFFE9B83EFFE4
:20F42800E9B83EFFE9B83EFFE9B83EFFE9B83EFFE9B83EFFE9B83EFFE9B83EFFE9B83EFFD4
:20F43800E9B83EFFE9B83EFFE9B83EFFE9B83EFF3238BF073238BF073238BF073238BF077C
:20F448003238BF073238BF073238BF073238BF073238BF073238BF073238BF073238BF0724
:20F458003238BF073238BF073238BF073238BF073238BF073238BF073238BF073238BF0714
:20F468003238BF073238BF0776DEBF01BAB2BEF5D480BEE6AD97BED5FD0DBEC39503BEB190
:20F4780056C1BE99E76DBE7BC8C9BE5975F7BE2067E0BD9C00000000AFF73DECF2133E4194
:20F48800B0C93E6A53F83E839B913E915D4F3EA979533EBB23B83ECC4C593EDCFA983EE987
:20F49800D85A3EF3C27A3EF2C27A3EF2C27A3EF2C27A3EF2C27A3EF2C27A3EF2C27A3EF2FD
:20F4A800C27A3EF2C27A3EF2C27A3EF2C27A3EF2C27A3EF2C27A3EF2C27A3EF2C27A3EF2E4
:20F4B800C27A3EF2C27A3EF2C27A3EF2C27A3EF2C27A3EF2C27A3EF2C27A3EF2AE53BF0080
:20F4C800AE53BF00AE53BF00AE53BF00AE53BF00AE53BF00AE53BF00AE53BF00AE53BF0024
:20F4D800AE53BF00AE53BF00AE53BF00AE53BF00AE53BF00AE53BF00AE53BF00AE53BF0014
:20F4E800AE53BF00AE53BF00AE53BF00AE53BF00AE53BF0056D6BEFC3776BEEF46C7BEE059
:20F4F8005682BED0E4E2BEBE4C59BEAC43D4BE948FC5BE7128A2BE502752BE209629BD9B0B
:20F508000000000081AE3DED51EC3E388AF03E6053CE3E7DD8993E8CE8FB3EA4B65B3EB6DE
:20F51800B0B43EC724DD3ED65FC43EE310E03EEA10E03EEA10E03EEA10E03EEA10E03EEA99
:20F5280010E03EEA10E03EEA10E03EEA10E03EEA10E03EEA10E03EEA10E03EEA10E03EEA03
:20F5380010E03EEA10E03EEA10E03EEA10E03EEA10E03EEA10E03EEA10E03EEA10E03EEAF3
:20F5480010E03EEA10E03EEA2791BEF92791BEF92791BEF92791BEF92791BEF92791BEF9D9
:20F558002791BEF92791BEF92791BEF92791BEF92791BEF92791BEF92791BEF92791BEF91B
:20F568002791BEF92791BEF92791BEF92791BEF92791BEF92791BEF92791BEF92791BEF90B
:20F57800A858BEF5945BBEE96849BEDB8130BECBB218BEBA0C74BEA867F5BE8F240BBE6880
:20F58800429ABE478202BE19C9B0BD9A0000000058A33DEE068E3E303C0C3E57F0D83E74D8
:20F5980058793E8868DC3EA030FD3EB2070C3EC2E8E63ED1BE623EDCC5EB3EE0C5EB3EE0B7
:20F5A800C5EB3EE0C5EB3EE0C5EB3EE0C5EB3EE0C5EB3EE0C5EB3EE0C5EB3EE0C5EB3EE0D3
:20F5B800C5EB3EE0C5EB3EE0C5EB3EE0C5EB3EE0C5EB3EE0C5EB3EE0C5EB3EE0C5EB3EE0C3
:20F5C800C5EB3EE0C5EB3EE0C5EB3EE0C5EB3EE0C5EB3EE01EF7BEEE1EF7BEEE1EF7BEEEDA
:20F5D8001EF7BEEE1EF7BEEE1EF7BEEE1EF7BEEE1EF7BEEE1EF7BEEE1EF7BEEE1EF7BEEE0B
:20F5E8001EF7BEEE1EF7BEEE1EF7BEEE1EF7BEEE1EF7BEEE1EF7BEEE1EF7BEEE1EF7BEEEFB
:20F5F8001EF7BEEE1EF7BEEE1EF7BEEE1EF7BEEEEB9ABEE41BB0BED689CABEC620EFBEB60F
:20F60800EEA2BEA31AF4BE8B6FD2BE5F7A4EBE3F9CE0BE11F2BBBD990000000033C63DE80B
:20F61800A71E3E28D6773E4EC5D63E6D5A1D3E845D643E9CCD4B3EAE4CD73EBE3C9F3ECCAC
:20F628008AB13ED7656B3ED2656B3ED2656B3ED2656B3ED2656B3ED2656B3ED2656B3ED252
:20F63800656B3ED2656B3ED2656B3ED2656B3ED2656B3ED2656B3ED2656B3ED2656B3ED2B2
:20F64800656B3ED2656B3ED2656B3ED2656B3ED2656B3ED2656B3ED2656B3ED2656B3ED2A2
:20F65800D7F1BEE4D7F1BEE4D7F1BEE4D7F1BEE4D7F1BEE4D7F1BEE4D7F1BEE4D7F1BEE442
:20F66800D7F1BEE4D7F1BEE4D7F1BEE4D7F1BEE4D7F1BEE4D7F1BEE4D7F1BEE4D7F1BEE432
:20F67800D7F1BEE4D7F1BEE4D7F1BEE4D7F1BEE4D7F1BEE4D7F1BEE4D7F1BEE4D9FDBEDF19
:20F68800B94EBED2934BBEC2680ABEB25A71BEA0B9E0BE87F62BBE571ADFBE38CD9FBE0A2B
:20F698003CDEBD950000000095423DDAE4F73E2177083E47381D3E67E4113E8028E13E992D
:20F6A800C9B03EAAEC2D3EB97D953EC753653ECE53653ECE53653ECE53653ECE53653ECEE6
:20F6B80053653ECE53653ECE53653ECE53653ECE53653ECE53653ECE53653ECE53653ECE12
:20F6C80053653ECE53653ECE53653ECE53653ECE53653ECE53653ECE53653ECE53653ECE02
:20F6D80053653ECE53653ECE53653ECE8683BEDE8683BEDE8683BEDE8683BEDE8683BEDE8D
:20F6E8008683BEDE8683BEDE8683BEDE8683BEDE8683BEDE8683BEDE8683BEDE8683BEDEDA
:20F6F8008683BEDE8683BEDE8683BEDE8683BEDE8683BEDE8683BEDE8683BEDE8683BEDECA
:20F708008683BEDE8683BEDE82E8BEDA132BBECE1BEFBEBF9E1BBEAEA57ABE9CA0E4BE84E0
:20F71800C433BE51244ABE31C2F8BE048DE3BD8C000000009A2C3DCEB2FF3E1BC1FD3E4022
:20F728002D773E6171763E7B31F93E9646883EA7FE723EB6A5A43EC281843EC781843EC76C
:20F7380081843EC781843EC781843EC781843EC781843EC781843EC781843EC781843EC761
:20F7480081843EC781843EC781843EC781843EC781843EC781843EC781843EC781843EC751
:20F7580081843EC781843EC781843EC781843EC781843EC781843EC71893BED41893BED4DB
:20F768001893BED41893BED41893BED41893BED41893BED41893BED41893BED41893BED499
:20F778001893BED41893BED41893BED41893BED41893BED41893BED41893BED41893BED489
:20F788001893BED41893BED41893BED41893BED41893BED41893BED417D7BEC9A344BEBB1E
:20F798002032BEABC38BBE99AF3ABE812268BE4CCAFFBE2ADFA4BDFE5CBCBD8400000000ED
:20F7A80076F33DC438863E16F8DF3E3A4A233E5B1E4F3E7674BC3E931DD23EA41CEB3EB385
:20F7B800FF193EBE6E1A3EC06E1A3EC06E1A3EC06E1A3EC06E1A3EC06E1A3EC06E1A3EC073
:20F7C8006E1A3EC06E1A3EC06E1A3EC06E1A3EC06E1A3EC06E1A3EC06E1A3EC06E1A3EC0F1
:20F7D8006E1A3EC06E1A3EC06E1A3EC06E1A3EC06E1A3EC06E1A3EC06E1A3EC06E1A3EC0E1
:20F7E8006E1A3EC0D528BECED528BECED528BECED528BECED528BECED528BECED528BECEBC
:20F7F800D528BECED528BECED528BECED528BECED528BECED528BECED528BECED528BECEA9
:20F80800D528BECED528BECED528BECED528BECED528BECED528BECED528BECED528BECE98
:20F81800D528BECE27E5BEC5991CBEB7FF58BEA73ABDBE97646FBE7E03B0BE473650BE2556
:20F828003F7DBDF56373BD7A00000000DCF03DBB41203E1135E73E36F6FD3E558FC53E71B8
:20F8380004D53E9168733EA1C3B53EAF7B0B3EBA7B0B3EBA7B0B3EBA7B0B3EBA7B0B3EBA73
:20F848007B0B3EBA7B0B3EBA7B0B3EBA7B0B3EBA7B0B3EBA7B0B3EBA7B0B3EBA7B0B3EBAB0
:20F858007B0B3EBA7B0B3EBA7B0B3EBA7B0B3EBA7B0B3EBA7B0B3EBA7B0B3EBA7B0B3EBAA0
:20F868007B0B3EBA7B0B3EBA7B0B3EBA7B0B3EBAAA8FBEC6AA8FBEC6AA8FBEC6AA8FBEC694
:20F87800AA8FBEC6AA8FBEC6AA8FBEC6AA8FBEC6AA8FBEC6AA8FBEC6AA8FBEC6AA8FBEC688
:20F88800AA8FBEC6AA8FBEC6AA8FBEC6AA8FBEC6AA8FBEC6AA8FBEC6AA8FBEC6AA8FBEC678
:20F89800AA8FBEC6AA8FBEC6AA8FBEC6AA8FBEC6743FBEC143D4BEB4BB1BBEA42EDCBE940D
:20F8A800B131BE792681BE423EEABE2056D6BDECE54BBD6D0000000063493DB4BFB13E0CF4
:20F8B8001D543E3282AA3E5118D23E6DECC03E8ECAAC3E9E36113EACE5DE3EB2E5DE3EB29E
:20F8C800E5DE3EB2E5DE3EB2E5DE3EB2E5DE3EB2E5DE3EB2E5DE3EB2E5DE3EB2E5DE3EB288
:20F8D800E5DE3EB2E5DE3EB2E5DE3EB2E5DE3EB2E5DE3EB2E5DE3EB2E5DE3EB2E5DE3EB278
:20F8E800E5DE3EB2E5DE3EB2E5DE3EB2E5DE3EB2E5DE3EB2E5DE3EB2E5DE3EB201CDBEC2CD
:20F8F80001CDBEC201CDBEC201CDBEC201CDBEC201CDBEC201CDBEC201CDBEC201CDBEC280
:20F9080001CDBEC201CDBEC201CDBEC201CDBEC201CDBEC201CDBEC201CDBEC201CDBEC26F
:20F9180001CDBEC201CDBEC201CDBEC201CDBEC201CDBEC201CDBEC201CDBEC28C2ABEBD7C
:20F928005F46BEB19C78BEA23A93BE910870BE75BF48BE3DBD7BBE1B25AFBDE40A91BD632D
:20F938000000000009FF3DAEA71E3E081EF73E2E1B713E4DCBD13E68DF263E8C75643E9B56
:20F9480095AB3EA9234F3EAD234F3EAD234F3EAD234F3EAD234F3EAD234F3EAD234F3EADED
:20F95800234F3EAD234F3EAD234F3EAD234F3EAD234F3EAD234F3EAD234F3EAD234F3EADA7
:20F96800234F3EAD234F3EAD234F3EAD234F3EAD234F3EAD234F3EAD234F3EAD234F3EAD97
:20F97800234F3EAD234F3EAD4C44BEB94C44BEB94C44BEB94C44BEB94C44BEB94C44BEB98B
:20F988004C44BEB94C44BEB94C44BEB94C44BEB94C44BEB94C44BEB94C44BEB94C44BEB927
:20F998004C44BEB94C44BEB94C44BEB94C44BEB94C44BEB94C44BEB94C44BEB94C44BEB917
:20F9A8004C44BEB94C44BEB94C44BEB99019BEAD9C63BE9FF49DBE8E7747BE70A6B5BE399F
:20F9B8008AB1BE1791D1BDDC35FCBD5900000000826B3DA8F7663E0462243E2AC1553E48E2
:20F9C800F7663E64C0833E8A691A3E9981ED3EA66AD33EA86AD33EA86AD33EA86AD33EA8DD
:20F9D8006AD33EA86AD33EA86AD33EA86AD33EA86AD33EA86AD33EA86AD33EA86AD33EA8F7
:20F9E8006AD33EA86AD33EA86AD33EA86AD33EA86AD33EA86AD33EA86AD33EA86AD33EA8E7
:20F9F8006AD33EA86AD33EA86AD33EA86AD33EA86AD33EA86FFCBEB56FFCBEB56FFCBEB5A6
:20FA08006FFCBEB56FFCBEB56FFCBEB56FFCBEB56FFCBEB56FFCBEB56FFCBEB56FFCBEB5EE
:20FA18006FFCBEB56FFCBEB56FFCBEB56FFCBEB56FFCBEB56FFCBEB56FFCBEB56FFCBEB5DE
:20FA28006FFCBEB56FFCBEB56FFCBEB56FFCBEB56FFCBEB56FFCBEB598C8BEAB20B0BE9D96
:20FA3800A03CBE8C6152BE6CE9E2BE35B3A7BE139B3DBDD5331EBD500000000098203DA362
:20FA480089373E01F3F53E2638EF3E4593B43E61C0053E88FBD23E9624C83EA324C83EA3FD
:20FA580024C83EA324C83EA324C83EA324C83EA324C83EA324C83EA324C83EA324C83EA326
:20FA680024C83EA324C83EA324C83EA324C83EA324C83EA324C83EA324C83EA324C83EA316
:20FA780024C83EA324C83EA324C83EA324C83EA324C83EA324C83EA324C83EA324C83EA306
:20FA880064D8BEAD64D8BEAD64D8BEAD64D8BEAD64D8BEAD64D8BEAD64D8BEAD64D8BEAD26
:20FA980064D8BEAD64D8BEAD64D8BEAD64D8BEAD64D8BEAD64D8BEAD64D8BEAD64D8BEAD16
:20FAA80064D8BEAD64D8BEAD64D8BEAD64D8BEAD64D8BEAD64D8BEAD64D8BEAD64D8BEAD06
:20FAB80064D8BEAD6EC1BEA89692BE9A209BBE8A2791BE69F8A1BE3179E6BE100D84BDCFBE
:20FAC800CD8ABD470000000016B13D9FB9243DFCBA343E2340B83E424F763E5ECF423E860D
:20FAD800BA343E936D9C3E9E6D9C3E9E6D9C3E9E6D9C3E9E6D9C3E9E6D9C3E9E6D9C3E9E0C
:20FAE8006D9C3E9E6D9C3E9E6D9C3E9E6D9C3E9E6D9C3E9E6D9C3E9E6D9C3E9E6D9C3E9ED6
:20FAF8006D9C3E9E6D9C3E9E6D9C3E9E6D9C3E9E6D9C3E9E6D9C3E9E6D9C3E9E6D9C3E9EC6
:20FB08006D9C3E9E6D9C3E9E6D9C3E9E6762BEAA6762BEAA6762BEAA6762BEAA6762BEAA39
:20FB18006762BEAA6762BEAA6762BEAA6762BEAA6762BEAA6762BEAA6762BEAA6762BEAA45
:20FB28006762BEAA6762BEAA6762BEAA6762BEAA6762BEAA6762BEAA6762BEAA6762BEAA35
:20FB38006762BEAA6762BEAA6762BEAA6762BEAA2F5ABEA6D8EDBE989F41BE888794BE657D
:20FB4800C41EBE2E6777BE0D7636BDC92F30BD400000000022D13D9BAA263DF7FE483E2025
:20FB580097243E3F18553E5B119D3E8562CC3E92FE873E99FE873E99FE873E99FE873E9970
:20FB6800FE873E99FE873E99FE873E99FE873E99FE873E99FE873E99FE873E99FE873E999D
:20FB7800FE873E99FE873E99FE873E99FE873E99FE873E99FE873E99FE873E99FE873E998D
:20FB8800FE873E99FE873E99FE873E99FE873E99FE873E99FE873E99BF1FBEA7BF1FBEA7AF
:20FB9800BF1FBEA7BF1FBEA7BF1FBEA7BF1FBEA7BF1FBEA7BF1FBEA7BF1FBEA7BF1FBEA735
:20FBA800BF1FBEA7BF1FBEA7BF1FBEA7BF1FBEA7BF1FBEA7BF1FBEA7BF1FBEA7BF1FBEA725
:20FBB800BF1FBEA7BF1FBEA7BF1FBEA7BF1FBEA7BF1FBEA7BF1FBEA7BF1FBEA76A40BEA34D
:20FBC800516EBE967770BE8630FDBE62923ABE2B6F3FBE0A1893BDC4DA3CBD380000000030
:20FBD8006DDB3D97E48F3DF24CD73E1E07C83E3D1D7E3E5853F83E83125A3E90E3BD3E949D
:20FBE800E3BD3E94E3BD3E94E3BD3E94E3BD3E94E3BD3E94E3BD3E94E3BD3E94E3BD3E946D
:20FBF800E3BD3E94E3BD3E94E3BD3E94E3BD3E94E3BD3E94E3BD3E94E3BD3E94E3BD3E945D
:20FC0800E3BD3E94E3BD3E94E3BD3E94E3BD3E94E3BD3E94E3BD3E94E3BD3E94E3BD3E944C
:20FC1800E3BD3E94A58FBE9FA58FBE9FA58FBE9FA58FBE9FA58FBE9FA58FBE9FA58FBE9F63
:20FC2800A58FBE9FA58FBE9FA58FBE9FA58FBE9FA58FBE9FA58FBE9FA58FBE9FA58FBE9F34
:20FC3800A58FBE9FA58FBE9FA58FBE9FA58FBE9FA58FBE9FA58FBE9FA58FBE9FA58FBE9F24
:20FC4800A58FBE9FA58FBE9FA58FBE9F0F67BE94CEC4BE841E8EBE5F8CE7BE28B891BE071D
:20FC5800F9DBBDBE4C83BD320000000026FE3D94B1C43DEEBD7B3E1B85883E3A64303E55AD
:20FC6800C9713E8118D23E8D88CE3E9288CE3E9288CE3E9288CE3E9288CE3E9288CE3E92EA
:20FC780088CE3E9288CE3E9288CE3E9288CE3E9288CE3E9288CE3E9288CE3E9288CE3E923C
:20FC880088CE3E9288CE3E9288CE3E9288CE3E9288CE3E9288CE3E9288CE3E9288CE3E922C
:20FC980088CE3E9288CE3E9288CE3E9288CE3E92013BBE9D013BBE9D013BBE9D013BBE9D58
:20FCA800013BBE9D013BBE9D013BBE9D013BBE9D013BBE9D013BBE9D013BBE9D013BBE9D84
:20FCB800013BBE9D013BBE9D013BBE9D013BBE9D013BBE9D013BBE9D013BBE9D013BBE9D74
:20FCC800013BBE9D013BBE9D013BBE9D013BBE9D013BBE9D013BBE9DB717BE9188CEBE82DF
:20FCD8003611BE5CD399BE253B8EBE055E35BDBA9AFEBD2C0000000034053D91FCCE3DEA4D
:20FCE80067CB3E1927FA3E38EF0B3E5284623E80EDFA3E8B78183E8E78183E8E78183E8EEA
:20FCF80078183E8E78183E8E78183E8E78183E8E78183E8E78183E8E78183E8E78183E8E0C
:20FD080078183E8E78183E8E78183E8E78183E8E78183E8E78183E8E78183E8E78183E8EFB
:20FD180078183E8E78183E8E78183E8E78183E8E78183E8E78183E8E78183E8E2FECBE9BD3
:20FD28002FECBE9B2FECBE9B2FECBE9B2FECBE9B2FECBE9B2FECBE9B2FECBE9B2FECBE9B1B
:20FD38002FECBE9B2FECBE9B2FECBE9B2FECBE9B2FECBE9B2FECBE9B2FECBE9B2FECBE9B0B
:20FD48002FECBE9B2FECBE9B2FECBE9B2FECBE9B2FECBE9B2FECBE9B2FECBE9B2FECBE9BFB
:20FD58002FECBE9BF972BE8F0E02BE817785BE593EFFBE23D0E5BE0245A2BDB65CD1BD27FF
:20FD680000000000703B3D8E77083DE731903E17FC3B3E35AE533E50A0BA3E7EC9323E883C
:20FD7800C9323E88C9323E88C9323E88C9323E88C9323E88C9323E88C9323E88C9323E8863
:20FD8800C9323E88C9323E88C9323E88C9323E88C9323E88C9323E88C9323E88C9323E8853
:20FD9800C9323E88C9323E88C9323E88C9323E88C9323E88C9323E88C9323E88C9323E8843
:20FDA800C9323E88C9323E886888BE946888BE946888BE946888BE946888BE946888BE942D
:20FDB8006888BE946888BE946888BE946888BE946888BE946888BE946888BE946888BE941B
:20FDC8006888BE946888BE946888BE946888BE946888BE946888BE946888BE946888BE940B
:20FDD8006888BE946888BE946888BE946888BE942D62BE8ECC64BE7DB8FABE56AA65BE200A
:20FDE800663CBE002D0EBDB22920BD2200000000A1F53D8BF1413DE3FB553E14D07D3E33B9
:20FDF800703B3E4E33723E7CAA263E87AA263E87AA263E87AA263E87AA263E87AA263E87D7
:20FE0800AA263E87AA263E87AA263E87AA263E87AA263E87AA263E87AA263E87AA263E8732
:20FE1800AA263E87AA263E87AA263E87AA263E87AA263E87AA263E87AA263E87AA263E8722
:20FE2800AA263E87AA263E87AA263E87AA263E87AA263E8750DBBE9150DBBE9150DBBE9163
:20FE380050DBBE9150DBBE9150DBBE9150DBBE9150DBBE9150DBBE9150DBBE9150DBBE91DA
:20FE480050DBBE9150DBBE9150DBBE9150DBBE9150DBBE9150DBBE9150DBBE9150DBBE91CA
:20FE580050DBBE9150DBBE9150DBBE9150DBBE9150DBBE9150DBBE9150DBBE91B83DBE8BF6
:20FE68004A23BE7B5E0BBE549100BE1E99AFBDFCB1C4BDAE7343BD1D0000000095AB3D8975
:20FE7800DED33DE0721D3E13F8A13E3188A43E4C5E353E7A6C763E846C763E846C763E84C7
:20FE88006C763E846C763E846C763E846C763E846C763E846C763E846C763E846C763E843A
:20FE98006C763E846C763E846C763E846C763E846C763E846C763E846C763E846C763E842A
:20FEA8006C763E846C763E846C763E846C763E846C763E846C763E846C763E846C763E841A
:20FEB8001F75BE901F75BE901F75BE901F75BE901F75BE901F75BE901F75BE901F75BE901A
:20FEC8001F75BE901F75BE901F75BE901F75BE901F75BE901F75BE901F75BE901F75BE900A
:20FED8001F75BE901F75BE901F75BE901F75BE901F75BE901F75BE901F75BE901F75BE90FA
:20FEE8001F75BE901F75BE904A8CBE8A2FD7BE78031DBE52779ABE1C66E4BDF8367ABDABAA
:20FEF800BD66BD18000000008E9F3D87CC643DDDE8E63E1120C53E30A64C3E4A86593E7838
:20FF08008E613E7E8E613E7E8E613E7E8E613E7E8E613E7E8E613E7E8E613E7E8E613E7E81
:20FF18008E613E7E8E613E7E8E613E7E8E613E7E8E613E7E8E613E7E8E613E7E8E613E7E71
:20FF28008E613E7E8E613E7E8E613E7E8E613E7E8E613E7E8E613E7E8E613E7E8E613E7E61
:20FF38008E613E7E8E613E7E8E613E7E7F0FBE8D7F0FBE8D7F0FBE8D7F0FBE8D7F0FBE8D6B
:20FF48007F0FBE8D7F0FBE8D7F0FBE8D7F0FBE8D7F0FBE8D7F0FBE8D7F0FBE8D7F0FBE8DD1
:20FF58007F0FBE8D7F0FBE8D7F0FBE8D7F0FBE8D7F0FBE8D7F0FBE8D7F0FBE8D7F0FBE8DC1
:20FF68007F0FBE8D7F0FBE8D7F0FBE8D7F0FBE8D7F0FBE8D5B18BE8806B8BE76110ABE5068
:20FF78009FBEBE1AB72CBDF409D5BDA8D940BD140000000005683D86089A3DDB941D3E108A
:20FF880048E93E2E0D5A3E4973EB3E7536E33E7A36E33E7A36E33E7A36E33E7A36E33E7AA8
:20FF980036E33E7A36E33E7A36E33E7A36E33E7A36E33E7A36E33E7A36E33E7A36E33E7AC1
:20FFA80036E33E7A36E33E7A36E33E7A36E33E7A36E33E7A36E33E7A36E33E7A36E33E7AB1
:20FFB80036E33E7A36E33E7A36E33E7A36E33E7A36E33E7A36E33E7ADC5DBE86DC5DBE8649
:20FFC800DC5DBE86DC5DBE86DC5DBE86DC5DBE86DC5DBE86DC5DBE86DC5DBE86DC5DBE8631
:20FFD800DC5DBE86DC5DBE86DC5DBE86DC5DBE86DC5DBE86DC5DBE86DC5DBE86DC5DBE8621
:20FFE800DC5DBE86DC5DBE86DC5DBE86DC5DBE86DC5DBE86DC5DBE86DC5DBE86DC5DBE8611
:10FFF800DC5DBE86A066BE721EF7BE4EC7E3BE18A5
:020000040009F1
:200000000774BDF1DD2FBDA4F51BBD10000000007C313D8444D03DD83F533E0F710D3E2C0F
:2000100077083E47617C3E7290C13E7590C13E7590C13E7590C13E7590C13E7590C13E7527
:2000200090C13E7590C13E7590C13E7590C13E7590C13E7590C13E7590C13E7590C13E75A0
:2000300090C13E7590C13E7590C13E7590C13E7590C13E7590C13E7590C13E7590C13E7590
:2000400090C13E7590C13E7590C13E7590C13E7590C13E75D2B3BE84D2B3BE84D2B3BE8437
:20005000D2B3BE84D2B3BE84D2B3BE84D2B3BE84D2B3BE84D2B3BE84D2B3BE84D2B3BE8458
:20006000D2B3BE84D2B3BE84D2B3BE84D2B3BE84D2B3BE84D2B3BE84D2B3BE84D2B3BE8448
:20007000D2B3BE84D2B3BE84D2B3BE84D2B3BE84D2B3BE84D2B3BE84D2B3BE84D2B3BE8438
:200080007747BE703223BE4C2474BE17DACFBDED1965BDA279D1BD0D00000000419E3D83C5
:200090001E4F3DD6FCE33E0D367A3E2BBC023E4579E63E70307F3E70307F3E70307F3E7028
:2000A000307F3E70307F3E70307F3E70307F3E70307F3E70307F3E70307F3E70307F3E7058
:2000B000307F3E70307F3E70307F3E70307F3E70307F3E70307F3E70307F3E70307F3E7048
:2000C000307F3E70307F3E70307F3E70307F3E70307F3E70307F3E70307F3E70307F3E7038
:2000D0005547BE835547BE835547BE835547BE835547BE835547BE835547BE835547BE8328
:2000E0005547BE835547BE835547BE835547BE835547BE835547BE835547BE835547BE8318
:2000F0005547BE835547BE835547BE835547BE835547BE835547BE835547BE835547BE8308
:200100005547BE835547BE835547BE830D6FBE6C47EDBE4A8106BE15AE29BDEA559BBD9F42
:20011000FE87BD0900000000070C3D82F7CF3DD3BD123E0CFBE73E29FBBD3E43978D3E6E71
:20012000A1F53E6BA1F53E6BA1F53E6BA1F53E6BA1F53E6BA1F53E6BA1F53E6BA1F53E6BC7
:20013000A1F53E6BA1F53E6BA1F53E6BA1F53E6BA1F53E6BA1F53E6BA1F53E6BA1F53E6BB7
:20014000A1F53E6BA1F53E6BA1F53E6BA1F53E6BA1F53E6BA1F53E6BA1F53E6BA1F53E6BA7
:20015000A1F53E6BA1F53E6BA1F53E6B19CEBE8119CEBE8119CEBE8119CEBE8119CEBE8114
:2001600019CEBE8119CEBE8119CEBE8119CEBE8119CEBE8119CEBE8119CEBE8119CEBE814F
:2001700019CEBE8119CEBE8119CEBE8119CEBE8119CEBE8119CEBE8119CEBE8119CEBE813F
:2001800019CEBE8119CEBE8119CEBE8119CEBE8119CEBE8119CEBE816CA0BE6A5B18BE48CE
:20019000DD98BE138184BDE791D1BD9C833CBD0600000000CC793D80D14E3DD17D413E0BED
:2001A000C1553E2840B83E42B2963E6C7FA23E627FA23E627FA23E627FA23E627FA23E6294
:2001B0007FA23E627FA23E627FA23E627FA23E627FA23E627FA23E627FA23E627FA23E6227
:2001C0007FA23E627FA23E627FA23E627FA23E627FA23E627FA23E627FA23E627FA23E6217
:2001D0007FA23E627FA23E627FA23E627FA23E627FA23E627FA23E624F37BE754F37BE7517
:2001E0004F37BE754F37BE754F37BE754F37BE754F37BE754F37BE754F37BE754F37BE7537
:2001F0004F37BE754F37BE754F37BE754F37BE754F37BE754F37BE754F37BE754F37BE7527
:200200004F37BE754F37BE754F37BE754F37BE754F37BE754F37BE754F37BE754F37BE7516
:200210004F37BE75620FBE6770E3BE463A2ABE1254DEBDE4CE07BD9907F2BD03000000003D
:2002200023CD3D7FAACE3DCF3AD23E0A86C23E2783123E40CD9F3E6AA0BA3E5EA0BA3E5E7A
:20023000A0BA3E5EA0BA3E5EA0BA3E5EA0BA3E5EA0BA3E5EA0BA3E5EA0BA3E5EA0BA3E5EFE
:20024000A0BA3E5EA0BA3E5EA0BA3E5EA0BA3E5EA0BA3E5EA0BA3E5EA0BA3E5EA0BA3E5EEE
:20025000A0BA3E5EA0BA3E5EA0BA3E5EA0BA3E5EA0BA3E5EA0BA3E5EA0BA3E5EA0BA3E5EDE
:20026000A0BA3E5E5EDDBE725EDDBE725EDDBE725EDDBE725EDDBE725EDDBE725EDDBE729B
:200270005EDDBE725EDDBE725EDDBE725EDDBE725EDDBE725EDDBE725EDDBE725EDDBE7216
:200280005EDDBE725EDDBE725EDDBE725EDDBE725EDDBE725EDDBE725EDDBE725EDDBE7206
:200290005EDDBE725EDDBE725EDDBE725EDDBE72BDBABE64126FBE433151BE0ED0BBBDDC15
:2002A0008C69BD96B8BBBD0D25313B1269C23D8188A43DCC5F703E0732CA3E2436F83E3DDD
:2002B000B7AA3E66890D3E5B890D3E5B890D3E5B890D3E5B890D3E5B890D3E5B890D3E5BE0
:2002C000890D3E5B890D3E5B890D3E5B890D3E5B890D3E5B890D3E5B890D3E5B890D3E5BA6
:2002D000890D3E5B890D3E5B890D3E5B890D3E5B890D3E5B890D3E5B890D3E5B890D3E5B96
:2002E000890D3E5B890D3E5B890D3E5B890D3E5B5C29BE6F5C29BE6F5C29BE6F5C29BE6F7A
:2002F0005C29BE6F5C29BE6F5C29BE6F5C29BE6F5C29BE6F5C29BE6F5C29BE6F5C29BE6F5E
:200300005C29BE6F5C29BE6F5C29BE6F5C29BE6F5C29BE6F5C29BE6F5C29BE6F5C29BE6F4D
:200310005C29BE6F5C29BE6F5C29BE6F5C29BE6F5C29BE6F5C29BE6F5C29BE6F760CBE634C
:20032000B69ABE3F2878BE0A4C98BDD55009BD937400BD1879143B92419E3D83667B3DC9C0
:20033000840E3E04DED33E20EADD3E399F173E6202753E5A02753E5A02753E5A02753E5AFA
:2003400002753E5A02753E5A02753E5A02753E5A02753E5A02753E5A02753E5A02753E5A25
:2003500002753E5A02753E5A02753E5A02753E5A02753E5A02753E5A02753E5A02753E5A15
:2003600002753E5A02753E5A02753E5A02753E5A02753E5A02753E5A02753E5AD902BE6B10
:20037000D902BE6BD902BE6BD902BE6BD902BE6BD902BE6BD902BE6BD902BE6BD902BE6B4D
:20038000D902BE6BD902BE6BD902BE6BD902BE6BD902BE6BD902BE6BD902BE6BD902BE6B3D
:20039000D902BE6BD902BE6BD902BE6BD902BE6BD902BE6BD902BE6BD902BE6BD902BE6B2D
:2003A000D902BE6BD902BE6BC9DABE605825BE3C1D00BE06C875BDCD0E6BBD902F45BD233B
:2003B0008BAC3BDB143C3D8549903DC6A8AC3E018D7A3E1D9EC33E368BC13E5E63493E5402
:2003C00063493E5463493E5463493E5463493E5463493E5463493E5463493E5463493E542D
:2003D00063493E5463493E5463493E5463493E5463493E5463493E5463493E5463493E541D
:2003E00063493E5463493E5463493E5463493E5463493E5463493E5463493E5463493E540D
:2003F00063493E5463493E54A64CBE6AA64CBE6AA64CBE6AA64CBE6AA64CBE6AA64CBE6AD5
:20040000A64CBE6AA64CBE6AA64CBE6AA64CBE6AA64CBE6AA64CBE6AA64CBE6AA64CBE6A0C
:20041000A64CBE6AA64CBE6AA64CBE6AA64CBE6AA64CBE6AA64CBE6AA64CBE6AA64CBE6AFC
:20042000A64CBE6AA64CBE6AA64CBE6AA64CBE6AA64CBE6AF1FEBE5EFC50BE381427BE02F2
:200430003F14BDC6CCCDBD8CEA89BD2D4F223C12EC183D8627673DC39A953DFD39823E1A07
:2004400055473E3375CD3E5A6E833E4F6E833E4F6E833E4F6E833E4F6E833E4F6E833E4FC1
:200450006E833E4F6E833E4F6E833E4F6E833E4F6E833E4F6E833E4F6E833E4F6E833E4F9C
:200460006E833E4F6E833E4F6E833E4F6E833E4F6E833E4F6E833E4F6E833E4F6E833E4F8C
:200470006E833E4F6E833E4F6E833E4F6E833E4F6E833E4F0C74BE680C74BE680C74BE6804
:200480000C74BE680C74BE680C74BE680C74BE680C74BE680C74BE680C74BE680C74BE682C
:200490000C74BE680C74BE680C74BE680C74BE680C74BE680C74BE680C74BE680C74BE681C
:2004A0000C74BE680C74BE680C74BE680C74BE680C74BE680C74BE680C74BE680C74BE680C
:2004B0002657BE5C96E6BE36EB07BDFF949ABDC2F40ABD891B5CBD2AABB43C10DFCE3D840F
:2004C0006E1A3DC05E353DFA66E43E18537A3E31E3D23E57FB013E48FB013E48FB013E4821
:2004D000FB013E48FB013E48FB013E48FB013E48FB013E48FB013E48FB013E48FB013E48FC
:2004E000FB013E48FB013E48FB013E48FB013E48FB013E48FB013E48FB013E48FB013E48EC
:2004F000FB013E48FB013E48FB013E48FB013E48FB013E48FB013E48FB013E48FB013E48DC
:200500005BABBFBD5BABBFBD7026BFB3FB94BFA9BEB6BFA0E4CDBF9735D2BF8F150EBF8740
:200510009C24BF7EF8CBBF6FD734BF612D4DBF53F030BF44689DBF378241BF2A6D5DBF1DB6
:20052000EFDDBF1087FDBF04D456BEF0EBAFBED7FEB0BEBFE608BEA843BFBE91FC26BE72B0
:200530001340BE412A45BE0C460BBDA5EFB3BD0AC5ACB727EFB3BD0A460BBDA52A45BE0C60
:200540001340BE41FC26BE7243BFBE91E608BEA8FEB0BEBFEBAFBED7D456BEF087FDBF04D9
:20055000EFDDBF106D5DBF1D8241BF2A689DBF37F030BF442D4DBF53D734BF61F8CBBF6FD8
:200560009C24BF7E150EBF8735D2BF8FE4CDBF97BEB6BFA0FB94BFA97026BFB35BABBFBD65
:20057000837BBFC74E27BFBA4E27BFBA894CBFB039C1BFA7E8E6BF9D2F1BBF95D20BBF8C77
:20058000CD21BF84378BBF7ACBE6BF6B288DBF5DA6A0BF4EE219BF407953BF336D9CBF268A
:20059000C23BBF192546BF0D13E8BF014D94BEE90F52BED15810BEB91C04BEA26F3FBE8AB7
:2005A000D2B3BE64C519BE3291BCBDF9DBA1BD8B244ABCD1C12BBB6205FBBD3BD7DCBDC1D2
:2005B000AF79BE1A41F2BE4F7208BE803127BE98C3B5BEAF19F8BEC74342BEDF7400BEF8BE
:2005C0003F92BF088B44BF1465D4BF215BEABF2EAB22BF3B5AAFBF496C8BBF5741B3BF6698
:2005D0008B44BF74AE92BF8197A2BF89D5E5BF91708FBF9A9FA9BFA3C88ABFAC6224BFB644
:2005E00075A3BFC0C711BFCA05FBBFBB05FBBFBB73EBBFB1E3D2BFA7C12BBF9ECCB8BF9505
:2005F000696EBF8D5FEEBF8553F8BF7BDE7FBF6C8E61BF5E00A8BF5010E0BF427A3ABF34CF
:20060000AF64BF27B94EBF1A5754BF0E0514BF029778BEEBE9CDBED22FECBEBB47C3BEA4B1
:200610009321BE8C8DCEBE6965FEBE372BBFBE02E3BDBD9405D1BCF53ABDBAC7240BBD2844
:2006200065FEBDB7A5B9BE158438BE4A91D1BE7C0568BE969019BEADDBE0BEC44174BEDDF0
:200630001D00BEF64B1FBF0790EBBF134F4CBF205B03BF2D5D8DBF3A03EFBF485D3ABF5610
:20064000D7F1BF6418FCBF731D69BF81003FBF8917D7BF91CFFFBF99C12BBFA21B86BFAC5F
:20065000AD43BFB57B9EBFBFC23BBFC91E8EBFBB1E8EBFBB8CD2BFB1FC65BFA7D9BEBF9E35
:2006600013D3BF968256BF8D78D5BF85851FBF7B12ECBF6DC02FBF5E3516BF505AEEBF42D3
:20067000AEA7BF34E719BF27EDBBBF1A8BC1BF0E3CC9BF0206E2BEEC5936BED3A1F5BEBB1B
:20068000BDBABEA40A67BE8D8976BE6AB828BE38A29CBE034E66BD976D33BCFF7D6BBA9133
:20069000D0E5BD22B72CBDB48FDABE144467BE494CC2BE7B8B82BE951A22BEAD6888BEC4B5
:2006A000F180BEDCAD97BEF5136ABF075C7DBF13029FBF202696BF2D2920BF3ACED9BF4733
:2006B0002B6BBF56A383BF64E72EBF720332BF81B7D4BF88EF89BF90B717BF99A9E7BFA2CB
:2006C000029FBFAC94AFBFB562B7BFBFA954BFC90D84BFBB0D84BFBB7D6BBFB1EFF2BFA786
:2006D000CEEEBF9E0F3DBF967A78BF8D729BBF857BF2BF7B0D06BF6DBCE8BF5E3516BF50C0
:2006E0001A0DBF42B146BF34E9B8BF27F3A1BF1A924FBF0E45F6BF02193BBEEC6F7EBED3CE
:2006F000BADCBEBBDA90BEA42B2CBE8DD03EBE6AB589BE382310BE043516BD98F751BD0168
:200700001801BA4FAFA3BD2096D1BDB3341ABE142F6FBE494CC2BE7B6C0DBE95FD4CBEAC26
:2007100050F0BEC4DB38BEDC9B3DBEF50A3DBF075697BF13307FBF20234FBF2D2920BF3AD5
:20072000FA1ABF472B6BBF56AA11BF64EDBBBF72096CBF81BE0EBF88F766BF90C098BF9919
:20073000B4B7BFA210B6BFACA416BFB573C1BFBFBC02BFC9ED14BFBAED14BFBA5FEEBFB1D5
:20074000D417BFA7B65BBF9EF99CBF95667BBF8D5FEEBF855D25BF7BF180BF6CA401BF5E19
:200750001CD6BF50046CBF429EEDBF349336BF27E48FBF1A85DBBF0E3982BF0206E2BEEC63
:200760006113BED3B060BEBB801FBEA4273DBE8DA3ADBE6AC005BE38039BBE0444D0BD983F
:200770007FA2BD0203DABA2DA97EBD1F1E3ABDB321C0BE1424F2BE494F61BE7B714CBE9531
:200780000679BEADB9CBBEC4EC42BEDCAD97BEF516B1BF07630BBF13403ABF203309BF2D5C
:200790008588BF3A3516BF484452BF56C250BF640C89BF731A76BF81D068BF880D06BF9198
:2007A000D788BF99CEEEBFA22C91BFACC2E3BFB595D5BFBFE109BFC9C519BFBAC519BFBA1C
:2007B0003AE7BFB1B257BFA795EABF9EDC1EBF954C44BF8D48FEBF8531E4BF7BC8DEBF6C79
:2007C0007F4EBF5EB0B4BF4FE59FBF41801FBF3477AFBF27CBA7BF1A32A0BF0E23E2BF02EB
:2007D000E22EBEEB404FBED3938ABEBB6738BEA41245BE8D2DB6BE6AA86DBE38F67FBE03AB
:2007E0004A0EBD98D384BD02877FBA22D36FBD1F9C0FBDB3341ABE144467BE497415BE7B87
:2007F0008794BE9575E2BEADD940BEC40E56BEDD3C75BEF62C52BF077B4ABF135921BF2086
:200800004E90BF2DA455BF3A53E3BF486905BF56EAF2BF643483BF733166BF81FEEFBF8869
:2008100028E1BF91F6A9BF99EF5FBFA24FF4BFACE98EBFB5BF72BFBF0DEDBFCAB40FBFBAC2
:20082000B40FBFBA29DCBFB1A2F0BFA787D3BF9ECB14BF953FD1BF8D3E2DBF851C43BF7B81
:20083000B685BF6C6CF4BF5E9B13BF4FD5E5BF4173ACBF346B3CBF27BF34BF1A28CCBF0E23
:200840001AB5BF0265AABEEB2F45BED372C5BEBB5A1DBEA40679BE8D18BDBE6A98B3BE38BA
:20085000E964BE0344D0BD98D384BD02E868BA1FDDECBD1FB646BDB34135BE145422BE49FC
:20086000890DBE7B9DDCBE95844DBEADE8FBBEC41F60BEDD555CBEF6357EBF078477BF1377
:2008700064EDBF205B03BF2DB0C9BF3A639DBF4878C0BF56FA05BF644A23BF733C36BF81B5
:20088000081CBF893501BF91046CBF9AFF19BFA260FEBFACFA98BFB50BF6BFC2548BBFD461
:20089000DDADBFBADDADBFBA1A76BFB19336BFA77A10BF9EB8BBBF95335DBF8D31BABF855A
:2008A00009EABF7BA42BBF6C5D3ABF5E8B59BF4FC971BF416499BF345EC8BF27B2C0BF1AEA
:2008B0001D00BF0E1188BF025200BEEBBA9DBED219A4BEBB4BB2BEA4D4AABE8C0126BE6A56
:2008C00083BABE38D9A9BE033516BD98C908BD02E868BA1FE868BD1FCB3EBDB350F0BE1492
:2008D0008351BE49A344BE7BC67EBE9592B8BEADF8B6BEC431BABEDD6CF4BEF641F2BF07FE
:2008E00090EBBF137161BF206ABEBF2DC083BF3A72B0BF48887BBF560D06BF655C7DBF7327
:2008F0004706BF8131BABF89AC86BF9218FCBF9F18D2BFAD3B3ABFBDE19CBFD2E19CBFD2D0
:20090000E19CBFD2F655BFBDF655BFBDF655BFBD33DBBFAF5CE6BFA2862FBF96273DBF8D9B
:2009100026E9BF85F449BF7A8E8ABF6C4AE0BF5E78FFBF4FBA5EBF415825BF345254BF27DB
:20092000A64CBF1A108CBF0E0514BF023D08BEEBA844BED2089ABEBB3BF7BEA4A18CBE8C19
:20093000E98EBE695F07BE38C9EFBE03201DBD98B40FBD02E868BA1F125ABD20E575BDB3E4
:200940006349BE14BCFDBE49BD7BBE7BFC3BBE95A3C2BEAD0B0FBEC54563BEDD809DBEF6DD
:200950004E66BF07A68BBF137DD4BF2079D1BF2DCF96BF3A826BBF489AD4BF563665BF680D
:20096000A858BF7D5754BF8A0AE5BF97F030BFA4D884BFB515CABFCE15CABFCE15CABFCE6B
:2009700015CABFCE15CABFCEE98EBFB5E98EBFB5E98EBFB5E98EBFB5E98EBFB5AA3BBFA6AE
:20098000C67EBF99E4F7BF8D1077BF83DDC2BF7137DFBF5E6944BF4FA75DBF41486BBF3464
:200990004342BF279A80BF1A0419BF0EFBE7BF01280FBEEB949ABED2F640BEBA2AEDBEA498
:2009A0009321BE8CCF57BE69EBAFBE375E74BE03BC7FBD9755B0BD02877FBA223C4BBD2031
:2009B000FA6EBDB3D163BE140BA2BE4A0443BE7C0BF6BE96B4CCBEAD1EB8BEC5898BBEDDCB
:2009C0009835BEF65AD9BF07EAB3BF138D8FBF20CDB3BF2DCF18BF40ACB0BF54085BBF6AE6
:2009D0003EEABF8089A0BF8C62CCBF9A4491BFAB656BBFC2656BBFC2656BBFC2656BBFC222
:2009E000656BBFC2656BBFC2656BBFC2D289BFAAD289BFAAD289BFAAD289BFAAD289BFAA30
:2009F000D289BFAAD289BFAA2A45BF9C4EBABF8FE575BF8390ACBF72540DBF5E48D4BF4B92
:200A0000DE2BBF383387BF278E0DBF1AF7A5BF0DEF74BF0111C7BEEB7FA2BED2E297BEBA14
:200A100019E3BEA48217BE8C8351BE69D178BE37497BBE038D50BD9740B8BD02877FBA22FD
:200A200070B9BD2082BFBDB4EB9ABE1425D9BE4A5586BE7C1D00BE96C726BEAD3261BEC5AD
:200A3000D441BEDDABDEBEF6674DBF07F8CBBF17F102BF2A6278BF3EFC26BF5217D7BF69AA
:200A40004D01BF8086ECBF8D1B71BF9D2E73BFB12E73BFB12E73BFB12E73BFB12E73BFB10E
:200A50002E73BFB12E73BFB12E73BFB12E73BFB172DABFAE72DABFAE72DABFAE72DABFAE5E
:200A600072DABFAE72DABFAE72DABFAE72DABFAE9D34BF9DD513BF8F876ABF8308C4BF7100
:200A70003AA8BF5C980BBF488CD2BF358280BF23D734BF11E300BF01FB7FBEEA6AA9BED246
:200A8000D03EBEBAB4F6BEA3725CBE8C1538BE69B741BE373483BE035E20BD972142BD02E0
:200A90002696BA25AFA3BD20C6E7BDB40332BE1542AFBE4A9C4EBE7C2E0ABE96D97FBEADEA
:200AA000475ABEC5EA89BEDDFC11BEFF93F3BF12A512BF25C2E3BF39F0AEBF4EC337BF65E2
:200AB0005B42BF7E4DE8BF8D8B1ABF9E18E7BFB818E7BFB818E7BFB818E7BFB818E7BFB87B
:200AC00018E7BFB818E7BFB818E7BFB818E7BFB818E7BFB84B88BF9E4B88BF9E4B88BF9E38
:200AD0004B88BF9E4B88BF9E4B88BF9E4B88BF9E4B88BF9E4B88BF9E4B88BF9E0308BF8F5D
:200AE00034ECBF8222A7BF6DF195BF57A53CBF4390D6BF30DF65BF1DFD0DBF0B2696BEF569
:200AF000B7FEBED2BB45BEBAA29CBEA36152BE8CF5C3BE689D0ABE371CEBBE033EABBD970E
:200B0000F751BD0164C3BA2AEE8DBD20EB9ABDB41D69BE155F85BE4ABE62BE7C4064BE96DF
:200B1000ED29BEAD3D08BECB307FBEF02AAEBF0BA897BF1EE536BF32BCBEBF48FB6ABF5F4B
:200B20008A87BF798184BF8B2047BF9E03DABFC503DABFC503DABFC503DABFC503DABFC574
:200B300003DABFC503DABFC503DABFC503DABFC503DABFC503DABFC51687BF9D1687BF9D6D
:200B40001687BF9D1687BF9D1687BF9D1687BF9D1687BF9D1687BF9D1687BF9D1687BF9DCD
:200B50001687BF9DFBFCBF8C14BABF7F3F53BF678F1DBF510BB7BF3D9115BF29AE7DBF167E
:200B600062A2BF041EB8BEE5324DBEC28EF3BEA35048BE8CD64DBE688034BE37D384BE0269
:200B70001F36BD97B867BD0103DABA2D37F4BD21104DBDB537A0BE157EFABE4AE076BE7C89
:200B800052BDBE966DDBBEB72DCBBEDDF601BF01C098BF157286BF2A7F24BF402F30BF58C6
:200B90004357BF726152BF883372BF9C3372BF9C3372BF9C3372BF9C3372BF9C3372BF9C80
:200BA0003372BF9C3372BF9C3372BF9C3372BF9C3372BF9C3372BF9C3372BF9C425BBF9A3F
:200BB000425BBF9A425BBF9A425BBF9A425BBF9A425BBF9A425BBF9A425BBF9A425BBF9A75
:200BC000425BBF9A425BBF9A425BBF9AA123BF89D0D0BF77B3FABF5FADEBBF49BDBABF347C
:200BD000CB29BF20CFABBF0D9835BEF630FDBED24B88BEAE3DEEBE8CB439BE684928BE3781
:200BE00099D9BE0204FFBD97259ABD014207BA328BD6BD213501BDB551D7BE15F4F1BE4AEB
:200BF000028ABE7D624EBEA0F545BEC611DCBEEE1B9BBF0B240BBF205BEABF36223EBF4E84
:200C00008CE7BF689FFDBF832229BF972229BF972229BF972229BF972229BF972229BF9796
:200C10002229BF972229BF972229BF972229BF972229BF972229BF972229BF972229BF97BC
:200C20001B5CBF961B5CBF961B5CBF961B5CBF961B5CBF961B5CBF961B5CBF961B5CBF9654
:200C30001B5CBF961B5CBF961B5CBF961B5CBF961B5CBF96D994BF849835BF6E002ABF56BF
:200C4000BC7FBF3FC322BF2ACD4BBF1652A8BF032839BEE12B95BEBC414ABE9794C4BE684C
:200C5000FFC1BE367A63BE026278BD960625BD018034BA37DFB9BD217E67BDB57929BE1536
:200C6000313CBE4B3498BE86B37DBEADB813BED5646FBEFE4135BF14A10EBF2A4E7BBF42BB
:200C7000BC6ABF5CE148BF7A75E2BF9175E2BF9175E2BF9175E2BF9175E2BF9175E2BF91D7
:200C800075E2BF9175E2BF9175E2BF9175E2BF9175E2BF9175E2BF9175E2BF9175E2BF911C
:200C900075E2BF91C6FCBF8FC6FCBF8FC6FCBF8FC6FCBF8FC6FCBF8FC6FCBF8FC6FCBF8F2D
:200CA000C6FCBF8FC6FCBF8FC6FCBF8FC6FCBF8FC6FCBF8FC6FCBF8FC6FCBF8FC0D7BF7EF0
:200CB00055EFBF63C711BF4A5198BF345B81BF1F4A23BF0BBA88BEEF5D4FBEC91CEBBEA386
:200CC00058F7BE7ABB99BE365D8DBE024303BD96DC33BD00BE62BA3C3E18BD221134BDB633
:200CD000E9E2BE159A41BE5193B4BE918199BEBAEC03BEE33EABBF073ED5BF1D273DBF35CE
:200CE000F73CBF4EAD58BF6C09C0BF8909C0BF8909C0BF8909C0BF8909C0BF8909C0BF891E
:200CF00009C0BF8909C0BF8909C0BF8909C0BF8909C0BF8909C0BF8909C0BF8909C0BF895C
:200D000009C0BF8909C0BF895B18BF885B18BF885B18BF885B18BF885B18BF885B18BF8855
:200D10005B18BF885B18BF885B18BF885B18BF885B18BF885B18BF885B18BF885B18BF88F3
:200D20005B18BF8858B8BF71223EBF56277CBF3EFCB9BF27B2C0BF12FE9BBEFC5C53BED531
:200D30007968BEAE5793BE87BE77BE3F3B79BE021E4FBD969D49BD009BA6BA449C78BD22EC
:200D40003B25BDB606B8BE16DA90BE64471BBE9C96E6BEC6B1D9BEF12325BF0F809DBF2695
:200D500031CFBF40B924BF5CE08BBF7F4F0EBF9B4F0EBF9B4F0EBF9B4F0EBF9B4F0EBF9B50
:200D60004F0EBF9B4F0EBF9B4F0EBF9B4F0EBF9B4F0EBF9B4F0EBF9B4F0EBF9B4F0EBF9BBB
:200D70004F0EBF9B4F0EBF9B4F0EBF9B46C7BF8046C7BF8046C7BF8046C7BF8046C7BF80C2
:200D800046C7BF8046C7BF8046C7BF8046C7BF8046C7BF8046C7BF8046C7BF8046C7BF80F3
:200D900046C7BF8046C7BF8046C7BF804010BF6275F7BF487B35BF300C4ABF1A0332BF05B4
:200DA0003E81BEE10C0BBEB91DBDBE91537ABE51FC8FBE01F99CBD954966BD0078EABA4C3D
:200DB000FAD7BD226A55BDB68A09BE1FF7E4BE76ABDEBEA63CC9BED24342BEFFEC18BF1625
:200DC000D4BFBF2F9970BF4B0F67BF6CC155BF8CC155BF8CC155BF8CC155BF8CC155BF8CF9
:200DD000C155BF8CC155BF8CC155BF8CC155BF8CC155BF8CC155BF8CC155BF8CC155BF8CFB
:200DE000C155BF8CC155BF8CC155BF8CC155BF8C266CBF6F266CBF6F266CBF6F266CBF6F6F
:200DF000266CBF6F266CBF6F266CBF6F266CBF6F266CBF6F266CBF6F266CBF6F266CBF6FE3
:200E0000266CBF6F266CBF6F266CBF6F266CBF6F266CBF6F5E35BF52B978BF38A954BF2169
:200E1000AC71BF0BDB38BEEC6502BEC31230BE9A7EBBBE615A5CBE0DB036BD95822CBCFF22
:200E2000945BBA5963B2BD23F2A6BDB6F0AEBE2E2D8CBE84FBA9BEB004C0BEDE3E6CBF064A
:200E3000EC18BF1E667BBF39EE4EBF5704FFBF7F04FFBF7F04FFBF7F04FFBF7F04FFBF7F51
:200E400004FFBF7F04FFBF7F04FFBF7F04FFBF7F04FFBF7F04FFBF7F04FFBF7F04FFBF7F8A
:200E500004FFBF7F04FFBF7F04FFBF7F04FFBF7F04FFBF7FBDF9BF7DBDF9BF7DBDF9BF7D67
:200E6000BDF9BF7DBDF9BF7DBDF9BF7DBDF9BF7DBDF9BF7DBDF9BF7DBDF9BF7DBDF9BF7DE2
:200E7000BDF9BF7DBDF9BF7DBDF9BF7DBDF9BF7DBDF9BF7DBDF9BF7D40CCBF5D50DBBF4163
:200E8000D1B7BF28DDC2BF118423BEF70918BECDC12BBEA24120BE713FA7BE1B37A0BD95A8
:200E90002E49BCFF4EE4BA69CC8EBD2332CABDC48ADBBE3DBFB1BE8CCC4FBEBA5D4FBEE904
:200EA000F41FBF0CD091BF2692E2BF43132BBF666042BF8D6042BF8D6042BF8D6042BF8D7D
:200EB0006042BF8D6042BF8D6042BF8D6042BF8D6042BF8D6042BF8D6042BF8D6042BF8DB2
:200EC0006042BF8D6042BF8D6042BF8D6042BF8D6042BF8D6042BF8DF27CBF68F27CBF6854
:200ED000F27CBF68F27CBF68F27CBF68F27CBF68F27CBF68F27CBF68F27CBF68F27CBF685A
:200EE000F27CBF68F27CBF68F27CBF68F27CBF68F27CBF68F27CBF68F27CBF68F27CBF684A
:200EF0008976BF4A2B41BF303CF3BF184270BF019985BED61AF4BEABB939BE7F3665BE282E
:200F0000C212BDA38683BCFEA882BA7B3569BD2483E4BDDEBECBBE4B2157BE954D01BEC4CD
:200F1000912ABEF4A9D2BF131801BF2FA401BF4E45E1BF7745E1BF7745E1BF7745E1BF77DE
:200F200045E1BF7745E1BF7745E1BF7745E1BF7745E1BF7745E1BF7745E1BF7745E1BF77D1
:200F300045E1BF7745E1BF7745E1BF7745E1BF7745E1BF7745E1BF7745E1BF77BD51BF75DB
:200F4000BD51BF75BD51BF75BD51BF75BD51BF75BD51BF75BD51BF75BD51BF75BD51BF7581
:200F5000BD51BF75BD51BF75BD51BF75BD51BF75BD51BF75BD51BF75BD51BF75BD51BF7571
:200F6000BD51BF75C7F7BF53C84BBF374ECFBF1E6CF4BF068F47BEDF68F1BEB31609BE8796
:200F7000B1EEBE343611BDBCDEBEBCFD61FABA849E45BD247AF6BDF7E59FBE59ED91BE9CC7
:200F8000A123BECDB2ABBEFF5658BF1AA398BF3739C1BF5B2CE4BF882CE4BF882CE4BF8817
:200F90002CE4BF882CE4BF882CE4BF882CE4BF882CE4BF882CE4BF882CE4BF882CE4BF8889
:200FA0002CE4BF882CE4BF882CE4BF882CE4BF882CE4BF882CE4BF882CE4BF882CE4BF8879
:200FB000CF03BF5DCF03BF5DCF03BF5DCF03BF5DCF03BF5DCF03BF5DCF03BF5DCF03BF5DB1
:200FC000CF03BF5DCF03BF5DCF03BF5DCF03BF5DCF03BF5DCF03BF5DCF03BF5DCF03BF5DA1
:200FD000CF03BF5DCF03BF5DCF03BF5D2B02BF3F8605BF24E76DBF0BC2A4BEE8352BBEBB9B
:200FE000F3B6BE8D22FBBE41317BBDD421FFBCFD0111BA87F228BD24B891BE0703B0BE6797
:200FF0000DAEBEA5BA49BED68E22BF057B74BF219AAABF40DCDBBF68DCDBBF68DCDBBF680C
:20100000DCDBBF68DCDBBF68DCDBBF68DCDBBF68DCDBBF68DCDBBF68DCDBBF68DCDBBF68E0
:20101000DCDBBF68DCDBBF68DCDBBF68DCDBBF68DCDBBF68DCDBBF68DCDBBF68DCDBBF68D0
:20102000DCDBBF68B828BF68B828BF68B828BF68B828BF68B828BF68B828BF68B828BF68A1
:20103000B828BF68B828BF68B828BF68B828BF68B828BF68B828BF68B828BF68B828BF6868
:20104000B828BF68B828BF68B828BF68B828BF68DB0EBF463E18BF2AE022BF10815ABEF1EC
:20105000C12BBEC2B87CBE94DF26BE4CC322BDEA6541BCFCA027BA8906B8BD363094BE1345
:2010600082BFBE74B146BEAC24B3BEE00BE1BF0B96BCBF28E925BF4AEB5BBF7BEB5BBF7B21
:20107000EB5BBF7BEB5BBF7BEB5BBF7BEB5BBF7BEB5BBF7BEB5BBF7BEB5BBF7BEB5BBF7B60
:20108000EB5BBF7BEB5BBF7BEB5BBF7BEB5BBF7BEB5BBF7BEB5BBF7BEB5BBF7BEB5BBF7B50
:20109000EB5BBF7BEB5BBF7B0069BF4F0069BF4F0069BF4F0069BF4F0069BF4F0069BF4F76
:2010A0000069BF4F0069BF4F0069BF4F0069BF4F0069BF4F0069BF4F0069BF4F0069BF4F78
:2010B0000069BF4F0069BF4F0069BF4F0069BF4F0069BF4F0069BF4FAFA3BF30D8D8BF1591
:2010C0000664BEFA6373BECA1705BE9B5F07BE5846C7BE0056C1BD093F3EBA8C9D5EBD6319
:2010D0004A38BE1E6A2BBE80538FBEB44EE4BEE9057DBF11533BBF301284BF561284BF567D
:2010E0001284BF561284BF561284BF561284BF561284BF561284BF561284BF561284BF5698
:2010F0001284BF561284BF561284BF561284BF561284BF561284BF561284BF561284BF5688
:201100001284BF561284BF561284BF56A787BF57A787BF57A787BF57A787BF57A787BF577A
:20111000A787BF57A787BF57A787BF57A787BF57A787BF57A787BF57A787BF57A787BF579F
:20112000A787BF57A787BF57A787BF57A787BF57A787BF57A787BF57A787BF5749CFBF37C5
:20113000FCCEBF1A3C8ABF0183F9BED12EC7BEA10015BE6371DEBE0A5EF2BD35DE55BA8E0D
:20114000C932BD887011BE28C0D7BE868130BEBB40B8BEF2B11CBF16A637BF37D773BF625B
:20115000D773BF62D773BF62D773BF62D773BF62D773BF62D773BF62D773BF62D773BF6227
:20116000D773BF62D773BF62D773BF62D773BF62D773BF62D773BF62D773BF62D773BF6217
:20117000D773BF62D773BF62D773BF62D773BF62C77ABF61C77ABF61C77ABF61C77ABF612F
:20118000C77ABF61C77ABF61C77ABF61C77ABF61C77ABF61C77ABF61C77ABF61C77ABF6147
:20119000C77ABF61C77ABF61C77ABF61C77ABF61C77ABF61C77ABF61C77ABF61C77ABF6137
:2011A000BB5ABF3D39ACBF20974EBF05AB0DBED82863BEA7D591BE6DED52BE13DED3BD6004
:2011B0007D6BBA91BE77BD9F862FBE32C78FBE8CFD76BEC2DBA1BEFB3569BF1C1C2EBF402C
:2011C0009E84BF759E84BF759E84BF759E84BF759E84BF759E84BF759E84BF759E84BF755F
:2011D0009E84BF759E84BF759E84BF759E84BF759E84BF759E84BF759E84BF759E84BF754F
:2011E0009E84BF759E84BF759E84BF759E84BF759E84BF7561FABF4461FABF4461FABF4427
:2011F00061FABF4461FABF4461FABF4461FABF4461FABF4461FABF4461FABF4461FABF44EF
:2012000061FABF4461FABF4461FABF4461FABF4461FABF4461FABF4461FABF4461FABF44DE
:2012100061FABF4461FABF4457BCBF25D734BF09876ABEDF7C70BEAD8FEFBE7707C8BE1DF6
:20122000B185BD851C82BA94F1BFBDB584B6BE3CC3CABE929BD0BECA55B0BF02D235BF2276
:201230002642BF492642BF492642BF492642BF492642BF492642BF492642BF492642BF491E
:201240002642BF492642BF492642BF492642BF492642BF492642BF492642BF492642BF490E
:201250002642BF492642BF492642BF492642BF492642BF492642BF499043BF4B9043BF4B24
:201260009043BF4B9043BF4B9043BF4B9043BF4B9043BF4B9043BF4B9043BF4B9043BF4B86
:201270009043BF4B9043BF4B9043BF4B9043BF4B9043BF4B9043BF4B9043BF4B9043BF4B76
:201280009043BF4B9043BF4B9043BF4BB9F5BF2A0419BF0E92F7BEE631E4BEB3E172BE80F2
:201290009F2CBE25EE63BD9AD2C8BC07BC2CBDCBAEE6BE458A48BE9882AABED1CFEABF0623
:2012A0001F0CBF29A622BF54A622BF54A622BF54A622BF54A622BF54A622BF54A622BF541E
:2012B000A622BF54A622BF54A622BF54A622BF54A622BF54A622BF54A622BF54A622BF5446
:2012C000A622BF54A622BF54A622BF54A622BF54A622BF54A622BF54A622BF54CD9FBF5294
:2012D000CD9FBF52CD9FBF52CD9FBF52CD9FBF52CD9FBF52CD9FBF52CD9FBF52CD9FBF5216
:2012E000CD9FBF52CD9FBF52CD9FBF52CD9FBF52CD9FBF52CD9FBF52CD9FBF52CD9FBF5206
:2012F000CD9FBF52CD9FBF52CD9FBF52CD9FBF528D50BF2FECD5BF114025BEEDA47FBEB8E5
:20130000D4E9BE85FF82BE2DA2F0BDAFC5ACBCA7E411BDE0F0AEBE4E8E61BE9E2642BED909
:20131000A68BBF0B77AFBF2F70F8BF6170F8BF6170F8BF6170F8BF6170F8BF6170F8BF617E
:2013200070F8BF6170F8BF6170F8BF6170F8BF6170F8BF6170F8BF6170F8BF6170F8BF616D
:2013300070F8BF6170F8BF6170F8BF6170F8BF6170F8BF6170F8BF6170F8BF6170F8BF615D
:2013400042C4BF3542C4BF3542C4BF3542C4BF3542C4BF3542C4BF3542C4BF3542C4BF35BD
:2013500042C4BF3542C4BF3542C4BF3542C4BF3542C4BF3542C4BF3542C4BF3542C4BF35AD
:2013600042C4BF3542C4BF3542C4BF3542C4BF3542C4BF3542C4BF35DC1EBF1581D8BEF3B9
:201370004CD7BEBE79BCBE8A7929BE350E17BDC42253BD09CD0CBDF53F92BE5815F4BEA4EE
:2013800029F1BEE0110ABF10BB99BF36193BBF7C193BBF7C193BBF7C193BBF7C193BBF7C97
:20139000193BBF7C193BBF7C193BBF7C193BBF7C193BBF7C193BBF7C193BBF7C193BBF7CC5
:2013A000193BBF7C193BBF7C193BBF7C193BBF7C193BBF7C193BBF7C193BBF7C193BBF7CB5
:2013B000193BBF7C8C15BF3A8C15BF3A8C15BF3A8C15BF3A8C15BF3A8C15BF3A8C15BF3A58
:2013C0008C15BF3A8C15BF3A8C15BF3A8C15BF3A8C15BF3A8C15BF3A8C15BF3A8C15BF3A3D
:2013D0008C15BF3A8C15BF3A8C15BF3A8C15BF3A8C15BF3A8C15BF3A8C15BF3AD495BF1986
:2013E0003832BEFAB107BEC3290BBE8FF56FBE3CEBAFBDD77DAABD3A9668BE048BD6BE6127
:2013F0000F91BEAAEAC8BEE63501BF15B22DBF3DB22DBF3DB22DBF3DB22DBF3DB22DBF3D2E
:20140000B22DBF3DB22DBF3DB22DBF3DB22DBF3DB22DBF3DB22DBF3DB22DBF3DB22DBF3DF4
:20141000B22DBF3DB22DBF3DB22DBF3DB22DBF3DB22DBF3DB22DBF3DB22DBF3DB22DBF3DE4
:20142000B22DBF3DB22DBF3DB353BF3FB353BF3FB353BF3FB353BF3FB353BF3FB353BF3FDE
:20143000B353BF3FB353BF3FB353BF3FB353BF3FB353BF3FB353BF3FB353BF3FB353BF3F7C
:20144000B353BF3FB353BF3FB353BF3FB353BF3FB353BF3FB353BF3FB353BF3FB353BF3F6C
:20145000171ABF1E3EEABF0056C1BEC98716BE9361FABE447AA2BDEB8351BD69D830BE0D0D
:201460003832BE6AB2ABBEAF6320BEEE656BBF1A5C92BF465C92BF465C92BF465C92BF466C
:201470005C92BF465C92BF465C92BF465C92BF465C92BF465C92BF465C92BF465C92BF46C4
:201480005C92BF465C92BF465C92BF465C92BF465C92BF465C92BF465C92BF465C92BF46B4
:201490005C92BF465C92BF465C92BF461523BF461523BF461523BF461523BF461523BF4632
:2014A0001523BF461523BF461523BF461523BF461523BF461523BF461523BF461523BF4644
:2014B0001523BF461523BF461523BF461523BF461523BF461523BF461523BF461523BF4634
:2014C0001523BF469153BF22938ABF03B463BECE1062BE98074ABE4B08AFBDFE3E57BD8B17
:2014D000D86FBE1652A8BE73460BBEB50AA6BEF6991CBF1F85F0BF5185F0BF5185F0BF516C
:2014E00085F0BF5185F0BF5185F0BF5185F0BF5185F0BF5185F0BF5185F0BF5185F0BF51C4
:2014F00085F0BF5185F0BF5185F0BF5185F0BF5185F0BF5185F0BF5185F0BF5185F0BF51B4
:2015000085F0BF5185F0BF5185F0BF5185F0BF51171ABF26171ABF26171ABF26171ABF265F
:20151000171ABF26171ABF26171ABF26171ABF26171ABF26171ABF26171ABF26171ABF260B
:20152000171ABF26171ABF26171ABF26171ABF26171ABF26171ABF26171ABF26171ABF26FB
:20153000171ABF26171ABF26171ABF269AD4BF069970BED36541BE9C0D99BE52D567BE07D5
:201540006B7BBDA0CAACBE1E23B8BE7C020CBEBB551DBEFD2696BF254E66BF5F4E66BF5FE9
:201550004E66BF5F4E66BF5F4E66BF5F4E66BF5F4E66BF5F4E66BF5F4E66BF5F4E66BF5FEB
:201560004E66BF5F4E66BF5F4E66BF5F4E66BF5F4E66BF5F4E66BF5F4E66BF5F4E66BF5FDB
:201570004E66BF5F4E66BF5F4E66BF5F4E66BF5F4E66BF5F8EB4BF2A8EB4BF2A8EB4BF2AC0
:201580008EB4BF2A8EB4BF2A8EB4BF2A8EB4BF2A8EB4BF2A8EB4BF2A8EB4BF2A8EB4BF2AF3
:201590008EB4BF2A8EB4BF2A8EB4BF2A8EB4BF2A8EB4BF2A8EB4BF2A8EB4BF2A8EB4BF2AE3
:2015A0008EB4BF2A8EB4BF2A8EB4BF2A8EB4BF2ACE07BF09C2A4BED874A7BEA0D25FBE5826
:2015B000E47ABE0FD24ABDB56128BE26363BBE823AFBBEC04010BF02007EBF2A007EBF2AB2
:2015C000007EBF2A007EBF2A007EBF2A007EBF2A007EBF2A007EBF2A007EBF2A007EBF2AD3
:2015D000007EBF2A007EBF2A007EBF2A007EBF2A007EBF2A007EBF2A007EBF2A007EBF2AC3
:2015E000007EBF2A007EBF2A007EBF2A007EBF2A007EBF2A007EBF2AF34DBF2EF34DBF2E27
:2015F000F34DBF2EF34DBF2EF34DBF2EF34DBF2EF34DBF2EF34DBF2EF34DBF2EF34DBF2E73
:20160000F34DBF2EF34DBF2EF34DBF2EF34DBF2EF34DBF2EF34DBF2EF34DBF2EF34DBF2E62
:20161000F34DBF2EF34DBF2EF34DBF2EF34DBF2EF34DBF2EE7ABBF0CA7B1BEDDC059BEA40E
:2016200038C5BE5F97CCBE17BB45BDCA5CFBBE2D7382BE864452BEC6F117BF059763BF3087
:201630009763BF309763BF309763BF309763BF309763BF309763BF309763BF309763BF3052
:201640009763BF309763BF309763BF309763BF309763BF309763BF309763BF309763BF3042
:201650009763BF309763BF309763BF309763BF309763BF309763BF309763BF30BD3CBF3231
:20166000BD3CBF32BD3CBF32BD3CBF32BD3CBF32BD3CBF32BD3CBF32BD3CBF32BD3CBF321A
:20167000BD3CBF32BD3CBF32BD3CBF32BD3CBF32BD3CBF32BD3CBF32BD3CBF32BD3CBF320A
:20168000BD3CBF32BD3CBF32BD3CBF32BD3CBF32BD3CBF32BD3CBF321D7EBF10584FBEE21D
:20169000B589BEA8F30EBE65ECC0BE1E07DDBDE07C9ABE33FCCEBE8A4CC2BECBC4DBBF0952
:2016A00005E6BF3805E6BF3805E6BF3805E6BF3805E6BF3805E6BF3805E6BF3805E6BF381A
:2016B00005E6BF3805E6BF3805E6BF3805E6BF3805E6BF3805E6BF3805E6BF3805E6BF380A
:2016C00005E6BF3805E6BF3805E6BF3805E6BF3805E6BF3805E6BF3805E6BF3805E6BF38FA
:2016D0003776BF373776BF373776BF373776BF373776BF373776BF373776BF373776BF37E2
:2016E0003776BF373776BF373776BF373776BF373776BF373776BF373776BF373776BF37D2
:2016F0003776BF373776BF373776BF373776BF373776BF373776BF373776BF37D81BBF12A1
:201700003EABBEE76D1EBEAC3761BE6C460BBE25EAB3BDF3BE4DBE39505DBE8FB8D0BED0F1
:20171000DC1EBF0D5F31BF3E5F31BF3E5F31BF3E5F31BF3E5F31BF3E5F31BF3E5F31BF3E18
:201720005F31BF3E5F31BF3E5F31BF3E5F31BF3E5F31BF3E5F31BF3E5F31BF3E5F31BF3E41
:201730005F31BF3E5F31BF3E5F31BF3E5F31BF3E5F31BF3E5F31BF3E5F31BF3E5F31BF3E31
:201740005F31BF3E670EBF16670EBF16670EBF16670EBF16670EBF16670EBF16670EBF16F6
:20175000670EBF16670EBF16670EBF16670EBF16670EBF16670EBF16670EBF16670EBF1629
:20176000670EBF16670EBF16670EBF16670EBF16670EBF16670EBF16670EBF16670EBF1619
:20177000670EBF16DF8FBEEB24B3BEB0D235BE72630BBE2BD70ABE0384CBBE3FDA12BE92FB
:201780003886BED62489BF12CC79BF48CC79BF48CC79BF48CC79BF48CC79BF48CC79BF48B1
:20179000CC79BF48CC79BF48CC79BF48CC79BF48CC79BF48CC79BF48CC79BF48CC79BF48D9
:2017A000CC79BF48CC79BF48CC79BF48CC79BF48CC79BF48CC79BF48CC79BF48CC79BF48C9
:2017B000CC79BF48CC79BF484F8BBF194F8BBF194F8BBF194F8BBF194F8BBF194F8BBF1955
:2017C0004F8BBF194F8BBF194F8BBF194F8BBF194F8BBF194F8BBF194F8BBF194F8BBF1979
:2017D0004F8BBF194F8BBF194F8BBF194F8BBF194F8BBF194F8BBF194F8BBF194F8BBF1969
:2017E0004F8BBF194F8BBF19B8D0BEF0F3E0BEB3E219BE78B8D0BE30234FBE0D3E2DBE45B9
:2017F0002086BE973611BEDC19B9BF16978DBF56978DBF56978DBF56978DBF56978DBF5639
:20180000978DBF56978DBF56978DBF56978DBF56978DBF56978DBF56978DBF56978DBF5600
:20181000978DBF56978DBF56978DBF56978DBF56978DBF56978DBF56978DBF56978DBF56F0
:20182000978DBF56978DBF56978DBF563E96BF1C3E96BF1C3E96BF1C3E96BF1C3E96BF1C92
:201830003E96BF1C3E96BF1C3E96BF1C3E96BF1C3E96BF1C3E96BF1C3E96BF1C3E96BF1C20
:201840003E96BF1C3E96BF1C3E96BF1C3E96BF1C3E96BF1C3E96BF1C3E96BF1C3E96BF1C10
:201850003E96BF1C3E96BF1C3E96BF1CFB55BEF41C2EBEB84B1FBE7FD4E9BE355C53BE15D0
:201860005A47BE4A1855BE9B9264BEE118BDBF1A18BDBF1A18BDBF1A18BDBF1A18BDBF1AFE
:2018700018BDBF1A18BDBF1A18BDBF1A18BDBF1A18BDBF1A18BDBF1A18BDBF1A18BDBF1AE8
:2018800018BDBF1A18BDBF1A18BDBF1A18BDBF1A18BDBF1A18BDBF1A18BDBF1A18BDBF1AD8
:2018900018BDBF1A18BDBF1A18BDBF1A18BDBF1A559BBF1F559BBF1F559BBF1F559BBF1F48
:2018A000559BBF1F559BBF1F559BBF1F559BBF1F559BBF1F559BBF1F559BBF1F559BBF1FB8
:2018B000559BBF1F559BBF1F559BBF1F559BBF1F559BBF1F559BBF1F559BBF1F559BBF1FA8
:2018C000559BBF1F559BBF1F559BBF1F559BBF1F52D2BEF9B83DBEBB877FBE82B9F5BE3A9B
:2018D0005048BE1CB7E9BE4F3387BE9F4688BEE7C0D7BF1EC0D7BF1EC0D7BF1EC0D7BF1E7F
:2018E000C0D7BF1EC0D7BF1EC0D7BF1EC0D7BF1EC0D7BF1EC0D7BF1EC0D7BF1EC0D7BF1E48
:2018F000C0D7BF1EC0D7BF1EC0D7BF1EC0D7BF1EC0D7BF1EC0D7BF1EC0D7BF1EC0D7BF1E38
:20190000C0D7BF1EC0D7BF1EC0D7BF1EC0D7BF1EC0D7BF1E7525BF227525BF227525BF2212
:201910007525BF227525BF227525BF227525BF227525BF227525BF227525BF227525BF22DF
:201920007525BF227525BF227525BF227525BF227525BF227525BF227525BF227525BF22CF
:201930007525BF227525BF227525BF227525BF227525BF22703BBEFE5AD9BEBF8CD2BE8578
:201940003B64BE3F2229BE230093BE559ABFBEA3725CBEECD902BF23D902BF23D902BF23B0
:20195000D902BF23D902BF23D902BF23D902BF23D902BF23D902BF23D902BF23D902BF238F
:20196000D902BF23D902BF23D902BF23D902BF23D902BF23D902BF23D902BF23D902BF237F
:20197000D902BF23D902BF23D902BF23D902BF23D902BF23D902BF2304C0BF2604C0BF2697
:2019800004C0BF2604C0BF2604C0BF2604C0BF2604C0BF2604C0BF2604C0BF2604C0BF26FF
:2019900004C0BF2604C0BF2604C0BF2604C0BF2604C0BF2604C0BF2604C0BF2604C0BF26EF
:2019A00004C0BF2604C0BF2604C0BF2604C0BF2604C0BF2604C0BF262989BF01A305BEC297
:2019B0002BE9BE886651BE439D88BE292728BE5A8184BEA761E5BEF15C68BF285C68BF28DD
:2019C0005C68BF285C68BF285C68BF285C68BF285C68BF285C68BF285C68BF285C68BF28AF
:2019D0005C68BF285C68BF285C68BF285C68BF285C68BF285C68BF285C68BF285C68BF289F
:2019E0005C68BF285C68BF285C68BF285C68BF285C68BF285C68BF285C68BF28AFA3BF2801
:2019F000AFA3BF28AFA3BF28AFA3BF28AFA3BF28AFA3BF28AFA3BF28AFA3BF28AFA3BF280F
:201A0000AFA3BF28AFA3BF28AFA3BF28AFA3BF28AFA3BF28AFA3BF28AFA3BF28AFA3BF28FE
:201A1000AFA3BF28AFA3BF28AFA3BF28AFA3BF28AFA3BF28AFA3BF28AFA3BF2855EFBF0321
:201A2000E354BEC5E7D5BE8AD806BE47A4A9BE2E2BAABE5FA344BEAB1840BEF84E90BF2DB2
:201A30004E90BF2D4E90BF2D4E90BF2D4E90BF2D4E90BF2D4E90BF2D4E90BF2D4E90BF2D46
:201A40004E90BF2D4E90BF2D4E90BF2D4E90BF2D4E90BF2D4E90BF2D4E90BF2D4E90BF2D36
:201A50004E90BF2D4E90BF2D4E90BF2D4E90BF2D4E90BF2D4E90BF2D4E90BF2D4E90BF2D26
:201A6000D830BF05D830BF05D830BF05D830BF05D830BF05D830BF05D830BF05D830BF0506
:201A7000D830BF05D830BF05D830BF05D830BF05D830BF05D830BF05D830BF05D830BF05F6
:201A8000D830BF05D830BF05D830BF05D830BF05D830BF05D830BF05D830BF05D830BF05E6
:201A9000D830BF0545B7BEC9C337BE8D9F56BE4BB3A7BE3361FABE64EEF6BEAFE2ACBEFD42
:201AA000CFD5BF33CFD5BF33CFD5BF33CFD5BF33CFD5BF33CFD5BF33CFD5BF33CFD5BF3376
:201AB000CFD5BF33CFD5BF33CFD5BF33CFD5BF33CFD5BF33CFD5BF33CFD5BF33CFD5BF3366
:201AC000CFD5BF33CFD5BF33CFD5BF33CFD5BF33CFD5BF33CFD5BF33CFD5BF33CFD5BF3356
:201AD000CFD5BF33CCE2BF07CCE2BF07CCE2BF07CCE2BF07CCE2BF07CCE2BF07CCE2BF0734
:201AE000CCE2BF07CCE2BF07CCE2BF07CCE2BF07CCE2BF07CCE2BF07CCE2BF07CCE2BF0746
:201AF000CCE2BF07CCE2BF07CCE2BF07CCE2BF07CCE2BF07CCE2BF07CCE2BF07CCE2BF0736
:201B0000CCE2BF07CCE2BF07D0BBBECCC0ADBE90CF81BE4FF38CBE37D1F6BE69C212BEB309
:201B1000E300BF01F4F1BF3AF4F1BF3AF4F1BF3AF4F1BF3AF4F1BF3AF4F1BF3AF4F1BF3A00
:201B2000F4F1BF3AF4F1BF3AF4F1BF3AF4F1BF3AF4F1BF3AF4F1BF3AF4F1BF3AF4F1BF3AB5
:201B3000F4F1BF3AF4F1BF3AF4F1BF3AF4F1BF3AF4F1BF3AF4F1BF3AF4F1BF3AF4F1BF3AA5
:201B4000F4F1BF3AF4F1BF3AD3EDBF09D3EDBF09D3EDBF09D3EDBF09D3EDBF09D3EDBF0999
:201B5000D3EDBF09D3EDBF09D3EDBF09D3EDBF09D3EDBF09D3EDBF09D3EDBF09D3EDBF0935
:201B6000D3EDBF09D3EDBF09D3EDBF09D3EDBF09D3EDBF09D3EDBF09D3EDBF09D3EDBF0925
:201B7000D3EDBF09D3EDBF09D3EDBF09C505BECF3722BE935547BE531BDABE3C4491BE6F1E
:201B8000B203BEB7158CBF056057BF486057BF486057BF486057BF486057BF486057BF4842
:201B90006057BF486057BF486057BF486057BF486057BF486057BF486057BF486057BF4845
:201BA0006057BF486057BF486057BF486057BF486057BF486057BF486057BF486057BF4835
:201BB0006057BF486057BF486057BF48F099BF0BF099BF0BF099BF0BF099BF0BF099BF0B3C
:201BC000F099BF0BF099BF0BF099BF0BF099BF0BF099BF0BF099BF0BF099BF0BF099BF0B6D
:201BD000F099BF0BF099BF0BF099BF0BF099BF0BF099BF0BF099BF0BF099BF0BF099BF0B5D
:201BE000F099BF0BF099BF0BF099BF0BF099BF0B5FC4BED3C67EBE9504FFBE572752BE40BF
:201BF000299EBE7472C5BEBBDC9CBF07DC9CBF07DC9CBF07DC9CBF07DC9CBF07DC9CBF07B8
:201C0000DC9CBF07DC9CBF07DC9CBF07DC9CBF07DC9CBF07DC9CBF07DC9CBF07DC9CBF07D4
:201C1000DC9CBF07DC9CBF07DC9CBF07DC9CBF07DC9CBF07DC9CBF07DC9CBF07DC9CBF07C4
:201C2000DC9CBF07DC9CBF07DC9CBF07DC9CBF07912ABF88912ABF88544CBF837C31BF7CDE
:201C30002229BF73F2BBBF696484BF617011BF589485BF4F848CBF468106BF3DA273BF35DA
:201C40009F2CBF2D234FBF253E96BF1CD513BF13FF6DBF0A3CC9BF0284E0BEF22839BEE1FF
:201C50009CCBBECEEBC4BEBA1C97BEA75700BE92D0A6BE792E9DBE4B2EDCBE1443AABDAEE6
:201C60000000000043AA3DAE2EDC3E142E9D3E4BD0A63E7957003E921C973EA7EBC43EBA49
:201C70009CCB3ECE28393EE184E03EF23CC93F02FF6D3F0AD5133F133E963F1C234F3F2593
:201C80009F2C3F2DA2733F3581063F3D848C3F4694853F4F70113F5864843F61F2BB3F6950
:201C900022293F737C313F7C544C3F83912A3F884FCA3F8EDC0ABF86DC0ABF86AD43BF817F
:201CA0004CECBF799614BF70707ABF676CF4BF5E8ADBBF55CAD5BF4CC16ABF438F9BBF3BDA
:201CB000A494BF333E57BF2BBC94BF221EA3BF1A652CBF11C73BBF087A4EBEFF3E6CBEEE9B
:201CC0004DA9BEDC8F1DBEC9F1BFBEB51577BEA24AA1BE8DF88CBE6EB314BE3E6905BE0657
:201CD00075A3BD940000000021963DCEF4B23E2143E93E5747453E8275B83E9705923EAC34
:201CE000D0D03EBF482C3ED395FF3EE5B7AA3EF67ED03F0475E23F0DFAEC3F15A8973F1E6C
:201CF00036CE3F27A6373F2FFCB93F37D8063F3FDED33F4807B33F52E33F3F5AE0DF3F63F9
:201D000003DA3F6DB4243F75B54A3F7FFE9B3F844C833F8A1C2E3F906263BF876263BF87CE
:201D1000E00DBF814745BF7AFEEFBF706445BF685D79BF5F78C0BF56B61CBF4DA8C1BF444A
:201D2000115EBF3C2F83BF34F488BF2BA3ECBF23BBEDBF1A4FCABF12743FBF09AB0DBF0060
:201D3000BE77BEEF410BBEDE90EBBECBBDCFBEB7024BBEA42F98BE8F5FC4BE73D46BBE436D
:201D40000592BE0CFAD7BDA2000000005A083DC14DA93E1C934B3E52370D3E806FFC3E9594
:201D500029C73EAA132B3EBEA21F3ED1C89F3EE344BB3EF590EB3F0387FD3F0C2BD43F15F8
:201D6000BD513F1DA2B13F2618013F2F15623F3756433F3F639D3F481D153F51F55A3F5986
:201D700043963F630CC83F6C4B493F75B50B3F7E7B893F8419653F8AE9103F8F736DBF8799
:201D8000736DBF87F2BBBF816BF8BF7A244ABF71110ABF6882D4BF5FA0BABF56DE16BF4DD1
:201D9000D402BF443C9FBF3C5AC4BF340A28BF2CD5BBBF23EDBBBF1A8199BF12A8ACBF095C
:201DA000E2C1BF002DE0BEF0B702BEDE0D6FBECC40E1BEB88E8ABEA4C8F3BE8F75A3BE7448
:201DB00038EFBE45B0DEBE0D32DFBDA7000000006B663DBDA25E3E1A0F523E51505D3E7F9E
:201DC000FA053E94A0273EA991683EBD28393ED133333EE3D5523EF45BD53F03538F3F0CA1
:201DD00016333F158C2A3F1D70E33F26ECC03F2EEA213F362B023F3F3AFB3F48F1D43F5038
:201DE00045F63F5A497B3F63E76D3F6B25EE3F758FB03F7E68DC3F84085B3F8AD8063F8F09
:201DF00066F9BF8766F9BF87E7EABF81599FBF7A1490BF71F584BF677660BF5F978DBF56A7
:201E0000D788BF4DCE1CBF443958BF3C5AC4BF3454DEBF2CD5BBBF23F102BF1A877FBF129B
:201E1000AF3ABF09E8A7BF004189BEF0CE9ABEDE27A6BECC6057BEB8B48DBEA4F434BE8F9B
:201E20002008BE75AEE6BE4550C6BE0EE608BDA800000000CD363DBB0A523E1A8C3F3E5073
:201E3000BD903E7EB09F3E947CC43EA973433EBD0E023ED11CEB3EE3C2F83EF452A83F0321
:201E40004D013F0CDBE03F1488E33F1D70E33F26BB993F2EECC03F3631903F3F41893F48EA
:201E5000FB013F5052693F5A55EF3F63F3E03F6B38473F75A5513F7E754F3F8414CF3F8A17
:201E6000E61D3F8F4FB5BF874FB5BF87D24ABF8131A5BF7AEFDDBF70D36FBF675793BF5F27
:201E700078C0BF56BC02BF4DB535BF4423B8BF3C4524BF3441DDBF2CC600BF232E9DBF1BC6
:201E800077C4BF12A2C6BF09DF7ABF002F30BEF0BEE0BEDE1BDABECCA1E0BEB8AF4FBEA4D1
:201E9000068EBE902D23BE75F30EBE459A2CBE0EAD43BDA9000000002AAE3DBBE0613E1979
:201EA0006F693E50B3143E7EB09F3E9482023EA97C703EBDC34C3ED02CA53EE3D5523EF45E
:201EB0005F1C3F035CBC3F0CEAF23F149B3D3F1D30013F26A5F83F2EFFC13F3647303F3FC5
:201EC0005A713F48172F3F5171373F5A78033F63193B3F6C5DA23F75CD4B3F7E8AF03F84B8
:201ED0002DB63F8A00543F90328BBF87328BBF87B670BF81FC8FBF79BE0EBF70A82FBF67FC
:201EE0002F98BF5F5365BF5696A7BF4D9321BF4404EABF3C7CD9BF342657BF2CAA7ABF2391
:201EF00015B5BF1B6224BF12CE07BF09C9DABF000A7CBEF09CCBBEDEFC65BECB850ABEB8B2
:201F00009668BEA413A9BE900B0FBE75DE16BE459CCBBE0EE6EFBDA900000000E1483DBA85
:201F1000C0EC3E1989A03E50D7C73E7EC8363E949C393EA94BF13EBDE4113ED051593EE30C
:201F2000912A3EF474BC3F03725C3F0C00933F15B4243F1D48E93F26C17F3F2E1E8E3F37A9
:201F300065FE3F3F7BDD3F483BE23F5164C33F5AA3443F63471B3F6C92103F7501B83F7F01
:201F4000A81A3F844AE03F8A1F213F902618BF872618BF87A9FCBF81E6EFBF79ABB4BF7072
:201F50009F02BF671C97BF5F410BBF568794BF4D840EBF44F877BF3B76F3BF3419E3BF2C10
:201F6000A14DBF230942BF1B5658BF12C194BF09C0ADBF0060FEBEF08A72BEDEFC65BECB16
:201F7000769FBEB8894CBEA407DDBE90F616BE74CBBCBE45924FBE0EE6EFBDA900000000AD
:201F8000E1483DBAC8C93E199BFA3E50EF5F3E7ED4023E94A1773EA95BAB3EBDF3CB3ED098
:201F900062633EE39E453EF47DE93F037B893F0C0D063F15C0983F1D555C3F26CDF23F2EE2
:201FA0002DA13F3775103F3F8B973F484E3C3F517DAA3F5AB59E3F635CBC3F6CA7B13F7593
:201FB0001AA03F7FB48D3F845C293F8731BA3F85C669BF86C669BF869D88BF81D14EBF79F7
:201FC0009614BF7095D5BF6706F7BF5F2EB2BF5677D9BF4D7454BF44E8BCBF3B6A7FBF34E7
:201FD0000D6FBF2C9192BF23FCCEBF1A4C83BF12B867BF09B780BF004D55BEF0D677BEDE2C
:201FE0002E34BECC6595BEB897B7BEA4F972BE8FDBE0BE74B424BE458534BE0EE1B1BDA9D8
:201FF00000000000EBC43DBAD8843E19B3923E50F49D3E7EE26D3E949AE93EA96CB53EBDB1
:2020000006253ED1760C3EE3B09F3EF487163F0387FD3F0C197A3F15CD0C3F1D646F3F2660
:20201000DDAD3F2E3A153F3784CB3F3F9DF13F485DF63F5142AF3F5A48BF3F60769F3F604B
:20202000F4DC3F5F5D793F5F7E283F5C7E283F5C7E283F5CD068BF68D068BF68D068BF68DE
:20203000EEF6BF67C376BF665715BF65F49DBF5E1C58BF566580BF4D6499BF44D9A9BF3BF4
:202040005AC4BF34FE5DBF2B851FBF23F102BF1A40B8BF12ABF3BF09AB0DBF00385CBEF0F0
:20205000C2CEBEDE1BDABECC548BBEB8A8C1BEA4E9B8BE8FCC25BE749C8DBE457579BE0EAE
:20206000D1F6BDA90000000000BD3DBBEADD3E19CDC83E50F73C3E7EF2283E9487403EA9B4
:202070007DBF3EBD19CE3ED189B53EE3C9863EF4938A3F038B443F0C25EE3F15D97F3F1DAF
:2020800070E33F26ECC03F2E49CF3F370AD03F3CC1E83F3DDDAD3F3EB5F23F3FC2A43F4056
:202090008E373F40718B3F3E718B3F3E718B3F3E718B3F3E718B3F3E03EFBF4803EFBF489D
:2020A00003EFBF4803EFBF4803EFBF487EE5BF47714CBF4576B4BF4341C8BF4152BDBF3ECA
:2020B000C9EFBF3B4BB2BF34EEA2BF2B78ABBF23E48FBF1A3444BF129F80BF099E99BF007D
:2020C0002214BEF0ADD6BEDE0831BECC40E1BEB89668BEA4D9FDBE8FF377BE74B963BE4565
:2020D0007818BE0EC77ABDA90000000015B53DBB02753E1AABB43E50EA213E7EF0D83E940E
:2020E000999A3EA991683EBD2D773ED16F7E3EE3DBE03EF49FFD3F035CBC3F0C32613F15FC
:2020F000989E3F1D14F93F208AC63F2279923F2492F73F26370D3F28BF9C3F290F913F2A4E
:202100000C0B3F290C0B3F290C0B3F290C0B3F290C0B3F290C0B3F290C0B3F291926BF3117
:202110001926BF311926BF311926BF311926BF311926BF311926BF314688BF2F95FFBF2D59
:20212000BFDBBF2AF62BBF271D69BF25B281BF217382BF1ED4D4BF1A27D0BF12930CBF0916
:20213000956CBF000BCCBEF098DDBEDEF338BECB2E88BEB8840EBEA4DB4DBE8FD402BE74E8
:2021400099EDBE4565BFBE0EA805BDA900000000352B3DBBFD373E19C88A3E500ED43E7F91
:20215000EE393E94ABF33EA9A5123EBD42703ED151593EE3F4C73EF4AC713F035B183F08AD
:20216000ED143F0ACFAB3F0D77473F10C8603F12512F3F1523CD3F1793753F189CA23F18BB
:202170009CA23F189CA23F189CA23F189CA23F189CA23F189CA23F189CA23F189CA23F18A7
:20218000BE77BF1FBE77BF1FBE77BF1FBE77BF1FBE77BF1FBE77BF1FBE77BF1FBE77BF1FA7
:202190008C69BF1E2EDCBF1CB90FBF199EC3BF166ED6BF13240BBF10D20BBF0C335DBF098E
:2021A0009DDCBF0588F8BF00F584BEEF8295BEDEDE40BECB62F6BEB87065BEA4E9B8BE8F30
:2021B000AF4FBE747A78BE455365BE0E8351BDA90000000054A03DBB0F913E1AEA9E3E5032
:2021C00030E83E7FEF893E94BF9C3EA9BA0A3EBD58B83ED168F13EE336113EEC84E03EF241
:2021D000BEB63EF8646F3EFE14CF3F02A6CA3F043EAB3F0739433F09877F3F0AA8AC3F0981
:2021E000A8AC3F09A8AC3F09A8AC3F09A8AC3F09A8AC3F09A8AC3F09A8AC3F09A8AC3F09FF
:2021F000A8AC3F094578BF104578BF104578BF104578BF104578BF104578BF104578BF105F
:202200004578BF104578BF104578BF109B7CBF0EA0A5BF0B92CDBF085CFBBF05FF2EBF01F9
:20221000D35BBEFCCD0CBEF5464ABEEE3737BEE60DEDBEDEC7F7BECB4DFDBEB85CBCBEA4D5
:20222000D75EBE8F8D3BBE7455C5BE45392EBE0E5E9EBDA90000000079533DBB2C673E1AC1
:202230000CB33E51559B3E7F03323E95D3463EA9CF033EBDF7273ECB02B43ED374E63ED95F
:20224000DF3B3EDF94463EE67E283EEC339C3EF2C1BE3EF7F4883EFB44FA3EFE768A3EF564
:20225000768A3EF5768A3EF5768A3EF5768A3EF5768A3EF5768A3EF5768A3EF5768A3EF5D6
:20226000768A3EF5768A3EF5B5DDBF04B5DDBF04B5DDBF04B5DDBF04B5DDBF04B5DDBF04FA
:20227000B5DDBF04B5DDBF04B5DDBF04B5DDBF04B5DDBF04E3E7BF024B5EBF001230BEFAB8
:20228000F449BEF2408EBEECBDBABEE460E9BEDDA709BED59408BECDF377BEC43904BEB8D3
:202290004913BEA4C3B5BE8F6888BE745326BE451EF7BE0E39EBBDA9000000009E063DBB06
:2022A0004BDC3E1A31663E517CEE3E7F16DB3E95E83E3EA984F53EB5E7043EBCDC483EC30B
:2022B000C8603ECAB7173ED10B243ED833F03EDE00FC3EE4B04B3EE8D96A3EEAD96A3EEA68
:2022C000D96A3EEAD96A3EEAD96A3EEAD96A3EEAD96A3EEAD96A3EEAD96A3EEAD96A3EEAA6
:2022D000D96A3EEAD96A3EEAD96A3EEA8F71BEF58F71BEF58F71BEF58F71BEF58F71BEF52E
:2022E0008F71BEF58F71BEF58F71BEF58F71BEF58F71BEF58F71BEF58F71BEF5A60DBEF197
:2022F00067E0BEECEF20BEE5ADD6BEDE9A6BBED70D1BBED01451BEC8F972BEBFACC5BEB703
:20230000E8D1BEAE341ABEA4B00CBE8F562EBE7440CCBE450221BE0E1FB4BDA900000000F2
:20231000C7F73DBB6DF03E1A58B83E5160183E7F2BD43E9582AA3EA152D23EA9CF183EB0B1
:20232000240B3EB83E033EBF05683EC6A6CA3ECCF9873ED2EE4E3ED782E83EDA82E83EDA6A
:2023300082E83EDA82E83EDA82E83EDA82E83EDA82E83EDA82E83EDA82E83EDA82E83EDA7D
:2023400082E83EDA82E83EDA82E83EDA82E83EDA14A5BEE414A5BEE414A5BEE414A5BEE409
:2023500014A5BEE414A5BEE414A5BEE414A5BEE414A5BEE414A5BEE414A5BEE414A5BEE495
:2023600014A5BEE47896BEE07B0BBEDA75A3BED4C101BECC2BD4BEC531BABEBD2E73BEB546
:20237000C4F0BEAC26FEBEA42570BE9B9B13BE8F4E51BE741EB8BE4504C0BE0EF084BDA8AD
:2023800000000000F7273DBB88273E1A7ACC3E5172713E7F0ED43E8F88123E974DBE3E9FA5
:20239000D3313EA66D9C3EAE714C3EB5B3E53EBCB6AE3EC2476F3EC8C16A3ECBC16A3ECB86
:2023A000C16A3ECBC16A3ECBC16A3ECBC16A3ECBC16A3ECBC16A3ECBC16A3ECBC16A3ECB7D
:2023B000C16A3ECBC16A3ECBC16A3ECBC16A3ECBC16A3ECBBDBABED4BDBABED4BDBABED4EE
:2023C000BDBABED4BDBABED4BDBABED4BDBABED4BDBABED4BDBABED4BDBABED4BDBABED4B5
:2023D000BDBABED4BDBABED4BDBABED4F7BABED0708FBECA0E17BEC43372BEBC50F0BEB494
:2023E0000EBFBEAC8866BEA311C7BE9B5AEEBE929A02BE8843D4BE74F766BE44E54BBE0D09
:2023F000B6D8BDA80000000026573DBC8AC63E1A65D43E51AF793E7ACDF23E861D3F3E8F68
:20240000FFC13E96B0753E9E69053EA695573EADFBBD3EB3747E3EBAD1A23EBDD1A23EBD8F
:20241000D1A23EBDD1A23EBDD1A23EBDD1A23EBDD1A23EBDD1A23EBDD1A23EBDD1A23EBD3C
:20242000D1A23EBDD1A23EBDD1A23EBDD1A23EBDD1A23EBDD1A23EBD6F2ABEC76F2ABEC7CC
:202430006F2ABEC76F2ABEC76F2ABEC76F2ABEC76F2ABEC76F2ABEC76F2ABEC76F2ABEC79C
:202440006F2ABEC76F2ABEC76F2ABEC76F2ABEC76F2ABEC70AFABEC20054BEBC9518BEB475
:20245000AAB9BEACA383BEA4408EBE9CBCD3BE93C860BE8A5769BE816F54BE6DD2B3BE442B
:20246000C337BE0D87A9BDA80000000055863DBCB2183E1A8FC53E51FBFC3E6CD36F3E7F89
:202470002A993E8813A93E90D8063E978B593E9F555C3EA6013B3EAD378B3EB222923EB2B3
:2024800022923EB222923EB222923EB222923EB222923EB222923EB222923EB222923EB21C
:2024900022923EB222923EB222923EB222923EB222923EB222923EB222923EB2BCFDBEB980
:2024A000BCFDBEB9BCFDBEB9BCFDBEB9BCFDBEB9BCFDBEB9BCFDBEB9BCFDBEB9BCFDBEB99C
:2024B000BCFDBEB9BCFDBEB9BCFDBEB9BCFDBEB9BCFDBEB9BCFDBEB9BCFDBEB98A9CBEB424
:2024C0007DBFBEAD17C2BEA64799BE9EDB77BE954BF1BE8D7AE1BE8420EFBE764270BE61FF
:2024D000C059BE44A123BE0D533BBDA80000000089F43DBCD6CB3E1A40F63E4B83F93E6106
:2024E000F7CF3E73599F3E8235933E8AEB853E91A2C63E99663C3EA043033EA6E9F73EA82F
:2024F000E9F73EA8E9F73EA8E9F73EA8E9F73EA8E9F73EA8E9F73EA8E9F73EA8E9F73EA89C
:20250000E9F73EA8E9F73EA8E9F73EA8E9F73EA8E9F73EA8E9F73EA8E9F73EA8E9F73EA88B
:2025100015CABEAE15CABEAE15CABEAE15CABEAE15CABEAE15CABEAE15CABEAE15CABEAE53
:2025200015CABEAE15CABEAE15CABEAE15CABEAE15CABEAE15CABEAE15CABEAE15CABEAE43
:2025300015CABEAE6F2ABEA7403ABEA09CA2BE982DE0BE90A637BE87C9C5BE7D9778BE6B58
:20254000121BBE57512FBE3D8C2ABE0D294ABDA800000000BE623DBCE3E73E1AC2E33E4106
:202550009A6B3E5763DC3E6934443E7A475A3E85D8993E8C4FA03E94A25E3E9A9C633E9FA7
:202560009C633E9F9C633E9F9C633E9F9C633E9F9C633E9F9C633E9F9C633E9F9C633E9F7B
:202570009C633E9F9C633E9F9C633E9F9C633E9F9C633E9F9C633E9F9C633E9F9C633E9F6B
:202580009C633E9F2086BEA72086BEA72086BEA72086BEA72086BEA72086BEA72086BEA712
:202590002086BEA72086BEA72086BEA72086BEA72086BEA72086BEA72086BEA72086BEA7D3
:2025A0002086BEA72086BEA7EE24BEA14246BE9B8088BE93B2FFBE8B0D30BE837304BE7439
:2025B0003B79BE620C9EBE4E22A7BE357F0FBE0DEF9EBDA700000000F2D03DBC4E663E17B7
:2025C0009C393E39C95C3E4E83123E6060953E71E4113E8026AB3E88251C3E8F83A53E95D4
:2025D00086C23E9786C23E9786C23E9786C23E9786C23E9786C23E9786C23E9786C23E9703
:2025E00086C23E9786C23E9786C23E9786C23E9786C23E9786C23E9786C23E9786C23E97F3
:2025F00086C23E9786C23E97CA2EBE9CCA2EBE9CCA2EBE9CCA2EBE9CCA2EBE9CCA2EBE9CA5
:20260000CA2EBE9CCA2EBE9CCA2EBE9CCA2EBE9CCA2EBE9CCA2EBE9CCA2EBE9CCA2EBE9C2A
:20261000CA2EBE9CCA2EBE9CCA2EBE9CCA2EBE9CA551BE961173BE8FED67BE864BF1BE7D38
:20262000F338BE6B0275BE5A5BEABE462EB2BE2E906DBE09B5F2BDA7000000002C7C3DBD31
:202630008C3F3E105C3E3E32E9793E46BAC73E587B743E697F633E79538F3E8415B53E8B04
:20264000AD6D3E8FAD6D3E8FAD6D3E8FAD6D3E8FAD6D3E8FAD6D3E8FAD6D3E8FAD6D3E8F42
:20265000AD6D3E8FAD6D3E8FAD6D3E8FAD6D3E8FAD6D3E8FAD6D3E8FAD6D3E8FAD6D3E8F32
:20266000AD6D3E8FAD6D3E8FAD6D3E8F32DFBE9732DFBE9732DFBE9732DFBE9732DFBE97A7
:2026700032DFBE9732DFBE9732DFBE9732DFBE9732DFBE9732DFBE9732DFBE9732DFBE971A
:2026800032DFBE9732DFBE9732DFBE9732DFBE9732DFBE97D92BBE91E3E7BE8A24C8BE83AA
:2026900030A9BE76CD75BE648390BE524B1FBE3FE7C0BE2778ABBE037C46BDA70000000099
:2026A00066273DBDC8603E0AAC713E2B53E33E40F0C33E519F173E62F0C33E719D493E804B
:2026B000E2EB3E86D10F3E88D10F3E88D10F3E88D10F3E88D10F3E88D10F3E88D10F3E88EF
:2026C000D10F3E88D10F3E88D10F3E88D10F3E88D10F3E88D10F3E88D10F3E88D10F3E88CA
:2026D000D10F3E88D10F3E88D10F3E88D10F3E889408BE8D9408BE8D9408BE8D9408BE8DB6
:2026E0009408BE8D9408BE8D9408BE8D9408BE8D9408BE8D9408BE8D9408BE8D9408BE8DA2
:2026F0009408BE8D9408BE8D9408BE8D9408BE8D9408BE8D9408BE8D9408BE8D635EBE8773
:202700003E03BE7F1023BE6F0B4EBE5E2268BE4C13E8BE390EE9BE22DCF0BDFB429ABDA745
:2027100000000000AA503DBDD8D83E05002A3E2607B33E3AEB5B3E4B33723E5C5EB33E6C39
:20272000D4FE3E78085B3E82085B3E82085B3E82085B3E82085B3E82085B3E82085B3E821C
:20273000085B3E82085B3E82085B3E82085B3E82085B3E82085B3E82085B3E82085B3E8271
:20274000085B3E82085B3E82085B3E82085B3E82085B3E825422BE895422BE895422BE8993
:202750005422BE895422BE895422BE895422BE895422BE895422BE895422BE895422BE8981
:202760005422BE895422BE895422BE895422BE895422BE895422BE895422BE895422BE8971
:202770008716BE8313E8BE79F323BE680DC3BE587621BE466CDFBE33E315BE1C4207BDF276
:2027800008EEBDA70000000053B93DBAA0CF3E019D493E208FDA3E343F143E469EC33E5643
:2027900092103E6581D83E733D083E7B3D083E7B3D083E7B3D083E7B3D083E7B3D083E7BE6
:2027A0003D083E7B3D083E7B3D083E7B3D083E7B3D083E7B3D083E7B3D083E7B3D083E7B29
:2027B0003D083E7B3D083E7B3D083E7B3D083E7B3D083E7B3D083E7B2752BE802752BE80A7
:2027C0002752BE802752BE802752BE802752BE802752BE802752BE802752BE802752BE8041
:2027D0002752BE802752BE802752BE802752BE802752BE802752BE802752BE802752BE8031
:2027E0002752BE802752BE80FB40BE718088BE63599FBE5210A1BE418D11BE2E1D7EBE1825
:2027F000D1F6BDE9A8C1BDA400000000758E3DB1D2743DFB26573E1CE7193E2F47AE3E416B
:20280000537A3E51BE773E5FDBA13E6BDBA13E6BDBA13E6BDBA13E6BDBA13E6BDBA13E6BAC
:20281000DBA13E6BDBA13E6BDBA13E6BDBA13E6BDBA13E6BDBA13E6BDBA13E6BDBA13E6B80
:20282000DBA13E6BDBA13E6BDBA13E6BDBA13E6BDBA13E6BDBA13E6BDBA13E6BFC50BE7813
:20283000FC50BE78FC50BE78FC50BE78FC50BE78FC50BE78FC50BE78FC50BE78FC50BE7878
:20284000FC50BE78FC50BE78FC50BE78FC50BE78FC50BE78FC50BE78FC50BE78FC50BE7868
:20285000FC50BE78FC50BE78FC50BE78CCCDBE6CFB94BE5DB61CBE4D5048BE3CF6A9BE2980
:20286000FA6EBE13A1B6BDE291D1BD9C0000000044673DA9A8583DF5DBF53E17AF103E2B5E
:20287000E5B43E3C05923E4CFE1E3E5A99ED3E6599ED3E6599ED3E6599ED3E6599ED3E6593
:2028800099ED3E6599ED3E6599ED3E6599ED3E6599ED3E6599ED3E6599ED3E6599ED3E65F0
:2028900099ED3E6599ED3E6599ED3E6599ED3E6599ED3E6599ED3E6599ED3E6599ED3E65E0
:2028A000AE68BE73AE68BE73AE68BE73AE68BE73AE68BE73AE68BE73AE68BE73AE68BE73E0
:2028B000AE68BE73AE68BE73AE68BE73AE68BE73AE68BE73AE68BE73AE68BE73AE68BE73D0
:2028C000AE68BE73AE68BE73AE68BE73AE68BE730735BE68EC96BE58DE2BBE48F0EDBE3701
:2028D000DE16BE25092DBE108755BDDC3261BD9500000000BB063DA1EC573DEF4BB23E1456
:2028E000A6373E27548B3E38674D3E471D693E5568C73E5D68C73E5D68C73E5D68C73E5DC7
:2028F00068C73E5D68C73E5D68C73E5D68C73E5D68C73E5D68C73E5D68C73E5D68C73E5D78
:2029000068C73E5D68C73E5D68C73E5D68C73E5D68C73E5D68C73E5D68C73E5D68C73E5D67
:2029100068C73E5DBBEDBE62BBEDBE62BBEDBE62BBEDBE62BBEDBE62BBEDBE62BBEDBE6265
:20292000BBEDBE62BBEDBE62BBEDBE62BBEDBE62BBEDBE62BBEDBE62BBEDBE62BBEDBE6257
:20293000BBEDBE62BBEDBE62BBEDBE62BBEDBE62BBEDBE62BBEDBE6258CDBE54523FBE440D
:20294000B646BE33CD60BE21A2DBBE0C0A3DBDD77AB7BD8E000000000DD83D9BAE293DEA25
:202950008EDE3E1008D93E24855E3E3466513E4316483E5016483E5016483E5016483E502D
:2029600016483E5016483E5016483E5016483E5016483E5016483E5016483E5016483E50F7
:2029700016483E5016483E5016483E5016483E5016483E5016483E5016483E5016483E50E7
:2029800016483E5016483E503997BE5D3997BE5D3997BE5D3997BE5D3997BE5D3997BE5DDD
:202990003997BE5D3997BE5D3997BE5D3997BE5D3997BE5D3997BE5D3997BE5D3997BE5DCF
:2029A0003997BE5D3997BE5D3997BE5D3997BE5D3997BE5D3997BE5D3997BE5D81C3BE5058
:2029B000B242BE4018E7BE305215BE1E24F2BE093A2ABDD240E1BD88000000001D693D9557
:2029C0001D003DE69BE53E0DD9943E20B0F23E306D333E3FA64C3E4AA64C3E4AA64C3E4A86
:2029D000A64C3E4AA64C3E4AA64C3E4AA64C3E4AA64C3E4AA64C3E4AA64C3E4AA64C3E4A17
:2029E000A64C3E4AA64C3E4AA64C3E4AA64C3E4AA64C3E4AA64C3E4AA64C3E4AA64C3E4A07
:2029F000A64C3E4AA64C3E4AA64C3E4A811BBE58811BBE58811BBE58811BBE58811BBE58DF
:202A0000811BBE58811BBE58811BBE58811BBE58811BBE58811BBE58811BBE58811BBE5826
:202A1000811BBE58811BBE58811BBE58811BBE58811BBE58811BBE58811BBE58811BBE5816
:202A200002F3BE4CB685BE3CB296BE2C3D08BE1B5E89BE06CDB3BDCD949ABD8200000000F0
:202A3000D4BF3D8FA60D3DE189763E0A36F83E1DFCE33E2D0EBF3E3C8F713E458F713E45EF
:202A40008F713E458F713E458F713E458F713E458F713E458F713E458F713E458F713E455E
:202A50008F713E458F713E458F713E458F713E458F713E458F713E458F713E458F713E454E
:202A60008F713E458F713E458F713E458F713E45B353BE47B353BE47B353BE47B353BE471E
:202A7000B353BE47B353BE47B353BE47B353BE47B353BE47B353BE47B353BE47B353BE47EE
:202A8000B353BE47B353BE47B353BE47B353BE47B353BE47B353BE47B353BE47B353BE47DE
:202A9000B353BE47B353BE478C7EBE39984ABE293A54BE188088BE0303C5BDCACC4FBD7A78
:202AA0000000000014663D8B53CE3DDDEF9E3E0760D43E1AB3683E2A9A6B3E37B9243E3CE7
:202AB000B9243E3CB9243E3CB9243E3CB9243E3CB9243E3CB9243E3CB9243E3CB9243E3C4E
:202AC000B9243E3CB9243E3CB9243E3CB9243E3CB9243E3CB9243E3CB9243E3CB9243E3C3E
:202AD000B9243E3CB9243E3CB9243E3CB9243E3CB9243E3CBF72BE43BF72BE43BF72BE439D
:202AE000BF72BE43BF72BE43BF72BE43BF72BE43BF72BE43BF72BE43BF72BE43BF72BE4346
:202AF000BF72BE43BF72BE43BF72BE43BF72BE43BF72BE43BF72BE43BF72BE43BF72BE4336
:202B0000BF72BE43BF72BE43BF72BE4345A2BE3678C0BE2673EBBE15AD04BE006905BDC697
:202B10006095BD71000000001B483D8716873DD948AA3E05D9553E17C30D3E27C6E73E349C
:202B2000C6E73E34C6E73E34C6E73E34C6E73E34C6E73E34C6E73E34C6E73E34C6E73E349D
:202B3000C6E73E34C6E73E34C6E73E34C6E73E34C6E73E34C6E73E34C6E73E34C6E73E348D
:202B4000C6E73E34C6E73E34C6E73E34C6E73E34C6E73E34C6E73E34EDA6BE3FEDA6BE3F9B
:202B5000EDA6BE3FEDA6BE3FEDA6BE3FEDA6BE3FEDA6BE3FEDA6BE3FEDA6BE3FEDA6BE3FE5
:202B6000EDA6BE3FEDA6BE3FEDA6BE3FEDA6BE3FEDA6BE3FEDA6BE3FEDA6BE3FEDA6BE3FD5
:202B7000EDA6BE3FEDA6BE3FEDA6BE3FEDA6BE3FEF0BBE32B4F6BE2390ACBE12E853BDFC90
:202B8000F838BDC2C693BD6800000000AA7A3D8357153DD5D6243E02696E3E15523F3E244F
:202B9000E7193E2FE7193E2FE7193E2FE7193E2FE7193E2FE7193E2FE7193E2FE7193E2FBD
:202BA000E7193E2FE7193E2FE7193E2FE7193E2FE7193E2FE7193E2FE7193E2FE7193E2FAD
:202BB000E7193E2FE7193E2FE7193E2FE7193E2FE7193E2FE7193E2FE7193E2FC101BE3C4E
:202BC000C101BE3CC101BE3CC101BE3CC101BE3CC101BE3CC101BE3CC101BE3CC101BE3C15
:202BD000C101BE3CC101BE3CC101BE3CC101BE3CC101BE3CC101BE3CC101BE3CC101BE3C05
:202BE000C101BE3CC101BE3CC101BE3CC101BE3CC101BE3CF6D3BE2FE94FBE20092DBE1059
:202BF00037B5BDF8F045BDBF2839BD6100000000AD043D8092643DD1F9093E00B2C03E1280
:202C000089373E2108313E2C08313E2C08313E2C08313E2C08313E2C08313E2C08313E2C20
:202C100008313E2C08313E2C08313E2C08313E2C08313E2C08313E2C08313E2C08313E2C8C
:202C200008313E2C08313E2C08313E2C08313E2C08313E2C08313E2C08313E2C08313E2C7C
:202C30000E56BE2D0E56BE2D0E56BE2D0E56BE2D0E56BE2D0E56BE2D0E56BE2D0E56BE2D0C
:202C40000E56BE2D0E56BE2D0E56BE2D0E56BE2D0E56BE2D0E56BE2D0E56BE2D0E56BE2DFC
:202C50000E56BE2D0E56BE2D0E56BE2D0E56BE2D0E56BE2D0E56BE2D0E56BE2D76C9BE1E20
:202C60009946BE0DEAB3BDF3CE1CBDBC708FBD5A00000000C3A03D7CC8753DCD31BA3DFD5C
:202C700052933E1098DD3E1E2B023E272B023E272B023E272B023E272B023E272B023E27D4
:202C80002B023E272B023E272B023E272B023E272B023E272B023E272B023E272B023E27A4
:202C90002B023E272B023E272B023E272B023E272B023E272B023E272B023E272B023E2794
:202CA0002B023E2718BDBE2A18BDBE2A18BDBE2A18BDBE2A18BDBE2A18BDBE2A18BDBE2A57
:202CB00018BDBE2A18BDBE2A18BDBE2A18BDBE2A18BDBE2A18BDBE2A18BDBE2A18BDBE2A1C
:202CC00018BDBE2A18BDBE2A18BDBE2A18BDBE2A18BDBE2A18BDBE2A18BDBE2A18BDBE2A0C
:202CD000F9C6BE1B9A17BE0BF6D3BDEFDB23BDB9AA11BD5400000000D4FE3D7814663DCB14
:202CE000D5E53DF98A723E0E60033E1C60033E1C60033E1C60033E1C60033E1C60033E1C2E
:202CF00060033E1C60033E1C60033E1C60033E1C60033E1C60033E1C60033E1C60033E1CDC
:202D000060033E1C60033E1C60033E1C60033E1C60033E1C60033E1C60033E1C60033E1CCB
:202D100060033E1C60033E1CFF58BE27FF58BE27FF58BE27FF58BE27FF58BE27FF58BE27C1
:202D2000FF58BE27FF58BE27FF58BE27FF58BE27FF58BE27FF58BE27FF58BE27FF58BE27B3
:202D3000FF58BE27FF58BE27FF58BE27FF58BE27FF58BE27FF58BE27FF58BE27FF58BE27A3
:202D4000FF58BE27DB23BE1939EBBE09F338BDEB1759BDB780DCBD4F000000008E223D75F6
:202D500001F73DC87E673DF53A003E0C02753E1A02753E1A02753E1A02753E1A02753E1AC0
:202D600002753E1A02753E1A02753E1A02753E1A02753E1A02753E1A02753E1A02753E1ADB
:202D700002753E1A02753E1A02753E1A02753E1A02753E1A02753E1A02753E1A02753E1ACB
:202D800002753E1A02753E1A02753E1A0EFEBE250EFEBE250EFEBE250EFEBE250EFEBE251B
:202D90000EFEBE250EFEBE250EFEBE250EFEBE250EFEBE250EFEBE250EFEBE250EFEBE25AB
:202DA0000EFEBE250EFEBE250EFEBE250EFEBE250EFEBE250EFEBE250EFEBE250EFEBE259B
:202DB0000EFEBE250EFEBE25396DBE17C30DBE075DB7BDE83E96BDB4DFF8BD4A0000000039
:202DC00004043D73DFCE3DC46BF83DF26CA03E0A19F83E1719F83E1719F83E1719F83E170F
:202DD00019F83E1719F83E1719F83E1719F83E1719F83E1719F83E1719F83E1719F83E17B3
:202DE00019F83E1719F83E1719F83E1719F83E1719F83E1719F83E1719F83E1719F83E17A3
:202DF00019F83E1719F83E1719F83E1719F83E1777C4BE2277C4BE2277C4BE2277C4BE22BF
:202E000077C4BE2277C4BE2277C4BE2277C4BE2277C4BE2277C4BE2277C4BE2277C4BE22DA
:202E100077C4BE2277C4BE2277C4BE2277C4BE2277C4BE2277C4BE2277C4BE2277C4BE22CA
:202E200077C4BE2277C4BE2277C4BE22A234BE147D18BE056FFCBDE59503BDB110CBBD474F
:202E300000000000A3D73D7026813DC264063DEF3BA33E0804EA3E1404EA3E1404EA3E143B
:202E400004EA3E1404EA3E1404EA3E1404EA3E1404EA3E1404EA3E1404EA3E1404EA3E1472
:202E500004EA3E1404EA3E1404EA3E1404EA3E1404EA3E1404EA3E1404EA3E1404EA3E1462
:202E600004EA3E1404EA3E1404EA3E1404EA3E1404EA3E14CF96BE12CF96BE12CF96BE1273
:202E7000CF96BE12CF96BE12CF96BE12CF96BE12CF96BE12CF96BE12CF96BE12CF96BE129A
:202E8000CF96BE12CF96BE12CF96BE12CF96BE12CF96BE12CF96BE12CF96BE12CF96BE128A
:202E9000CF96BE12CF96BE12CF96BE12CF96BE12CF96BE12B795BE03C044BDE1D677BDAEB2
:202EA0009581BD4300000000978D3D6EEB073DBF08313DECF6943E06F6013E11F6013E1183
:202EB000F6013E11F6013E11F6013E11F6013E11F6013E11F6013E11F6013E11F6013E11D2
:202EC000F6013E11F6013E11F6013E11F6013E11F6013E11F6013E11F6013E11F6013E11C2
:202ED000F6013E11F6013E11F6013E11F6013E11F6013E11F6013E11F7BABE10F7BABE1040
:202EE000F7BABE10F7BABE10F7BABE10F7BABE10F7BABE10F7BABE10F7BABE10F7BABE10DA
:202EF000F7BABE10F7BABE10F7BABE10F7BABE10F7BABE10F7BABE10F7BABE10F7BABE10CA
:202F0000F7BABE10F7BABE10F7BABE10F7BABE10F7BABE10F7BABE10E796BE01D289BDDE85
:202F10005C14BDACA287BD4000000000B5353D6C70A43DBDBC173DE81C193E0519B93E0E73
:202F200019B93E0E19B93E0E19B93E0E19B93E0E19B93E0E19B93E0E19B93E0E19B93E0EA1
:202F300019B93E0E19B93E0E19B93E0E19B93E0E19B93E0E19B93E0E19B93E0E19B93E0E91
:202F400019B93E0E19B93E0E19B93E0E19B93E0E19B93E0E19B93E0E19B93E0E227DBE0F33
:202F5000227DBE0F227DBE0F227DBE0F227DBE0F227DBE0F227DBE0F227DBE0F227DBE0F01
:202F6000227DBE0F227DBE0F227DBE0F227DBE0F227DBE0F227DBE0F227DBE0F227DBE0FF1
:202F7000227DBE0F227DBE0F227DBE0F227DBE0F227DBE0F227DBE0F227DBE0F8AF0BE0015
:202F80008BACBDDBD734BDA9E3FCBD3D0000000026C03D6B1AF43DBBFD8B3DE502B43E03E3
:202F900002B43E0302B43E0302B43E0302B43E0302B43E0302B43E0302B43E0302B43E0369
:202FA00002B43E0302B43E0302B43E0302B43E0302B43E0302B43E0302B43E0302B43E0359
:202FB00002B43E0302B43E0302B43E0302B43E0302B43E0302B43E0302B43E0302B43E0349
:202FC0004AA1BE0D4AA1BE0D4AA1BE0D4AA1BE0D4AA1BE0D4AA1BE0D4AA1BE0D4AA1BE0D41
:202FD0004AA1BE0D4AA1BE0D4AA1BE0D4AA1BE0D4AA1BE0D4AA1BE0D4AA1BE0D4AA1BE0D31
:202FE0004AA1BE0D4AA1BE0D4AA1BE0D4AA1BE0D4AA1BE0D4AA1BE0D4AA1BE0D4AA1BE0D21
:202FF0006003BDFCBD66BDD8A0F9BDA759DEBD3B000000008DCE3D69042E3DB939C13DE37E
:2030000032B53E0132B53E0132B53E0132B53E0132B53E0132B53E0132B53E0132B53E0180
:2030100032B53E0132B53E0132B53E0132B53E0132B53E0132B53E0132B53E0132B53E0170
:2030200032B53E0132B53E0132B53E0132B53E0132B53E0132B53E0132B53E0132B53E0160
:2030300032B53E0150B1BE0B50B1BE0B50B1BE0B50B1BE0B50B1BE0B50B1BE0B50B1BE0BD4
:2030400050B1BE0B50B1BE0B50B1BE0B50B1BE0B50B1BE0B50B1BE0B50B1BE0B50B1BE0B20
:2030500050B1BE0B50B1BE0B50B1BE0B50B1BE0B50B1BE0B50B1BE0B50B1BE0B50B1BE0B10
:2030600050B1BE0BFFD6BDF9B574BDD56042BDA50EAABD3900000000FF583D67B8FA3DB6EE
:20307000522A3DE1CAAC3DFECAAC3DFECAAC3DFECAAC3DFECAAC3DFECAAC3DFECAAC3DFECF
:20308000CAAC3DFECAAC3DFECAAC3DFECAAC3DFECAAC3DFECAAC3DFECAAC3DFECAAC3DFEA8
:20309000CAAC3DFECAAC3DFECAAC3DFECAAC3DFECAAC3DFECAAC3DFECAAC3DFECAAC3DFE98
:2030A000CAAC3DFECAAC3DFE85F0BE0985F0BE0985F0BE0985F0BE0985F0BE0985F0BE0946
:2030B00085F0BE0985F0BE0985F0BE0985F0BE0985F0BE0985F0BE0985F0BE0985F0BE0920
:2030C00085F0BE0985F0BE0985F0BE0985F0BE0985F0BE0985F0BE0985F0BE0985F0BE0910
:2030D00085F0BE0985F0BE091759BDF78477BDD368F1BDA3F7E4BD360000000090583D66A7
:2030E000CC253DB469AD3DDE115E3DFC115E3DFC115E3DFC115E3DFC115E3DFC115E3DFCCD
:2030F000115E3DFC115E3DFC115E3DFC115E3DFC115E3DFC115E3DFC115E3DFC115E3DFC80
:20310000115E3DFC115E3DFC115E3DFC115E3DFC115E3DFC115E3DFC115E3DFC115E3DFC6F
:20311000115E3DFC115E3DFC115E3DFC0F13BE080F13BE080F13BE080F13BE080F13BE081F
:203120000F13BE080F13BE080F13BE080F13BE080F13BE080F13BE080F13BE080F13BE084F
:203130000F13BE080F13BE080F13BE080F13BE080F13BE080F13BE080F13BE080F13BE083F
:203140000F13BE080F13BE080F13BE087D80BDF4244ABDD16C61BDA1CC25BD340000000000
:2031500036503D65D4D43DB2FF043DDB77853DF977853DF977853DF977853DF977853DF98B
:2031600077853DF977853DF977853DF977853DF977853DF977853DF977853DF977853DF9BF
:2031700077853DF977853DF977853DF977853DF977853DF977853DF977853DF977853DF9AF
:2031800077853DF977853DF977853DF977853DF94B9DBDF14B9DBDF14B9DBDF14B9DBDF10F
:203190004B9DBDF14B9DBDF14B9DBDF14B9DBDF14B9DBDF14B9DBDF14B9DBDF14B9DBDF16F
:2031A0004B9DBDF14B9DBDF14B9DBDF14B9DBDF14B9DBDF14B9DBDF14B9DBDF14B9DBDF15F
:2031B0004B9DBDF14B9DBDF14B9DBDF14B9DBDF14B9DBDF1B463BDCE6556BD9FE9CDBD32B3
:2031C00000000000C7503D63C34C3DB0B90F3DD9E2043DF5E2043DF5E2043DF5E2043DF5FE
:2031D000E2043DF5E2043DF5E2043DF5E2043DF5E2043DF5E2043DF5E2043DF5E2043DF51F
:2031E000E2043DF5E2043DF5E2043DF5E2043DF5E2043DF5E2043DF5E2043DF5E2043DF50F
:2031F000E2043DF5E2043DF5E2043DF5E2043DF5E2043DF5DBB6BDEEDBB6BDEEDBB6BDEE93
:20320000DBB6BDEEDBB6BDEEDBB6BDEEDBB6BDEEDBB6BDEEDBB6BDEEDBB6BDEEDBB6BDEECE
:20321000DBB6BDEEDBB6BDEEDBB6BDEEDBB6BDEEDBB6BDEEDBB6BDEEDBB6BDEEDBB6BDEEBE
:20322000DBB6BDEEDBB6BDEEDBB6BDEEDBB6BDEEDBB6BDEEDBB6BDEE447CBDCC53CEBD9D62
:20323000F27CBD300000000043573D6249CF3DAF2EF13DD7BD273DEFBD273DEFBD273DEF83
:20324000BD273DEFBD273DEFBD273DEFBD273DEFBD273DEFBD273DEFBD273DEFBD273DEFEE
:20325000BD273DEFBD273DEFBD273DEFBD273DEFBD273DEFBD273DEFBD273DEFBD273DEFDE
:20326000BD273DEFBD273DEFBD273DEFBD273DEFBD273DEFBD273DEF6690BDEC6690BDECB0
:203270006690BDEC6690BDEC6690BDEC6690BDEC6690BDEC6690BDEC6690BDEC6690BDEC46
:203280006690BDEC6690BDEC6690BDEC6690BDEC6690BDEC6690BDEC6690BDEC6690BDEC36
:203290006690BDEC6690BDEC6690BDEC6690BDEC6690BDEC6690BDEC6690BDEC8C15BDCA9D
:2032A0009629BD9B2F98BD2F00000000BF5D3D60B0DE3DADABDE3DD6B5353DECB5353DEC51
:2032B000B5353DECB5353DECB5353DECB5353DECB5353DECB5353DECB5353DECB5353DEC66
:2032C000B5353DECB5353DECB5353DECB5353DECB5353DECB5353DECB5353DECB5353DEC56
:2032D000B5353DECB5353DECB5353DECB5353DECB5353DECB5353DECB5353DECE1B1BDE921
:2032E000E1B1BDE9E1B1BDE9E1B1BDE9E1B1BDE9E1B1BDE9E1B1BDE9E1B1BDE9E1B1BDE90E
:2032F000E1B1BDE9E1B1BDE9E1B1BDE9E1B1BDE9E1B1BDE9E1B1BDE9E1B1BDE9E1B1BDE9FE
:20330000E1B1BDE9E1B1BDE9E1B1BDE9E1B1BDE9E1B1BDE9E1B1BDE9E1B1BDE9E1B1BDE9ED
:20331000DD44BDC7D346BD996CB5BD2D000000007A4E3D5FB98C3DAB458D3DD3458D3DD329
:20332000458D3DD3458D3DD3458D3DD3458D3DD3458D3DD3458D3DD3458D3DD3458D3DD37D
:20333000458D3DD3458D3DD3458D3DD3458D3DD3458D3DD3458D3DD3458D3DD3458D3DD36D
:20334000458D3DD3458D3DD3458D3DD3458D3DD3458D3DD3458D3DD3458D3DD3458D3DD35D
:203350005532BF881062BF80CE70BF7892A3BF6AB646BF63594BBF56D220BF4F240BBF48FE
:20336000DFA4BF3E9168BF2D119DBF259446BF16DED3BF108106BF05D8AEBEFFB5DDBEE465
:20337000C28FBED530BEBEB9710DBEAC6F00BEA13EABBE97288DBE8D0D1BBE8031F9BE664C
:20338000E704BE4C67A1BE339E1BBE1E4539BE07B9F5BDDAD9E8BDAC9DB2BD6FDABABD0A22
:20339000339CBC2200000000182BBC95FEC5BD32AC71BD8B2FECBDBB978DBDEE9CE0BE1118
:2033A00094AFBE25BF48BE3D58E2BE57D845BE707A78BE8519CEBE9122D1BE9B8794BEA516
:2033B000C56DBEBE4FDFBECD1BDABEDC30BEBEF9C1BEBF077732BF0DE8A7BF18DB8CBF28F4
:2033C0002D77BF310903BF3AFB16BF4B88CEBF521687BF599446BF667732BF6DE76DBF7BBB
:2033D000A6B5BF81645ABF8BAACEBF874F0EBF7F0347BF78E1B1BF690BE1BF63C91DBF559E
:2033E00041F2BF4FBB99BF469168BF3D49BABF2CFE5DBF233886BF1689A0BF1038EFBF059D
:2033F00062B7BEFFEB1CBEE22C3DBED4CED9BEB77803BEAB47AEBEA12474BE973C9FBE8CDF
:2034000076C9BE7EDD2FBE64C6A8BE4B7BB3BE323B64BE1FDC5DBE06B9F5BDDA147BBDAEB6
:20341000B646BD73D14EBD11B15BBC3F000000008794BC85710DBD2CA027BD8992A3BDBA00
:20342000CBFBBDEE05BCBE127A78BE251412BE3F9375BE58617CBE724C30BE863405BE911F
:203430004A23BE9B17C2BEA6346EBEC0D917BECEB22DBEDDA6B5BEF909D5BF08CC64BF0DB0
:20344000930CBF19E83EBF297BB3BF32645ABF3B84B6BF4C18FCBF53AD43BF594539BF67F9
:203450002EB2BF6EB924BF7C161EBF82A1CBBF8D8866BF8B5BC0BF80D567BF77BA5EBF69C6
:20346000E48FBF62A1CBBF55212DBF4F52BDBF466388BF3D28F6BF2CAFB8BF231E4FBF164D
:203470006F69BF101EB8BF052E49BEFFC3CABEE204EABED49A6BBEB750B1BEAB205CBEA15B
:20348000FD22BE96154DBE8CF3B6BE7D8E8ABE640F28BE4BF8A1BE3106F7BE1FA7F0BE06F2
:20349000511ABDDAAB9FBDADE48FBD726873BD116A7FBC3C000000002B02BC8742C4BD2DDA
:2034A00071DEBD8A2FECBDBB34D7BDEF5461BE1217C2BE264880BE3FE219BE583333BE737D
:2034B000C227BE865B57BE917176BE9B8DB9BEA65BC0BEC00D84BECF425BBEDEDB23BEF93F
:2034C000240BBF08E69BBF0DE1B1BF19295FBF2B7A78BF352DE0BF400AA6BF569653BF610D
:2034D0007732BF6D98C8BF83BD3CBF8AC083BF9AC083BF9AC083BF9A3D71BF9A3D71BF9A41
:2034E000F838BF92D2F2BF85D220BF7F0FF9BF695C92BF5EFE5DBF53F55ABF49B50BBF365F
:2034F00014E4BF2D8C15BF1AA36EBF110B0FBF05F9DBBEFE7525BEE267A1BED37319BEB73B
:20350000295FBEABF909BEA0D5D0BE969F56BE8B70A4BE7DD70ABE63C083BE4AA9FCBE31F3
:20351000D289BE1E24DDBE067F63BDD90E56BDADA9FCBD7196BCBD10C711BC3A0000000099
:20352000FCB9BC87147BBD2EA64CBD8ACD36BDBB3AFBBDF0BD3CBE124C30BE260000BE405C
:203530007F63BE5967A1BE73DC5DBE86758EBE9198C8BE9BB50BBEA6AA65BEC09DB2BECF34
:2035400076C9BEDEFF2EBF0145A2BF1696BCBF2031F9BF3621FFBF4D4AF5BF5924DDBF66EE
:203550004120BF81205CBF89C0ECBF91C0ECBF91C0ECBF91C0ECBF91C0ECBF91C0ECBF910E
:20356000233ABFA2233ABFA2233ABFA2233ABFA22DE0BF98AA65BF88DE6ABF81B50BBF761C
:2035700057A8BF6A9C0FBF538CE7BF48D70ABF33F55ABF299AD4BF16013BBF0DFDF4BEF4E4
:20358000126FBEE32E49BEBF844DBEADD1B7BEA0BB99BE96851FBE8B21FFBE7DA29CBE63A4
:203590000903BE4A5B57BE319E1BBE1ED639BE051687BDD9A57ABDAC6F69BD70C505BD0FA9
:2035A00023A3BC3900000000CE70BC88E632BD2E4396BD8B3611BDBCA3D7BDF0F1AABE1258
:2035B000E979BE26346EBE40CE07BE59B646BE7303B0BE879CE0BE9146DCBEA37A10BEB6B8
:2035C0002824BEDE4745BEF274BCBF03DB8CBF184F0EBF2F7E91BF3BE3BDBF5440B8BF7267
:2035D0004AF5BF81ACDABF8A5C92BFA65C92BFA65C92BFA65C92BFA65C92BFA65C92BFA69B
:2035E0005C92BFA65C92BFA672B0BFA872B0BFA872B0BFA872B0BFA872B0BFA872B0BFA8EF
:2035F000C711BF9A7FCCBF90240BBF8812D7BF720481BF6563F1BF4C4120BF41573FBF2B77
:20360000CB29BF20AC08BF0CF838BF02BE77BEDF7E28BECC0275BEBA93DEBEA7E3BDBE94AE
:20361000B6AEBE82D0E5BE62D495BE4926E9BE3169ADBE1E6D5DBE051062BDD8D3C3BDAB2F
:20362000068EBD70F34DBD0EDCC6BC35000000004396BC8B20C5BD30154DBD8C07C8BDBD45
:20363000A9FCBDF12618BE131DE7BE27D1B7BE403B64BE5F0B78BE842A99BE987E28BEACFF
:2036400054CABEC1C28FBED54EA5BF007803BF0BDC5DBF16DFA4BF2E1687BF49F62BBF5798
:20365000E219BF7828F6BF9428F6BF9428F6BF9428F6BF9428F6BF9428F6BF9428F6BF9411
:2036600028F6BF9428F6BF9428F6BF9428F6BF941FF3BFAA1FF3BFAA1FF3BFAA1FF3BFAA9A
:203670001FF3BFAA1FF3BFAA1FF3BFAA1FF3BFAA1FF3BFAA63F1BF8CC3CABF82D5D0BF669C
:203680008C7EBF59EC57BF3FF7CFBF33BF48BF1DFEC5BF12AC08BEFC5879BEE82C3DBED4B8
:20369000D1B7BEC0288DBEADB3D0BE998DB9BE86460BBE65C56DBE3E4F76BE1E0481BE0505
:2036A000A787BDD7367ABDABCBFBBD6E2196BD0E3958BC3400000000154DBC8C89A0BD307C
:2036B00049BABD8C70A4BDBDDE6ABDF1404FBE13C8B4BE36F2E5BE5F6042BE85FB7FBE9AAF
:2036C000624EBEB0809DBEC61BDABEDCF1AABEF2D1B7BF102F1BBF1DF55ABF2917C2BF46BF
:2036D0002B02BF67EE63BF7AE76DBFA3E76DBFA3E76DBFA3E76DBFA3E76DBFA3E76DBFA3B9
:2036E000E76DBFA3E76DBFA3E76DBFA3E76DBFA3E76DBFA3E76DBFA3E560BFA0E560BFA03E
:2036F000E560BFA0E560BFA0E560BFA0E560BFA0E560BFA0E560BFA0E560BFA0E560BFA09A
:20370000E560BFA074BCBF836738BF7459B4BF558D50BF476320BF2E40B8BF22E76DBF0B56
:20371000FF97BF00A57ABEECA787BED7EB1CBEC2703BBEAE29C7BE9A8794BE85E4F7BE617A
:2037200023A3BE391B71BE0DD5D0BDD6CD9FBDAAFA44BD6D4FDFBD0D95EABC32000000009D
:20373000E704BC8CC433BD311B71BD8D425BBDBEA090BDF8B368BE2A1687BE59B6AEBE8233
:203740008C7EBE99DF3BBEAFCF42BEC669ADBEDEC28FBEF54BC7BF074120BF21212DBF2FE1
:20375000ED29BF3D2DE0BF600275BF8A0275BF8A0275BF8A0275BF8A0275BF8A0275BF8A9B
:203760000275BF8A0275BF8A0275BF8A0275BF8A0275BF8A0275BF8A0275BF8A0275BF8A49
:2037700073EBBF8D73EBBF8D73EBBF8D73EBBF8D73EBBF8D73EBBF8D73EBBF8D73EBBF8DE9
:2037800073EBBF8D73EBBF8D73EBBF8D73EBBF8D73EBBF8D0DEDBF6E0E56BF5D1412BF3F0C
:20379000EB85BF310FF9BF193C36BF0DBDA5BF0142C4BEED3190BED7A36EBEC12268BEACEE
:2037A000AE7DBE96F909BE801062BE5864C3BE2A4A23BDFB3055BDAA288DBD6DE704BD0C0F
:2037B000F27CBC30000000008A72BC8E95EABD324FDFBD8DB0F2BDD0ADACBE186BBABE49E9
:2037C000096CBE791206BE94C6A8BEABD70ABEC301A3BEDC182BBEF59A6BBF07F0D8BF1400
:2037D000D7DCBF31B021BF42D014BF54B296BF84B296BF84B296BF84B296BF84B296BF84B6
:2037E000B296BF84B296BF84B296BF84B296BF84B296BF84B296BF84B296BF84B296BF8471
:2037F000B296BF84B296BF849375BF889375BF889375BF889375BF889375BF889375BF88C9
:203800009375BF889375BF889375BF889375BF889375BF889375BF889375BF889375BF8830
:203810002B02BF776873BF5105BCBF4217C2BF265183BF19D9E8BF0CF909BF00161EBEEAF5
:203820009C0FBED32F1BBEBDCF42BEA613A9BE90D07DBE738794BE45F007BE1663F1BDCCC4
:20383000EDFABD6B154DBD0C4F0EBC2F000000005C29BC8FFEC5BD32DD98BD9354CABE01D2
:2038400018FCBE33FD8BBE6550B1BE8BA8C1BEA407C8BEBDF007BED63405BEF1FD8BBF059A
:20385000EAB3BF13F838BF22D6A1BF44A6B5BF5967A1BF7367A1BF7367A1BF7367A1BF7303
:2038600067A1BF7367A1BF7367A1BF7367A1BF7367A1BF7367A1BF7367A1BF7367A1BF7378
:2038700067A1BF7367A1BF7367A1BF7367A1BF73BE77BF97BE77BF97BE77BF97BE77BF9724
:20388000BE77BF97BE77BF97BE77BF97BE77BF97BE77BF97BE77BF97BE77BF97BE77BF97D0
:20389000BE77BF97BE77BF97BE77BF97FD22BF669C0FBF53F141BF3338EFBF25AE14BF17AF
:2038A000F4F1BF0AAC08BEFC816FBEE4E704BECC66CFBEB569ADBE9EC227BE86ECC0BE5ED6
:2038B0006320BE2E0F91BDFA9097BD8F4396BD0B0831BC2C00000000FF97BC90D07DBD33DE
:2038C0004EA5BDC044D0BE1849BABE4C4EA5BE80DB23BE9904EABEB43BCDBECECE70BEE823
:2038D0008F5CBF024120BF11CB29BF20B717BF316AE8BF5BED91BF7CED91BF7CED91BF7CD3
:2038E000ED91BF7CED91BF7CED91BF7CED91BF7CED91BF7CED91BF7CED91BF7CED91BF7C00
:2038F000ED91BF7CED91BF7CED91BF7CED91BF7CED91BF7CED91BF7C5A1DBF845A1DBF84EE
:203900005A1DBF845A1DBF845A1DBF845A1DBF845A1DBF845A1DBF845A1DBF845A1DBF84D7
:203910005A1DBF845A1DBF845A1DBF845A1DBF845A1DBF845A1DBF84A090BF68758EBF41E1
:203920004E3CBF319C78BF22C2F8BF143190BF073F7DBEF50EBFBEDCAFB8BEC3923ABEAB11
:203930003333BE93AE7DBE769BA6BE442618BE135810BDB94952BD1D64C3BC2A00000000AF
:20394000A305BC92A9FCBD71B98CBDEBE00DBE2D25AFBE64A57ABE8CBB30BEA7C3CABEC21D
:203950005C92BEDE645ABEFBE076BF0CD9E8BF1C5C92BF2E88CEBF4283E4BF8683E4BF860F
:2039600083E4BF8683E4BF8683E4BF8683E4BF8683E4BF8683E4BF8683E4BF8683E4BF86E7
:2039700083E4BF8683E4BF8683E4BF8683E4BF8683E4BF8683E4BF8683E4BF8683E4BF86D7
:203980005254BF875254BF875254BF875254BF875254BF875254BF875254BF875254BF87C7
:203990005254BF875254BF875254BF875254BF875254BF875254BF875254BF875254BF87B7
:2039A0005254BF871340BF519E1BBF3EC5D6BF2D8A72BF1EE5C9BF0F5AEEBF02C083BEEA32
:2039B000FF97BED0C1BEBEB7ECC0BE9EF06FBE85CE07BE59E979BE267C1CBDE1851FBD6B01
:2039C000C155BC280000000030BEBC992752BDA0C083BE0AF838BE4215B5BE7BEF35BE981C
:2039D000F0D8BEB426E9BED11AA0BEEFA162BF0603B0BF173DD9BF297732BF3DDC5DBF5656
:2039E000DC5DBF56DC5DBF56DC5DBF56DC5DBF56DC5DBF56DC5DBF56DC5DBF56DC5DBF5657
:2039F000DC5DBF56DC5DBF56DC5DBF56DC5DBF56DC5DBF56DC5DBF56DC5DBF56DC5DBF5647
:203A0000DC5DBF56DC5DBF56CFABBF65CFABBF65CFABBF65CFABBF65CFABBF65CFABBF6556
:203A1000CFABBF65CFABBF65CFABBF65CFABBF65CFABBF65CFABBF65CFABBF65CFABBF65A6
:203A2000CFABBF65CFABBF65CFABBF65CFABBF65FAADBF4C85F0BF39A090BF28096CBF198B
:203A300029C7BF0AD4FEBEF80DEDBEDE9581BEC3161EBEAA6F69BE90288DBE6D7247BE39B6
:203A4000E426BE030275BD9AAB9FBCAD339CBD229C78BD227382BDC64F76BE1E7319BE57BF
:203A50003E42BE885A1DBEA454CABEC1A440BEDF425BBEFE6FD2BF0FA9FCBF211DE7BF37B2
:203A600089A0BF5089A0BF5089A0BF5089A0BF5089A0BF5089A0BF5089A0BF5089A0BF5086
:203A700089A0BF5089A0BF5089A0BF5089A0BF5089A0BF5089A0BF5089A0BF5089A0BF5076
:203A800089A0BF5089A0BF5089A0BF5089A0BF507CEEBF5F7CEEBF5F7CEEBF5F7CEEBF5F26
:203A90007CEEBF5F7CEEBF5F7CEEBF5F7CEEBF5F7CEEBF5F7CEEBF5F7CEEBF5F7CEEBF5FD6
:203AA0007CEEBF5F7CEEBF5F7CEEBF5F7CEEBF5F7CEEBF5F7CEEBF5F7CEEBF5FD5D0BF46A4
:203AB00018FCBF33758EBF211965BF126E2FBF039931BEEA1AA0BECFBC6ABEB443FEBE9A75
:203AC0004EA5BE80C083BE4A9B3DBE15425BBDBEAB9FBD2D4D6ABD737BB3BD72EDFABDEBA0
:203AD00089A0BE3050B1BE6B6E98BE92DF3BBEAF3BCDBECE1B71BEEDF007BF0623A3BF1993
:203AE000CC64BF2D3886BF46A92ABF73A92ABF73A92ABF73A92ABF73A92ABF73A92ABF73C9
:203AF000A92ABF73A92ABF73A92ABF73A92ABF73A92ABF73A92ABF73A92ABF73A92ABF738E
:203B0000A92ABF73A92ABF73A92ABF73A92ABF73A92ABF73A92ABF73ACDABF82ACDABF82F9
:203B1000ACDABF82ACDABF82ACDABF82ACDABF82ACDABF82ACDABF82ACDABF82ACDABF825D
:203B2000ACDABF82ACDABF82ACDABF82ACDABF82ACDABF82ACDABF82ACDABF82ACDABF824D
:203B3000ACDABF82C91DBF55BEE0BF3E0F28BF2BDB23BF191CACBF0A872BBEF65E35BEDA00
:203B400006F7BEBFBCD3BEA302DEBE8928F6BE5C9AD4BE2647AEBDE1B924BD7C559BBD9F55
:203B5000559BBD9F16F0BE087525BE428ADBBE7DAC08BE9C089ABEBB511ABEDA2FECBEFB03
:203B600006F7BF0FCA58BF2264C3BF3AD9E8BF5CD9E8BF5CD9E8BF5CD9E8BF5CD9E8BF5C0B
:203B7000D9E8BF5CD9E8BF5CD9E8BF5CD9E8BF5CD9E8BF5CD9E8BF5CD9E8BF5CD9E8BF5C55
:203B8000D9E8BF5CD9E8BF5CD9E8BF5CD9E8BF5CD9E8BF5CD9E8BF5CD9E8BF5CD9E8BF5C45
:203B9000B924BF6CB924BF6CB924BF6CB924BF6CB924BF6CB924BF6CB924BF6CB924BF6CD5
:203BA000B924BF6CB924BF6CB924BF6CB924BF6CB924BF6CB924BF6CB924BF6CB924BF6CC5
:203BB000B924BF6CB924BF6CB924BF6CB924BF6C233ABF4A7AE1BF34E4F7BF21F909BF1095
:203BC00054CABF012BD4BEE57FCCBEC8D9E8BEAC82AABE91D9E8BE6C9446BE363A93BE01A9
:203BD00039C1BDA3FE5DBDC3FE5DBDC31687BE192C3DBE54FCB9BE876666BEA66D5DBEC55F
:203BE000594BBEE66DC6BF04A0F9BF17CC64BF2D01A3BF4C01A3BF4C01A3BF4C01A3BF4C40
:203BF00001A3BF4C01A3BF4C01A3BF4C01A3BF4C01A3BF4C01A3BF4C01A3BF4C01A3BF4C3D
:203C000001A3BF4C01A3BF4C01A3BF4C01A3BF4C01A3BF4C01A3BF4C01A3BF4C01A3BF4C2C
:203C100001A3BF4C01A3BF4CB2FFBF5BB2FFBF5BB2FFBF5BB2FFBF5BB2FFBF5BB2FFBF5B74
:203C2000B2FFBF5BB2FFBF5BB2FFBF5BB2FFBF5BB2FFBF5BB2FFBF5BB2FFBF5BB2FFBF5B2C
:203C3000B2FFBF5BB2FFBF5BB2FFBF5BB2FFBF5BB2FFBF5BB2FFBF5BB2FFBF5BDFA4BF3E67
:203C4000CE07BF29C84BBF1765FEBF07837BBEEFF8A1BED10419BEB68C7EBE995048BE7CFE
:203C50000AA6BE46FF97BE10DC5DBDC6A0F9BDE709D5BDE84467BE2925AFBE646F69BE9012
:203C6000EC57BEAFD220BECF3A2ABEF26AE8BF0B96BCBF20A64CBF3AA64CBF3AA64CBF3AF3
:203C7000A64CBF3AA64CBF3AA64CBF3AA64CBF3AA64CBF3AA64CBF3AA64CBF3AA64CBF3ADC
:203C8000A64CBF3AA64CBF3AA64CBF3AA64CBF3AA64CBF3AA64CBF3AA64CBF3AA64CBF3ACC
:203C9000A64CBF3AA64CBF3AA64CBF3AA64CBF3A49BABF5C49BABF5C49BABF5C49BABF5CF0
:203CA00049BABF5C49BABF5C49BABF5C49BABF5C49BABF5C49BABF5C49BABF5C49BABF5C14
:203CB00049BABF5C49BABF5C49BABF5C49BABF5C49BABF5C49BABF5C49BABF5C49BABF5C04
:203CC00049BABF5C49BABF5CFB16BF3B94AFBF25BD3CBF12F8A1BF017454BEE424DDBEC664
:203CD000374CBEA9B296BE8CD0E5BE627D56BE2E9BA6BE04AF4FBE14C986BE146595BE48D0
:203CE000E4F7BE812D77BEA18937BEC19BA6BEE4119DBF050F91BF1A1EB8BF351EB8BF3506
:203CF0001EB8BF351EB8BF351EB8BF351EB8BF351EB8BF351EB8BF351EB8BF351EB8BF3564
:203D00001EB8BF351EB8BF351EB8BF351EB8BF351EB8BF351EB8BF351EB8BF351EB8BF3553
:203D10001EB8BF351EB8BF351EB8BF351EB8BF351EB8BF351EB8BF35C155BF58C155BF587D
:203D2000C155BF58C155BF58C155BF58C155BF58C155BF58C155BF58C155BF58C155BF581B
:203D3000C155BF58C155BF58C155BF58C155BF58C155BF58C155BF58C155BF58C155BF580B
:203D4000C155BF58C155BF58C155BF58C155BF58C155BF58816FBF3476C9BF1EDA51BF0B8E
:203D500066CFBEF5B574BED558E2BEB79FBEBE9A3C36BE7DD495BE49CAC1BE21A9FCBE3130
:203D6000DE6ABE312BD4BE65B0F2BE9096BCBEB04D6ABED31D7EBEF81340BF11295FBF2B0C
:203D7000295FBF2B295FBF2B295FBF2B295FBF2B295FBF2B295FBF2B295FBF2B295FBF2BA3
:203D8000295FBF2B295FBF2B295FBF2B295FBF2B295FBF2B295FBF2B295FBF2B295FBF2B93
:203D9000295FBF2B295FBF2B295FBF2B295FBF2B295FBF2B295FBF2B295FBF2B295FBF2B83
:203DA0008C7EBF498C7EBF498C7EBF498C7EBF498C7EBF498C7EBF498C7EBF498C7EBF4973
:203DB0008C7EBF498C7EBF498C7EBF498C7EBF498C7EBF498C7EBF498C7EBF498C7EBF4963
:203DC0008C7EBF498C7EBF498C7EBF498C7EBF498C7EBF498C7EBF498C7EBF498C7EBF4953
:203DD00050B1BF2B6042BF153333BF034D01BEE4F766BEC4F694BEA6B368BE8A8241BE6247
:203DE000B2FFBE3B1B71BE4D35A8BE4D9724BE7F1B09BE9E8A09BEBF32CABEE44C30BF0633
:203DF000A4A9BF1E4BC7BF474BC7BF474BC7BF474BC7BF474BC7BF474BC7BF474BC7BF47E1
:203E00004BC7BF474BC7BF474BC7BF474BC7BF474BC7BF474BC7BF474BC7BF474BC7BF47E2
:203E10004BC7BF474BC7BF474BC7BF474BC7BF474BC7BF474BC7BF474BC7BF474BC7BF47D2
:203E20004BC7BF474BC7BF478C15BF3A8C15BF3A8C15BF3A8C15BF3A8C15BF3A8C15BF3AB6
:203E30008C15BF3A8C15BF3A8C15BF3A8C15BF3A8C15BF3A8C15BF3A8C15BF3A8C15BF3AA2
:203E40008C15BF3A8C15BF3A8C15BF3A8C15BF3A8C15BF3A8C15BF3A8C15BF3A8C15BF3A92
:203E50008C15BF3A8C15BF3A8C15BF3AB7E9BF1FD42CBF0A758EBEF10CB3BED1A305BEB225
:203E6000B574BE95096CBE791206BE54B50BBE66809DBE66D3C3BE8B0F28BEAB2EB2BECEE0
:203E7000AF4FBEF496BCBF107CEEBF2F7CEEBF2F7CEEBF2F7CEEBF2F7CEEBF2F7CEEBF2F51
:203E80007CEEBF2F7CEEBF2F7CEEBF2F7CEEBF2F7CEEBF2F7CEEBF2F7CEEBF2F7CEEBF2F62
:203E90007CEEBF2F7CEEBF2F7CEEBF2F7CEEBF2F7CEEBF2F7CEEBF2F7CEEBF2F7CEEBF2F52
:203EA0007CEEBF2F7CEEBF2F7CEEBF2F7CEEBF2F8FC5BF518FC5BF518FC5BF518FC5BF5112
:203EB0008FC5BF518FC5BF518FC5BF518FC5BF518FC5BF518FC5BF518FC5BF518FC5BF51D2
:203EC0008FC5BF518FC5BF518FC5BF518FC5BF518FC5BF518FC5BF518FC5BF518FC5BF51C2
:203ED0008FC5BF518FC5BF518FC5BF518FC5BF518FC5BF5171DEBF2ACA58BF12B15BBEFFEA
:203EE00007C8BEDDE076BEBCD8AEBE9FF694BE863055BE6AED91BE7C21FFBE7DCED9BE971B
:203EF000BB99BEB6B9F5BEDA1965BF023C9FBF1C3C9FBF1C3C9FBF1C3C9FBF1C3C9FBF1CD7
:203F00003C9FBF1C3C9FBF1C3C9FBF1C3C9FBF1C3C9FBF1C3C9FBF1C3C9FBF1C3C9FBF1CF1
:203F10003C9FBF1C3C9FBF1C3C9FBF1C3C9FBF1C3C9FBF1C3C9FBF1C3C9FBF1C3C9FBF1CE1
:203F20003C9FBF1C3C9FBF1C3C9FBF1C3C9FBF1C3C9FBF1C3C9FBF1C4A23BF3B4A23BF3B6F
:203F30004A23BF3B4A23BF3B4A23BF3B4A23BF3B4A23BF3B4A23BF3B4A23BF3B4A23BF3B39
:203F40004A23BF3B4A23BF3B4A23BF3B4A23BF3B4A23BF3B4A23BF3B4A23BF3B4A23BF3B29
:203F50004A23BF3B4A23BF3B4A23BF3B4A23BF3B4A23BF3B4A23BF3B4A23BF3B4A23BF3B19
:203F6000E076BF1C5254BF0771DEBEEA6BBABEC9AC71BEABB021BE92A36EBE814396BE8BE8
:203F70004396BE8B5326BEA5EA4BBEC4367ABEEB985FBF0CD289BF2ED289BF2ED289BF2E89
:203F8000D289BF2ED289BF2ED289BF2ED289BF2ED289BF2ED289BF2ED289BF2ED289BF2EE1
:203F9000D289BF2ED289BF2ED289BF2ED289BF2ED289BF2ED289BF2ED289BF2ED289BF2ED1
:203FA000D289BF2ED289BF2ED289BF2ED289BF2ED289BF2ED289BF2ED289BF2ED289BF2EC1
:203FB0008D50BF278D50BF278D50BF278D50BF278D50BF278D50BF278D50BF278D50BF27D9
:203FC0008D50BF278D50BF278D50BF278D50BF278D50BF278D50BF278D50BF278D50BF27C9
:203FD0008D50BF278D50BF278D50BF278D50BF278D50BF278D50BF278D50BF278D50BF27B9
:203FE0008D50BF278D50BF278D50BF270069BF0F3EABBEF7182BBED5FD22BEB697F6BE9D52
:203FF000710DBE8C1759BE971759BE97D845BEB0B021BED27E91BEFB3E42BF183E42BF18FD
:204000003E42BF183E42BF183E42BF183E42BF183E42BF183E42BF183E42BF183E42BF18E8
:204010003E42BF183E42BF183E42BF183E42BF183E42BF183E42BF183E42BF183E42BF18D8
:204020003E42BF183E42BF183E42BF183E42BF183E42BF183E42BF183E42BF183E42BF18C8
:204030003E42BF183E42BF181D7EBF381D7EBF381D7EBF381D7EBF381D7EBF381D7EBF3856
:204040001D7EBF381D7EBF381D7EBF381D7EBF381D7EBF381D7EBF381D7EBF381D7EBF38D0
:204050001D7EBF381D7EBF381D7EBF381D7EBF381D7EBF381D7EBF381D7EBF381D7EBF38C0
:204060001D7EBF381D7EBF381D7EBF381D7EBF381D7EBF3851ECBF1895EABF02A36EBEE162
:204070008F5CBEC2E8A7BEA85F07BE98E426BEA3C9EFBEA30DEDBEBE5AEEBEE258E2BF0732
:20408000C155BF28C155BF28C155BF28C155BF28C155BF28C155BF28C155BF28C155BF2838
:20409000C155BF28C155BF28C155BF28C155BF28C155BF28C155BF28C155BF28C155BF2828
:2040A000C155BF28C155BF28C155BF28C155BF28C155BF28C155BF28C155BF28C155BF2818
:2040B000C155BF28C155BF28C155BF28C155BF28C505BF1FC505BF1FC505BF1FC505BF1F5C
:2040C000C505BF1FC505BF1FC505BF1FC505BF1FC505BF1FC505BF1FC505BF1FC505BF1FA0
:2040D000C505BF1FC505BF1FC505BF1FC505BF1FC505BF1FC505BF1FC505BF1FC505BF1F90
:2040E000C505BF1FC505BF1FC505BF1FC505BF1FC505BF1FC505BF1FC505BF1FC505BF1F80
:2040F000E910BF074A8CBEEAC083BECA758EBEB19653BEA1C5D6BEADAB9FBEAD5E9EBEC9B0
:204100007D56BEEEB15BBF0FB15BBF0FB15BBF0FB15BBF0FB15BBF0FB15BBF0FB15BBF0F2A
:20411000B15BBF0FB15BBF0FB15BBF0FB15BBF0FB15BBF0FB15BBF0FB15BBF0FB15BBF0FBF
:20412000B15BBF0FB15BBF0FB15BBF0FB15BBF0FB15BBF0FB15BBF0FB15BBF0FB15BBF0FAF
:20413000B15BBF0FB15BBF0FB15BBF0FB15BBF0FB15BBF0FB15BBF0F1062BF281062BF28A1
:204140001062BF281062BF281062BF281062BF281062BF281062BF281062BF281062BF2897
:204150001062BF281062BF281062BF281062BF281062BF281062BF281062BF281062BF2887
:204160001062BF281062BF281062BF281062BF281062BF281062BF281062BF281062BF2877
:204170001062BF281062BF285CFBBF0DDD98BEF3404FBED3096CBEB9AD43BEA9F007BEB666
:20418000F007BEB6A305BED27F63BEF9E219BF18E219BF18E219BF18E219BF18E219BF18C9
:20419000E219BF18E219BF18E219BF18E219BF18E219BF18E219BF18E219BF18E219BF187F
:2041A000E219BF18E219BF18E219BF18E219BF18E219BF18E219BF18E219BF18E219BF186F
:2041B000E219BF18E219BF18E219BF18E219BF18E219BF18E219BF18E219BF18E219BF185F
:2041C000D773BF32D773BF32D773BF32D773BF32D773BF32D773BF32D773BF32D773BF3207
:2041D000D773BF32D773BF32D773BF32D773BF32D773BF32D773BF32D773BF32D773BF32F7
:2041E000D773BF32D773BF32D773BF32D773BF32D773BF32D773BF32D773BF32D773BF32E7
:2041F000D773BF32D773BF32D773BF32D773BF322681BF123611BEFC0275BEDA4189BEC0F3
:20420000F27CBEB0AB36BEBEB852BEBEDA51BEDBD0E5BF029B3DBF259B3DBF259B3DBF2571
:204210009B3DBF259B3DBF259B3DBF259B3DBF259B3DBF259B3DBF259B3DBF259B3DBF25AE
:204220009B3DBF259B3DBF259B3DBF259B3DBF259B3DBF259B3DBF259B3DBF259B3DBF259E
:204230009B3DBF259B3DBF259B3DBF259B3DBF259B3DBF259B3DBF259B3DBF259B3DBF258E
:204240009B3DBF259B3DBF255F70BF175F70BF175F70BF175F70BF175F70BF175F70BF1708
:204250005F70BF175F70BF175F70BF175F70BF175F70BF175F70BF175F70BF175F70BF1726
:204260005F70BF175F70BF175F70BF175F70BF175F70BF175F70BF175F70BF175F70BF1716
:204270005F70BF175F70BF175F70BF175F70BF175F70BF175F70BF175F70BF1761E5BF01A5
:204280003A93BEE1E979BEC6C1BEBEB7A7F0BEC68DB9BEC68866BEE3E910BF07E910BF07E6
:20429000E910BF07E910BF07E910BF07E910BF07E910BF07E910BF07E910BF07E910BF0716
:2042A000E910BF07E910BF07E910BF07E910BF07E910BF07E910BF07E910BF07E910BF0706
:2042B000E910BF07E910BF07E910BF07E910BF07E910BF07E910BF07E910BF07E910BF07F6
:2042C000E910BF07E910BF07E910BF07E910BF07013BBF1D013BBF1D013BBF1D013BBF1D82
:2042D000013BBF1D013BBF1D013BBF1D013BBF1D013BBF1D013BBF1D013BBF1D013BBF1D0E
:2042E000013BBF1D013BBF1D013BBF1D013BBF1D013BBF1D013BBF1D013BBF1D013BBF1DFE
:2042F000013BBF1D013BBF1D013BBF1D013BBF1D013BBF1D013BBF1D013BBF1D013BBF1DEE
:20430000013BBF1DE3BDBF04F694BEE65CFBBECDB22DBEBD6A16BECD4FDFBECD985FBEEC53
:204310003B64BF0F3B64BF0F3B64BF0F3B64BF0F3B64BF0F3B64BF0F3B64BF0F3B64BF0F25
:204320003B64BF0F3B64BF0F3B64BF0F3B64BF0F3B64BF0F3B64BF0F3B64BF0F3B64BF0F15
:204330003B64BF0F3B64BF0F3B64BF0F3B64BF0F3B64BF0F3B64BF0F3B64BF0F3B64BF0F05
:204340003B64BF0F3B64BF0F3B64BF0F3B64BF0F3B64BF0F3B64BF0FC7E3BF28C7E3BF28AD
:20435000C7E3BF28C7E3BF28C7E3BF28C7E3BF28C7E3BF28C7E3BF28C7E3BF28C7E3BF28C5
:20436000C7E3BF28C7E3BF28C7E3BF28C7E3BF28C7E3BF28C7E3BF28C7E3BF28C7E3BF28B5
:20437000C7E3BF28C7E3BF28C7E3BF28C7E3BF28C7E3BF28C7E3BF28C7E3BF28C7E3BF28A5
:20438000C7E3BF28C7E3BF28C7E3BF2822D1BF0B5461BEF21062BED8C155BEC86B51BEDA50
:20439000786CBEDA01A3BEFCA57ABF1CA57ABF1CA57ABF1CA57ABF1CA57ABF1CA57ABF1C57
:2043A000A57ABF1CA57ABF1CA57ABF1CA57ABF1CA57ABF1CA57ABF1CA57ABF1CA57ABF1C2D
:2043B000A57ABF1CA57ABF1CA57ABF1CA57ABF1CA57ABF1CA57ABF1CA57ABF1CA57ABF1C1D
:2043C000A57ABF1CA57ABF1CA57ABF1CA57ABF1CA57ABF1CA57ABF1CA57ABF1CA57ABF1C0D
:2043D000617CBF62F007BF56C49CBF50D014BF441412BF3FDD98BF335C92BF2E57A8BF2A1F
:2043E0004B5EBF286E98BF226944BF1F9446BF16DED3BF108106BF05D8AEBEFF3BCDBEEE4A
:2043F000DC5DBEE6C28FBED50831BECC68DCBEC03958BEB43127BEA82824BE9EDD98BE9338
:2044000078D5BE896A7FBE7C9C78BE62C083BE4AC433BE31B574BE15758EBDF1020CBDAB5D
:204410007D56BD2E000000006F693D7038EF3DC5E4263E03C49C3E204A233E3B0BE13E53B4
:20442000710D3E6C75253E824FDF3E8D65FE3E97E4F73EA1F41F3EACE2193EB8460B3EC5CD
:2044300023A33ED9A36E3EE1930C3EE930BE3EF9C1BE3F0777323F0DE8A73F18624E3F20C5
:2044400081D83F2352BD3F26295F3F2BAA653F302B6B3F367C1C3F4145393F4761133F5390
:20445000930C3F59BDA53F612681BF623F14BF561A37BF503FE6BF4483E4BF3E6113BF3391
:20446000ED29BF2DF4F1BF2AC7E3BF28EB1CBF22AACEBF1F3886BF1689A0BF1038EFBF0527
:2044700062B7BEFF27BBBEEF93DEBEE76CF4BED656D6BECC346EBEC01F21BEB4E8A7BEA840
:20448000D289BE9E9518BE94233ABE8AF3B6BE7D53F8BE63985FBE4CD07DBE33C1BEBE17DE
:204490009446BDF65B57BDB1B15BBD3F0000000075F73D60DFA43DBE6F003E01B8523E1EBC
:2044A00058103E394E3C3E51851F3E6B96533E81985F3E8CBB993E963A933EA10E563EAD2B
:2044B00016873EB938EF3EC5793E3ED8F9093EE0CE703EE8A6B53EF909D53F08CC643F0DAA
:2044C000096C3F1920C53F20FEC53F22C91D3F259F563F2B205C3F31A7F03F360C4A3F422F
:2044D000DBF53F470B783F54511A3F5A1B093F5E793EBF5860AABF54F972BF4F1F21BF44F4
:2044E0006320BF3E46DCBF33CC64BF2D2FECBF2BBAC7BF28CA58BF22BE77BF1F1E4FBF1647
:2044F0006F69BF101EB8BF052E49BEFFF34DBEEE5F70BEE73886BED62F83BECC0000BEC0CB
:20450000EAB3BEB3B439BEA8D289BE9E6DC6BE943055BE8AD97FBE7D1F8ABE6349BABE4CC7
:204510009C0FBE338D50BE172B6BBDF6F27CBDB0DFA4BD3E0000000047AE3D6148803DBF44
:20452000A36E3E01D2893E1EA6B53E3982AA3E51851F3E6BBDA53E81BFB13E8CAE7D3E9640
:20453000205C3EA135A83EAD3DD93EB91EB83EC5A0903ED8205C3EE19A023EE8DB233EF98A
:20454000240B3F08E69B3F0DEF353F180D843F1FF9723F1FB7803F20A29C3F23816F3F245C
:204550000B0F3F25AE143F2709D53F2872473F2972473F2972473F29B2FFBF2BB2FFBF2BC7
:20456000B3D0BF29E910BF2724DDBF26F8A1BF21624EBF20978DBF1EA57ABF1CB4A2BF17DC
:20457000E9E2BF15A36EBF111AA0BF0F0B0FBF05F9DBBEFED917BEEE86C2BEE71134BED653
:20458000FB16BECBD8AEBEBFC361BEB3CE70BEA8B852BE9E6DC6BE940903BE8AA512BE7D14
:20459000D0E5BE6249BABE4C81D8BE337319BE17F6FDBDF589A0BDB0A512BD3D0000000092
:2045A00019653D62B15B3DBFD7DC3E0106F73E1FA6B53E399CE03E51D3C33E6BB08A3E8175
:2045B000BFB13E8CD5D03E9654CA3EA15CFB3EAD72473EB9460B3EC5ADAC3ED8F9093EE066
:2045C000C1553EE89CE03EF1C1BE3EF7DA513EFBBE0E3F0032CA3F04AEE63F057A103F06EB
:2045D00072473F0985883F0A089A3F0B089A3F0B089A3F0B089A3F0B089A3F0B089A3F0BEC
:2045E000624EBF10624EBF10624EBF10624EBF1027BBBF0F14E4BF0D4396BF0B5183BF090C
:2045F000E979BF06B646BF03BDA5BF010275BEFA1134BEF60E56BEED72B0BEE8ECC0BEDE5D
:20460000C0ECBED934D7BECFBA5EBEC9A440BEBF9C0FBEB3A71EBEA89100BE9E4674BE947F
:204610000903BE8A566DBE7D8241BE62154DBE4C3333BE333EABBE178E22BDF55532BDB07E
:20462000D35BBD3C0000000053F83D63E5C93DBFF2133E013B643E1FF55A3E39D14E3E510A
:20463000B98C3E6BD7DC3E81E7043E8CFD223E966F003EA1844D3EAD74BC3EB36C223EB8B3
:20464000205C3EC194AF3EC5BA5E3EC95B573ED1652C3ED901A33EDC53F83EE3240B3EE892
:2046500099313EEA985F3EEC57A83EEA57A83EEA57A83EEA57A83EEA57A83EEA57A83EEA4D
:2046600057A83EEA57A83EEA3F7DBEF53F7DBEF53F7DBEF53F7DBEF53F7DBEF53F7DBEF552
:204670009A6BBEF759B4BEF588CEBEF2E704BEEC5E9EBEE97C1CBEE1779ABEDC7AE1BED4A3
:2046800013A9BED0BC02BEC5205CBEC17A10BEB6C433BEB13C9FBEAC6666BEA654CABEA13E
:2046900015B5BE9B538FBE94E1B1BE8907C8BE7D4DD3BE62FB16BE4B3333BE332474BE17B2
:2046A0002546BDF5EC57BDAF01A3BD3C00000000BCD33D634EA53DC00C4A3E02559B3E1F8F
:2046B000F55A3E391FF33E5208313E6CD7DC3E81020C3E8B9DB23E8FFDF43E94DB233E99A2
:2046C000425B3E9E6E2F3EA32F833EAC89A03EB095183EB421FF3EBD25AF3EC4A7F03EC605
:2046D000288D3ECD63203ECE63203ECE63203ECE63203ECE63203ECE63203ECE63203ECE21
:2046E00063203ECE63203ECE63203ECE63203ECE3F7DBED53F7DBED53F7DBED53F7DBED542
:2046F0003F7DBED53F7DBED53F7DBED53F7DBED53F7DBED50A3DBED773EBBED57D56BECEF3
:204700003055BECAB6AEBEC29100BEBEAF4FBEB4EC57BEAFFD8BBEA5AA65BEA0DA51BE9B9F
:204710001E4FBE96CB29BE905DCCBE8B2BD4BE851A37BE804D6ABE73FF2EBE61E0DFBE4B47
:20472000E48FBE320A3DBE17F0D8BDF4837BBDAF2FECBD3B00000000F7663D64B7803DC0D2
:204730005AEE3E028A093E1F43FE3E3A54613E527C1C3E617D563E6ED4FE3E78205C3E817A
:2047400073823E8671DE3E8A068E3E90538F3E943C363E9DFF2E3EA1C91D3EA55CFB3EAD0F
:204750005A863EB3AF4F3EB4E5603EB0E5603EB0E5603EB0E5603EB0E5603EB0E5603EB056
:20476000E5603EB0E5603EB0E5603EB0E5603EB0E5603EB0E5603EB070A4BEBD70A4BEBDE9
:2047700070A4BEBD70A4BEBD70A4BEBD70A4BEBD70A4BEBD70A4BEBD70A4BEBD70A4BEBDB1
:2047800070A4BEBD566DBEBDA5E3BEBB182BBEB5D845BEB0E282BEA7F141BEA3DB23BE9959
:2047900060AABE94837BBE8F71DEBE8AD014BE844880BE7F81D8BE73F5C3BE682F1BBE5DD3
:2047A00096BCBE50594BBE46CA58BE32D5D0BE1687FDBDF44F0EBDAF5E35BD3A00000000DE
:2047B000C91D3D65205C3DC175253E02A4403E1F6C223E38AFB83E434FDF3E4DFC503E5845
:2047C000680A3E6242C43E6DE2EB3E7627523E80460B3E85E1B13E8954613E92D5D03E96F3
:2047D0005E353E9A902E3EA088663EA388663EA388663EA388663EA388663EA388663EA3E8
:2047E00088663EA388663EA388663EA388663EA388663EA388663EA388663EA388663EA341
:2047F000F41FBEACF41FBEACF41FBEACF41FBEACF41FBEACF41FBEACF41FBEACF41FBEACC1
:20480000F41FBEACF41FBEACF41FBEACF41FBEACF41FBEAC9A02BEA8460BBEA54F76BE9E50
:204810007F63BE99068EBE909F56BE8B809DBE8661E5BE818034BE775CFBBE6D339CBE62EF
:20482000F007BE567E28BE4C1412BE3F3F7DBE35EF9EBE27BB99BE161F21BDF4E632BDAEDD
:204830008C7EBD39000000009AD43D6654CA3DC1A9933E0285883E1A240B3E28CA583E3233
:20484000BF483E3D7FCC3E4888CE3E52AC083E5C03B03E67BE0E3E7072473E7989373E8110
:20485000BA5E3E89F41F3E8CE5603E9033333E9333333E9333333E9333333E9333333E9366
:2048600033333E9333333E9333333E9333333E9333333E9333333E9333333E9333333E9380
:2048700033333E9333333E93AC08BE9CAC08BE9CAC08BE9CAC08BE9CAC08BE9CAC08BE9C66
:20488000AC08BE9CAC08BE9CAC08BE9CAC08BE9CAC08BE9CAC08BE9CAC08BE9CAC08BE9CA8
:20489000DA51BE9BC986BE9419CEBE91E8A7BE880B78BE845C92BE7ED07DBE737EFABE6ACB
:2048A000212DBE5F60AABE547FCCBE48C56DBE3E617CBE325254BE27B9F5BE1A6A16BE0DC9
:2048B000EAB3BDF37D56BDAE51ECBD38000000006C8B3D67BDA53DC13A933E0135A83E0DFC
:2048C00022D13E1B460B3E25758E3E31C7113E3A8DB93E46C5053E4F1CAC3E5A88663E6306
:2048D000A57A3E6C0B0F3E75339C3E82119D3E8503B03E8703B03E8703B03E8703B03E8752
:2048E00003B03E8703B03E8703B03E8703B03E8703B03E8703B03E8703B03E8703B03E87F8
:2048F00003B03E8703B03E8703B03E8703B03E87020CBE8B020CBE8B020CBE8B020CBE8B6C
:20490000020CBE8B020CBE8B020CBE8B020CBE8B020CBE8B020CBE8B020CBE8B020CBE8BDF
:20491000020CBE8B020CBE8B020CBE8B42C4BE8D57A8BE8A9653BE8115B5BE7BB021BE72BE
:204920000FF9BE69D289BE5E1206BE54A027BE499100BE3E3333BE3372B0BE280EBFBE1C46
:204930004817BE105AEEBE026C8BBDE7147BBDAE8034BD37000000003E423D6826813DC22A
:20494000288D3DEDF8383E027C853E1071763E1B03B03E27758E3E3101A33E3C3F143E46FA
:20495000C5053E4F30BE3E5947AE3E61C77A3E693F7D3E756C223E786C223E786C223E78B4
:204960006C223E786C223E786C223E786C223E786C223E786C223E786C223E786C223E7817
:204970006C223E786C223E786C223E786C223E786C223E786C223E780553BE830553BE835D
:204980000553BE830553BE830553BE830553BE830553BE830553BE830553BE830553BE834F
:204990000553BE830553BE830553BE830553BE830553BE830553BE83A993BE826C22BE7831
:2049A000068EBE70A0F9BE6783E4BE5EFDF4BE544396BE4B4EA5BE40A858BE354A8CBE2A6D
:2049B000D8AEBE1F0BE1BE1393DEBE07758EBDF166CFBDD5FBE7BDA9AE7DBD3600000000B3
:2049C0000FF93D69A8583DB5EE633DDA5FD93DF6FCB93E07F7CF3E139E1B3E1E30553E2A51
:2049D000B6463E33BF483E3D73823E4676603E4FDBF53E57212D3E5FC49C3E60C49C3E60B0
:2049E000C49C3E60C49C3E60C49C3E60C49C3E60C49C3E60C49C3E60C49C3E60C49C3E60C7
:2049F000C49C3E60C49C3E60C49C3E60C49C3E60C49C3E60C49C3E60C49C3E60C49C3E60B7
:204A0000F8A1BE71F8A1BE71F8A1BE71F8A1BE71F8A1BE71F8A1BE71F8A1BE71F8A1BE7156
:204A1000F8A1BE71F8A1BE71F8A1BE71F8A1BE71F8A1BE71F8A1BE71F8A1BE71F8A1BE7146
:204A2000F8A1BE71F41FBE6CA0F9BE67212DBE5FA162BE567E28BE4CF838BE42EF35BE3837
:204A3000CBFBBE2EA29CBE23ADACBE18B296BE0C4EA5BE00F141BDE33F14BDC60EBFBD9CD5
:204A4000DCC6BD35000000000FF93D69EF9E3DA7923A3DCB78D53DE9205C3E014FDF3E0D28
:204A50002A993E1805533E2322683E2C45A23E3697243E3F45393E47ED293E4DAF4F3E54B9
:204A6000AF4F3E54AF4F3E54AF4F3E54AF4F3E54AF4F3E54AF4F3E54AF4F3E54AF4F3E54B6
:204A7000AF4F3E54AF4F3E54AF4F3E54AF4F3E54AF4F3E54AF4F3E54AF4F3E54AF4F3E54A6
:204A8000AF4F3E54AF4F3E54E4F7BE61E4F7BE61E4F7BE61E4F7BE61E4F7BE61E4F7BE611A
:204A9000E4F7BE61E4F7BE61E4F7BE61E4F7BE61E4F7BE61E4F7BE61E4F7BE61E4F7BE6136
:204AA000E4F7BE61E4F7BE61E4F7BE61E4F7BE612F1BBE5D3886BE563BCDBE4EBC02BE4502
:204AB0001BDABE3C2D0EBE32D567BE2700D2BE1E88CEBE12A7F0BE06F0D8BDF4ADACBDD815
:204AC0005810BDB9FF97BD90367ABD2B000000004E3C3D51432D3D9C7CEE3DBF69AD3DDE85
:204AD00031903DF716F03E08D7733E12AC083E1C381D3E2789A03E3037B53E3897243E3FF2
:204AE000C2273E46C2273E46C2273E46C2273E46C2273E46C2273E46C2273E46C2273E464E
:204AF000C2273E46C2273E46C2273E46C2273E46C2273E46C2273E46C2273E46C2273E463E
:204B0000C2273E46C2273E46C2273E46C2273E4660AABE5460AABE5460AABE5460AABE5471
:204B100060AABE5460AABE5460AABE5460AABE5460AABE5460AABE5460AABE5460AABE54A5
:204B200060AABE5460AABE5460AABE5460AABE5460AABE5460AABE5460AABE54B8BBBE4D33
:204B3000A7F0BE46425BBE3E1134BE36D9E8BE2C8241BE225F07BE18E704BE0C5AEEBE02B1
:204B4000E1B1BDE97660BDCFE632BDAE5F70BD876B51BD1A00000000DFA43D3ED7733D927B
:204B500045A23DB695183DD400693DEFDE013E02075F3E0E44D03E18E4F73E21E1B13E29AA
:204B60007BB33E3286593E3837B53E3837B53E3837B53E3837B53E3837B53E3837B53E38F6
:204B700037B53E3837B53E3837B53E3837B53E3837B53E3837B53E3837B53E3837B53E3815
:204B800037B53E3837B53E3837B53E3837B53E3837B53E3837B53E38BDA5BE41BDA5BE4107
:204B9000BDA5BE41BDA5BE41BDA5BE41BDA5BE41BDA5BE41BDA5BE41BDA5BE41BDA5BE41FD
:204BA000BDA5BE41BDA5BE41BDA5BE41BDA5BE41BDA5BE41BDA5BE41BDA5BE41BDA5BE41ED
:204BB000BDA5BE41F694BE460625BE41A090BE386F69BE30D567BE274F76BE1EDD98BE13D8
:204BC000CE70BE087E91BDFBE4F7BDE1DC5DBDC617C2BDA6F3B6BD7D4FDFBD0D00000000BE
:204BD00089A03D30A64C3D8AB1C43DAECCCD3DCC9AD43DE628243DFEA0273E09DD983E1388
:204BE000779A3E1CC2F83E2422683E2C34D73E2F34D73E2F34D73E2F34D73E2F34D73E2FE2
:204BF00034D73E2F34D73E2F34D73E2F34D73E2F34D73E2F34D73E2F34D73E2F34D73E2FE5
:204C000034D73E2F34D73E2F34D73E2F34D73E2F34D73E2F34D73E2F34D73E2F34D73E2FD4
:204C10007E91BE3B7E91BE3B7E91BE3B7E91BE3B7E91BE3B7E91BE3B7E91BE3B7E91BE3B44
:204C20007E91BE3B7E91BE3B7E91BE3B7E91BE3B7E91BE3B7E91BE3B7E91BE3B7E91BE3B34
:204C30007E91BE3B7E91BE3B7E91BE3B7E91BE3BACDABE3AB646BE331C43BE2B0553BE2358
:204C400036E3BE1AAACEBE0F6D5DBE0581D8BDF3B9F5BDDA7CEEBDBFB852BD9E068EBD7037
:204C5000A993BD02000000007A783D25E4263D83240B3DA804813DC50D1B3DE09A6B3DF712
:204C6000D6393E05F34D3E0E5F073E1875F73E20FD8B3E25FD8B3E25FD8B3E25FD8B3E2524
:204C7000FD8B3E25FD8B3E25FD8B3E25FD8B3E25FD8B3E25FD8B3E25FD8B3E25FD8B3E25CC
:204C8000FD8B3E25FD8B3E25FD8B3E25FD8B3E25FD8B3E25FD8B3E25FD8B3E25FD8B3E25BC
:204C9000FD8B3E25FD8B3E25CA58BE32CA58BE32CA58BE32CA58BE32CA58BE32CA58BE32C2
:204CA000CA58BE32CA58BE32CA58BE32CA58BE32CA58BE32CA58BE32CA58BE32CA58BE3264
:204CB000CA58BE32CA58BE32CA58BE32CA58BE32CA58BE32CA58BE32CA58BE3248E9BE2E49
:204CC000CF42BE261B09BE1E3261BE15154DBE0C0C4ABE028B44BDECC986BDD4BAC7BDB8E9
:204CD000FC50BD9825AFBD641F21BCF400000000779A3D1CE76D3D7B680A3DA24EA53DC087
:204CE000E83E3DD9758E3DF1C3CA3E02154D3E0C46743E14F4883E1BF4883E1BF4883E1B43
:204CF000F4883E1BF4883E1BF4883E1BF4883E1BF4883E1BF4883E1BF4883E1BF4883E1BFC
:204D0000F4883E1BF4883E1BF4883E1BF4883E1BF4883E1BF4883E1BF4883E1BF4883E1BEB
:204D1000F4883E1BF4883E1BF4883E1BF4883E1B2752BE202752BE202752BE202752BE20D3
:204D20002752BE202752BE202752BE202752BE202752BE202752BE202752BE202752BE20BB
:204D30002752BE202752BE202752BE202752BE202752BE202752BE202752BE202752BE20AB
:204D40002752BE202752BE2069ADBE1E6CF4BE16A4A9BE0E6D5DBE059446BDF6B08ABDE174
:204D5000BA5EBDC948E9BDAEF34DBD8E7C85BD5044D0BCD800000000F34D3D0E4A8C3D6AC0
:204D6000FC503D987A103DB676603DCFC91D3DE5A6B53DF9594B3E06CCCD3E0CCCCD3E0C6C
:204D7000CCCD3E0CCCCD3E0CCCCD3E0CCCCD3E0CCCCD3E0CCCCD3E0CCCCD3E0CCCCD3E0C0B
:204D8000CCCD3E0CCCCD3E0CCCCD3E0CCCCD3E0CCCCD3E0CCCCD3E0CCCCD3E0CCCCD3E0CFB
:204D9000CCCD3E0CCCCD3E0CCCCD3E0CCCCD3E0CCCCD3E0CCCCD3E0CA305BE12A305BE12C1
:204DA000A305BE12A305BE12A305BE12A305BE12A305BE12A305BE12A305BE12A305BE1233
:204DB000A305BE12A305BE12A305BE12A305BE12A305BE12A305BE12A305BE12A305BE1223
:204DC000A305BE12A305BE12A305BE12A305BE12A305BE12F972BE0F02DEBE091A37BE008D
:204DD0005CFBBDED44D0BDD88312BDC0AEE6BDA5C227BD86BDA5BD41C9EFBCC3000000004E
:204DE000B5DD3D0497F63D5D68733D91B1C43DAEE2823DC7CC643DDD6F693DF0BF483DFDB8
:204DF000BF483DFDBF483DFDBF483DFDBF483DFDBF483DFDBF483DFDBF483DFDBF483DFD9B
:204E0000BF483DFDBF483DFDBF483DFDBF483DFDBF483DFDBF483DFDBF483DFDBF483DFD8A
:204E1000BF483DFDBF483DFDBF483DFDBF483DFDBF483DFDBF483DFDBF483DFDBF483DFD7A
:204E2000DC5DBE06DC5DBE06DC5DBE06DC5DBE06DC5DBE06DC5DBE06DC5DBE06DC5DBE068A
:204E3000DC5DBE06DC5DBE06DC5DBE06DC5DBE06DC5DBE06DC5DBE06DC5DBE06DC5DBE067A
:204E4000DC5DBE06DC5DBE06DC5DBE06DC5DBE06DC5DBE06DC5DBE06DC5DBE06DC5DBE066A
:204E5000C3CABE0265FEBDF7C2F8BDE419CEBDD18C7EBDB9212DBD9F346EBD80AE7DBD36E7
:204E60003958BCB4000000007E913CFBC3613D5349BA3D8C8CE73DA84EA53DC0A1623DD60D
:204E70009AD43DE60CB33DF10CB33DF10CB33DF10CB33DF10CB33DF10CB33DF10CB33DF116
:204E80000CB33DF10CB33DF10CB33DF10CB33DF10CB33DF10CB33DF10CB33DF10CB33DF1AA
:204E90000CB33DF10CB33DF10CB33DF10CB33DF10CB33DF10CB33DF10CB33DF10CB33DF19A
:204EA0000CB33DF10CB33DF1DB23BDF9DB23BDF9DB23BDF9DB23BDF9DB23BDF9DB23BDF9E0
:204EB000DB23BDF9DB23BDF9DB23BDF9DB23BDF9DB23BDF9DB23BDF9DB23BDF9DB23BDF942
:204EC000DB23BDF9DB23BDF9DB23BDF9DB23BDF9DB23BDF9DB23BDF9DB23BDF9DB23BDF932
:204ED000DB23BDF9DB23BDF9DB23BDF9BFB1BDECF488BDDBBA5EBDC93333BDB330BEBD99C1
:204EE000C28FBD7542C4BD2D1DE7BCA700000000A9FC3CF1295F3D4B93DE3D8739C13DA3E7
:204EF000C7113DBA075F3DCE69AD3DDE69AD3DDE69AD3DDE69AD3DDE69AD3DDE69AD3DDE3C
:204F000069AD3DDE69AD3DDE69AD3DDE69AD3DDE69AD3DDE69AD3DDE69AD3DDE69AD3DDE09
:204F100069AD3DDE69AD3DDE69AD3DDE69AD3DDE69AD3DDE69AD3DDE69AD3DDE69AD3DDEF9
:204F200069AD3DDE69AD3DDE69AD3DDE69AD3DDEB98CBDEBB98CBDEBB98CBDEBB98CBDEBF9
:204F3000B98CBDEBB98CBDEBB98CBDEBB98CBDEBB98CBDEBB98CBDEBB98CBDEBB98CBDEBF9
:204F4000B98CBDEBB98CBDEBB98CBDEBB98CBDEBB98CBDEBB98CBDEBB98CBDEBB98CBDEBE9
:204F5000B98CBDEBB98CBDEBB98CBDEBB98CBDEBB98CBDEB25AFBDE466CFBDD52CA5BDC313
:204F60007732BDAD4674BD94288DBD6D119DBD254952BC9D0000000078D53CE904813D4537
:204F70007B4A3D83ECC03D9EA8583DB54B5E3DC84B5E3DC84B5E3DC84B5E3DC84B5E3DC8BD
:204F80004B5E3DC84B5E3DC84B5E3DC84B5E3DC84B5E3DC84B5E3DC84B5E3DC84B5E3DC8A1
:204F90004B5E3DC84B5E3DC84B5E3DC84B5E3DC84B5E3DC84B5E3DC84B5E3DC84B5E3DC891
:204FA0004B5E3DC84B5E3DC84B5E3DC84B5E3DC84B5E3DC84B5E3DC88588BDDA8588BDDA95
:204FB0008588BDDA8588BDDA8588BDDA8588BDDA8588BDDA8588BDDA8588BDDA8588BDDAC1
:204FC0008588BDDA8588BDDA8588BDDA8588BDDA8588BDDA8588BDDA8588BDDA8588BDDAB1
:204FD0008588BDDA8588BDDA8588BDDA8588BDDA8588BDDA8588BDDA8588BDDA8588BDDAA1
:204FE0009E84BDCD6A7FBDBC1DE7BDA7BEE0BD8E53F8BD63E076BD1CA305BC9200000000C2
:204FF00019653CE2DFA43D3E2E493D7F02753D9A20C53DB07CEE3DBF7CEE3DBF7CEE3DBF82
:205000007CEE3DBF7CEE3DBF7CEE3DBF7CEE3DBF7CEE3DBF7CEE3DBF7CEE3DBF7CEE3DBF60
:205010007CEE3DBF7CEE3DBF7CEE3DBF7CEE3DBF7CEE3DBF7CEE3DBF7CEE3DBF7CEE3DBF50
:205020007CEE3DBF7CEE3DBF7CEE3DBF7CEE3DBF7CEE3DBF7CEE3DBF7CEE3DBF7CEE3DBF40
:20503000D639BDC5D639BDC5D639BDC5D639BDC5D639BDC5D639BDC5D639BDC5D639BDC5D8
:20504000D639BDC5D639BDC5D639BDC5D639BDC5D639BDC5D639BDC5D639BDC5D639BDC5C8
:20505000D639BDC5D639BDC5D639BDC5D639BDC5D639BDC5D639BDC5D639BDC5D639BDC5B8
:20506000D639BDC5D639BDC5D639BDC53F7DBDB5FF2EBDA10903BD8AB9F5BD5A52BDBD16CA
:20507000A027BC89000000005D643CDCF55A3D39096C3D7952BD3D96367A3DAB367A3DAB39
:20508000367A3DAB367A3DAB367A3DAB367A3DAB367A3DAB367A3DAB367A3DAB367A3DAB50
:20509000367A3DAB367A3DAB367A3DAB367A3DAB367A3DAB367A3DAB367A3DAB367A3DAB40
:2050A000367A3DAB367A3DAB367A3DAB367A3DAB367A3DAB367A3DAB367A3DAB367A3DAB30
:2050B000367A3DAB367A3DAB9EEDBDBC9EEDBDBC9EEDBDBC9EEDBDBC9EEDBDBC9EEDBDBC98
:2050C0009EEDBDBC9EEDBDBC9EEDBDBC9EEDBDBC9EEDBDBC9EEDBDBC9EEDBDBC9EEDBDBCB0
:2050D0009EEDBDBC9EEDBDBC9EEDBDBC9EEDBDBC9EEDBDBC9EEDBDBC9EEDBDBC9EEDBDBCA0
:2050E0009EEDBDBC9EEDBDBC9EEDBDBC9EEDBDBC9EEDBDBC837BBDAF0EBFBD9C5326BD8551
:2050F00088CEBD52C505BD0F9D49BC800000000073193CD70B0F3D357BB33D726E983D92A6
:205100006E2F3DA36E2F3DA36E2F3DA36E2F3DA36E2F3DA36E2F3DA36E2F3DA36E2F3DA3A7
:205110006E2F3DA36E2F3DA36E2F3DA36E2F3DA36E2F3DA36E2F3DA36E2F3DA36E2F3DA397
:205120006E2F3DA36E2F3DA36E2F3DA36E2F3DA36E2F3DA36E2F3DA36E2F3DA36E2F3DA387
:205130006E2F3DA36E2F3DA36E2F3DA36E2F3DA39931BDAA9931BDAA9931BDAA9931BDAAA7
:205140009931BDAA9931BDAA9931BDAA9931BDAA9931BDAA9931BDAA9931BDAA9931BDAAC7
:205150009931BDAA9931BDAA9931BDAA9931BDAA9931BDAA9931BDAA9931BDAA9931BDAAB7
:205160009931BDAA9931BDAA9931BDAA9931BDAA9931BDAA9931BDAA9931BDAA9931BDAAA7
:20517000C7E3BD980C4ABD82CCCDBD4CDABABD0AC28FBC75000000002C3D3CD4C4333D312E
:2051800091683D6D27BB3D8F27BB3D8F27BB3D8F27BB3D8F27BB3D8F27BB3D8F27BB3D8FAA
:2051900027BB3D8F27BB3D8F27BB3D8F27BB3D8F27BB3D8F27BB3D8F27BB3D8F27BB3D8F8F
:2051A00027BB3D8F27BB3D8F27BB3D8F27BB3D8F27BB3D8F27BB3D8F27BB3D8F27BB3D8F7F
:2051B00027BB3D8F27BB3D8F27BB3D8F27BB3D8F27BB3D8F27BB3D8F119DBDA5119DBDA5AB
:2051C000119DBDA5119DBDA5119DBDA5119DBDA5119DBDA5119DBDA5119DBDA5119DBDA54F
:2051D000119DBDA5119DBDA5119DBDA5119DBDA5119DBDA5119DBDA5119DBDA5119DBDA53F
:2051E000119DBDA5119DBDA5119DBDA5119DBDA5119DBDA5119DBDA5119DBDA5119DBDA52F
:2051F000119DBDA5119DBDA5E3BDBD948ADBBD7D79A7BD47594BBD064A8CBC6A0000000068
:20520000B7173CD1B7E93D2F4A8C3D6A43963D8B43963D8B43963D8B43963D8B43963D8B05
:2052100043963D8B43963D8B43963D8B43963D8B43963D8B43963D8B43963D8B43963D8B76
:2052200043963D8B43963D8B43963D8B43963D8B43963D8B43963D8B43963D8B43963D8B66
:2052300043963D8B43963D8B43963D8B43963D8B43963D8B43963D8B43963D8B43963D8B56
:20524000E69BBD9DE69BBD9DE69BBD9DE69BBD9DE69BBD9DE69BBD9DE69BBD9DE69BBD9D76
:20525000E69BBD9DE69BBD9DE69BBD9DE69BBD9DE69BBD9DE69BBD9DE69BBD9DE69BBD9D66
:20526000E69BBD9DE69BBD9DE69BBD9DE69BBD9DE69BBD9DE69BBD9DE69BBD9DE69BBD9D56
:20527000E69BBD9DE69BBD9DE69BBD9DE69BBD9D9CE0BD91CED9BD77F838BD42A993BD02E3
:2052800075F7BC600000000013A93CD042C43D2D03B03D67CE703D88CE703D88CE703D88EE
:20529000CE703D88CE703D88CE703D88CE703D88CE703D88CE703D88CE703D88CE703D88E6
:2052A000CE703D88CE703D88CE703D88CE703D88CE703D88CE703D88CE703D88CE703D88D6
:2052B000CE703D88CE703D88CE703D88CE703D88CE703D88CE703D88CE703D88CE703D88C6
:2052C000CE703D88CE703D885604BD8E5604BD8E5604BD8E5604BD8E5604BD8E5604BD8EEA
:2052D0005604BD8E5604BD8E5604BD8E5604BD8E5604BD8E5604BD8E5604BD8E5604BD8E96
:2052E0005604BD8E5604BD8E5604BD8E5604BD8E5604BD8E5604BD8E5604BD8E5604BD8E86
:2052F0005604BD8E5604BD8E5604BD8E5604BD8E5604BD8E5604BD8E5604BD8E4D6ABD7334
:2053000076C9BD3EC56DBCFEA162BC560000000041F23CCF08313D2C8E8A3D648E8A3D6400
:205310008E8A3D648E8A3D648E8A3D648E8A3D648E8A3D648E8A3D648E8A3D648E8A3D64B5
:205320008E8A3D648E8A3D648E8A3D648E8A3D648E8A3D648E8A3D648E8A3D648E8A3D64A5
:205330008E8A3D648E8A3D648E8A3D648E8A3D648E8A3D648E8A3D648E8A3D648E8A3D6495
:205340008E8A3D648E8A3D648E8A3D648E8A3D64A64CBD8AA64CBD8AA64CBD8AA64CBD8A85
:20535000A64CBD8AA64CBD8AA64CBD8AA64CBD8AA64CBD8AA64CBD8AA64CBD8AA64CBD8A75
:20536000A64CBD8AA64CBD8AA64CBD8AA64CBD8AA64CBD8AA64CBD8AA64CBD8AA64CBD8A65
:20537000A64CBD8AA64CBD8AA64CBD8AA64CBD8AA64CBD8AA64CBD8AA64CBD8AA64CBD8A55
:20538000A64CBD8A6320BD6EC711BD3A37B5BCF8703BBC4E00000000703B3CCEFBE73D2905
:20539000DED33D60DED33D60DED33D60DED33D60DED33D60DED33D60DED33D60DED33D608D
:2053A000DED33D60DED33D60DED33D60DED33D60DED33D60DED33D60DED33D60DED33D607D
:2053B000DED33D60DED33D60DED33D60DED33D60DED33D60DED33D60DED33D60DED33D606D
:2053C000DED33D60DED33D60DED33D60DED33D60DED33D60DED33D604D01BD844D01BD84DB
:2053D0004D01BD844D01BD844D01BD844D01BD844D01BD844D01BD844D01BD844D01BD8445
:2053E0004D01BD844D01BD844D01BD844D01BD844D01BD844D01BD844D01BD844D01BD8435
:2053F0004D01BD844D01BD844D01BD844D01BD844D01BD844D01BD844D01BD844D01BD8425
:205400004D01BD844D01BD844D01BD8431F9BD66D07DBD339168BCEDB15BBC3F00000000AC
:20541000703B3CCEEF9E3D2722D13D5B22D13D5B22D13D5B22D13D5B22D13D5B22D13D5B94
:2054200022D13D5B22D13D5B22D13D5B22D13D5B22D13D5B22D13D5B22D13D5B22D13D5B14
:2054300022D13D5B22D13D5B22D13D5B22D13D5B22D13D5B22D13D5B22D13D5B22D13D5B04
:2054400022D13D5B22D13D5B22D13D5B22D13D5B22D13D5B22D13D5B22D13D5B22D13D5BF4
:20545000B4A2C0075C92C0023D08BFFBE83EBFF1096CBFE94817BFE0CED9BFD77319BFCF28
:2054600007C8BFC59653BFB983E4BFAECD36BFA3C0ECBF997525BF9222D1BF8BF488BF8355
:20547000A027BF793190BF672C3DBF5461E5BF4189A0BF3005BCBF220481BF159AD4BF062E
:20548000154DBEEC5DCCBECB295FBEAB6873BE912752BE603FE6BE24D014BDC4126FBD03EF
:205490000000000013A9BD5072B0BDE81F21BE3487FDBE745E35BE9A3F7DBEB5C28FBED586
:2054A000872BBEF60831BF0CEF35BF1817C2BF261134BF3693DEBF477EFABF5AA512BF6DA4
:2054B0002824BF7E353FBF867A78BF8DCCCDBF94FDF4BF9C5F70BFA729C7BFB259B4BFBD05
:2054C000F5C3BFC82D0EBFD28C15BFDA295FBFE3F141BFEBFDF4BFF45C92BFFE01A3C004CA
:2054D0008F5CC00AAB36C006BDA5C0011965BFFAD4FEBFF00D1BBFE8559BBFDFF34DBFD653
:2054E000A162BFCE3333BFC3AE14BFB7B296BFAC0903BFA226E9BF99E83EBF919FBEBF8A59
:2054F0007E91BF835879BF78C2F8BF64D7DCBF5134D7BF3FE632BF2E8937BF21A234BF144C
:205500002BD4BF05A027BEE9374CBEC9295FBEAB3AFBBE903B64BE5F5A1DBE245183BDC96D
:205510005C29BD0F000000006113BD43F766BDE43333BE33DCC6BE7529C7BE9A8034BEB71B
:20552000F62BBED723A3BEF956D6BF0C5810BF194BC7BF27240BBF38D495BF49D35BBF5C29
:205530002752BF700D84BF7FB1C4BF860419BF8E6042BF957382BF9E26E9BFA904EABFB4A0
:2055400041F2BFBF9FBEBFCA020CBFD36E2FBFDB1F21BFE4F41FBFEC1B09BFF686C2BFFF5D
:20555000A3D7C004CED9C00BE1B1C005FDF4C000AA65BFF879A7BFEFC227BFE61134BFDE7F
:20556000C28FBFD52BD4BFCD19CEBFC1BC02BFB5D42CBFAA346EBFA037B5BF98FF97BF9090
:20557000BA5EBF89A993BF826D5DBF75FF2EBF6127BBBF4F985FBF3C2F1BBF2D3AFBBF20C7
:205580006E2FBF132618BF036D5DBEE55326BEC55183BEA9CCCDBE8C652CBE596FD2BE1F4F
:205590005AEEBDC2E426BD0300000000CCCDBD4C2EB2BDEE8659BE385048BE7CDA51BE9B12
:2055A0003D08BEBB01A3BEDCA512BEFD9168BF0D9931BF1AC77ABF299FBEBF3A7E28BF4CE5
:2055B0009724BF5F339CBF725F07BF808D50BF87F007BF8E4F76BF964189BFA0020CBFAB3B
:2055C000F3B6BFB53DD9BFC1C361BFCB3611BFD4A8C1BFDC6D5DBFE548E9BFEE8D50BFF7AD
:2055D000816FC0006F00C005374CC00DB08AC005D014C00051ECBFF827BBBFEF7382BFE6C6
:2055E000C5D6BFDD7A78BFD59518BFCCA3D7BFC02F1BBFB54DD3BFAAF972BF9F0000BF9856
:2055F000C7E3BF9082AABF897525BF829518BF743405BF616320BF4EE76DBF3BE076BF2CFB
:20560000EC57BF1F1F8ABF1395EABF026738BEE46738BEC4DB8CBEA80831BE8C1062BE5874
:205610004F76BE1EB780BDC00625BD010000000041F2BD4F3AFBBDF0C0ECBE39BF48BE7D36
:20562000432DBE9C0EBFBEBC07C8BEDDB852BEFED97FBF0DE7D5BF1A5E35BF2AFB7FBF3A81
:205630003C36BF4D5BC0BF609C78BF72902EBF80C1BEBF8727BBBF8F8A72BF96C49CBFA05B
:205640008866BFAB809DBFB6CE07BFC10B78BFCC7E28BFD4F41FBFDCBF48BFE59AD4BFEE50
:20565000089ABFFB652CC005AEE6C00DAEE6C00DCBFBC006C7E3C0004189BFF81759BFEF31
:205660006320BFE6B8BBBFDD6D5DBFD587FDBFCC96BCBFC021FFBFB540B8BFAAB15BBF9F56
:20567000F2E5BF97BAC7BF9078D5BF896B51BF82816FBF74205CBF614F76BF4ED3C3BF3B6A
:20568000CCCDBF2CD8AEBF1F126FBF138241BF024D01BEE44D01BEC4C155BEA8EDFABE8BDF
:20569000DBF5BE5700D2BE1E4EA5BDC0346EBD000000000013A9BD506F69BDF0DB23BE3955
:2056A000F3B6BE7D5D64BE9C432DBEBC21FFBEDDDFA4BEFEED29BF0DF4F1BF1A71DEBF2A2F
:2056B000089ABF3B4FDFBF4D6F69BF60B021BF729D49BF80CB92BF8734D7BF8F978DBF9671
:2056C000D1B7BFA09581BFAB8DB9BFB6DB23BFC11893BFCC8E8ABFD4013BBFDD559BBFE7DB
:2056D0000AA6BFF6D917C0024BC7C00B710DC014710DC014EDFAC00B4B5EC004C433BFF954
:2056E00006F7BFEF52BDBFE6A858BFDD6042BFD57AE1BFCC3E42BFC014E4BFB5339CBFAAF0
:2056F0009A6BBF9FE910BF97B0F2BF906F00BF89617CBF826DC6BF740CB3BF61425BBF4E33
:20570000C01ABF3BBFB1BF2CCB92BF1FCA58BF12339CBF0232CABEE432CABEC4A71EBEA855
:20571000E0DFBE8BC1BEBE5797F6BE1DE5C9BDBF346EBD0000000000E560BD50758EBDF1E9
:20572000F55ABE390DEDBE7E779ABE9C5D64BEBC7DBFBEDDF9DBBEFEFA44BF0D089ABF1B5A
:205730008C15BF2A7803BF3B6388BF4D96BCBF60C3CABF72A71EBF80D567BF873EABBF8F77
:20574000A162BF96DED3BFA09F56BFAB9AD4BFB6E83EBFC128F6BFCC9BA6BFD4EB85BFE16C
:2057500096BCBFF01F21C0008312C008A858C011C361C01BC361C01B4EA5C0144EA5C0147E
:205760009F56C00B851FC0038D50BFF74E3CBFE981D8BFDB5FD9BFCE47AEBFC1ED91BFB41F
:205770000F91BFAA7660BF9FC84BBF97902EBF904E3CBF8943FEBF82C361BF736F69BF60C5
:20578000A512BF4D923ABF3B91D1BF2C9DB2BF1F88CEBF1205BCBF026113BEE36E2FBEC32A
:205790006595BEA84396BE8BBB99BE5614E4BE1D1412BDBF21FFBCFD00000000F1AABD5217
:2057A00012D7BDF2E148BE3A2E49BE7FAC08BE9CAC08BEBC00D2BEDE8A09BEFF2824BF0E69
:2057B000367ABF1B089ABF2BAC71BF3BFA44BF4D205CBF61FEC5BF72C49CBF80F62BBF87CC
:2057C0005F70BF8FA9FCBF99703BBFA64A23BFB3FC50BFC0F007BFCEA512BFDDEA4BBFEC3E
:2057D000D2F2BFFDBCD3C007F55AC0116388C01D6388C01D6388C01D6388C01DD639C01DB7
:2057E000D639C01DD639C01D573FC013BC02C0094952C0017EFABFF298C8BFE366CFBFD591
:2057F000C505BFC7C711BFBA45A2BFAEA9FCBFA1B22DBF95F213BF892681BF828EF3BF7384
:20580000346EBF6070A4BF4D020CBF3B5D64BF2C6FD2BF1F5AEEBF128FC5BF01126FBEE385
:205810002CA5BEC3240BBEA80F28BE8BB574BE55779ABE1CA512BDBDDB23BCF90000000006
:20582000FDF4BD5481D8BDF3CD36BE3B2752BE80ED91BE9C6388BEBD9100BEDE13A9BF00C4
:205830004F76BF0E645ABF1B3D08BF2BE0DFBF3B2EB2BF4E5B57BF6139C1BF730831BF84DF
:20584000CE70BF9094AFBF9DEE63BFAAA3D7BFB80D84BFC71B09BFD6E69BBFE59A6BBFF7C1
:205850001D15C005E76DC00FD845C01CD845C01CD845C01CD845C01CD845C01CD845C01C48
:205860009097C01B9097C01B9097C01B9097C01B9097C01BD3C3C00F161EC00688CEBFFAB0
:205870002681BFEAE48FBFDA91D1BFCC872BBFBE7C1CBFB191D1BFA4F972BF97B2FFBF8B17
:205880007CEEBF7F6C22BF68D845BF50CD9FBF3A2F83BF2C41F2BF1FEB85BF116873BF0191
:205890004DD3BEE27525BEC2E282BEA77EFABE8A4C98BE558BACBE1B6A7FBDBCC28FBCF52A
:2058A00000000000A162BD562546BDF53611BE3C68DCBE802F1BBE9D1B09BEBE212DBEDFC2
:2058B0004189BF007D56BF0E923ABF1BC6A8BF2B62B7BF3FCED9BF57C49CBF700B0FBF85F0
:2058C0001965BF929097BF9F8ADBBFADC01ABFBBFEC5BFCA295FBFDBEA4BBFEC2DE0C00034
:2058D0006AE8C00B8C7EC0198C7EC0198C7EC0198C7EC0198C7EC0198C7EC0198C7EC01966
:2058E0008C7EC0192B6BC0262B6BC0262B6BC0262B6BC0262B6BC0262B6BC0267D56C01634
:2058F0008F5CC00A89A0C00010CBBFEFC8B4BFDE2474BFCFC49CBFC0CD9FBFB28ADBBFA5AD
:205900005879BF98C6A8BF8B4880BF7F9AD4BF662E49BF4FA0F9BF37C49CBF20BDA5BF1189
:2059100026E9BF01FF2EBEE12681BEC2A0F9BEA70903BE8A4674BE54089ABE1B2FECBDBB89
:205920007BB3BCF200000000ADACBD58C28FBDF521FFBE3DF909BE80CC64BE9D69ADBEBEA2
:20593000E5C9BEDFB0F2BF00A4A9BF0EEB1CBF22C6A8BF3B7454BF54425BBF6E3611BF8412
:20594000B3D0BF9193DEBF9F00D2BFAE5326BFBD70A4BFCDE632BFDE2681BFF24817C004A1
:205950002B6BC012CED9C027CED9C027CED9C027CED9C027CED9C027CED9C027CED9C027ED
:20596000CED9C027CED9C027C77AC01DC77AC01DC77AC01DC77AC01DC77AC01DC77AC01D57
:20597000C77AC01DC77AC01D6B51C00E34D7C00340B8BFF289A0BFE03E42BFD01687BFC1E6
:205980009931BFB28E8ABFA4381DBF975461BF8A22D1BF7B8F5CBF6236E3BF4A40B8BF3264
:205990003D71BF1AD0E5BF023A93BEE16F00BEC16C8BBEA7AD43BE89DD98BE536B51BE1AF3
:2059A000C711BDBAD845BCF000000000511ABD5A3190BDF70DEDBE3E2D77BE810DEDBE9EA9
:2059B000212DBEBF2752BEE03A2ABF02089ABF1B816FBF346320BF4E9A02BF68999ABF81AB
:2059C0006C8BBF8FFA44BF9DF0D8BFACF766BFBC3F14BFCEA090BFE0CFABBFF57CEEC007CF
:2059D000425BC01A425BC01A425BC01A425BC01A425BC01A425BC01A425BC01A425BC01AFF
:2059E000425BC01A425BC01A425BC01A3261C0293261C0293261C0293261C0293261C029D6
:2059F0003261C0293261C0293261C0293261C0294C30C012A57AC004EDFABFF3C155BFE028
:205A000086C2BFCFAE14BFBFD1B7BFB08F5CBFA29518BF944539BF870481BF75645ABF5BD8
:205A10009C78BF42AD43BF29758EBF11CA58BEF28937BEC12B02BEA71D15BE89F1AABE52EF
:205A2000999ABE198C7EBDB96320BCEE000000005D64BD5CA090BDF85C92BE3EBDA5BE8165
:205A3000AB36BE9E62B7BEBF013BBEEDAA65BF109FBEBF2AF766BF44EC57BF5FB98CBF7B38
:205A40000831BF8CCA58BF9A71DEBFAACD9FBFBAC986BFCC5F07BFE05F70BFF78588C00A6F
:205A50008588C00A8588C00A8588C00A8588C00A8588C00A8588C00A8588C00A8588C00A7E
:205A60008588C00A8588C00A8588C00A8588C00ACB92C00FCB92C00FCB92C00FCB92C00F1A
:205A7000CB92C00FCB92C00FCB92C00FCB92C00FCB92C00FCB92C00FCB92C00FCB92C00FB6
:205A80009375C0001FF3BFEACF42BFD666CFBFC5ED91BFB466CFBFA50A3DBF97ADACBF885D
:205A9000FD8BBF75923ABF5B4E3CBF418D50BF272196BF0EDB8CBEE89446BEB66595BE88E8
:205AA000B717BE519375BE18E910BDB7EDFABCEB000000003B64BD5F786CBDFA7CEEBE3F73
:205AB000680ABE820FF9BEA9B15BBEDF5DCCBF0BB50BBF26D773BF421AA0BF5F710DBF7C98
:205AC000288DBF8D182BBF9D17C2BFAE1D7EBFC060AABFD43958BFECBF48C005BF48C00555
:205AD000BF48C005BF48C005BF48C005BF48C005BF48C005BF48C005BF48C005BF48C00556
:205AE000BF48C005BF48C005BF48C005BF48C005BF48C005BFB1C018BFB1C018BFB1C018D2
:205AF000BFB1C018BFB1C018BFB1C018BFB1C018BFB1C018BFB1C018BFB1C018BFB1C01856
:205B0000BFB1C018BFB1C01893DEC00304EABFECDFA4BFD632CABFC4F838BFB2126FBFA30D
:205B1000A5E3BF933F7DBF852824BF6E8241BF52E282BF371B71BF1D95EABF02F27CBED050
:205B20003DD9BE99CB29BE50C1BEBE177A10BDB64A8CBCEA0000000047AEBD611BDABDFC68
:205B30008312BE40D567BE878866BEC3B2FFBEFB0F28BF1B7319BF37FDF4BF5439C1BF73A5
:205B4000374CBF898FC5BF992FECBFAB594BBFBE56D6BFD47382BFEE6E2FC00B6E2FC00BF7
:205B50006E2FC00B6E2FC00B6E2FC00B6E2FC00B6E2FC00B6E2FC00B6E2FC00B6E2FC00BF5
:205B60006E2FC00B6E2FC00B6E2FC00B6E2FC00B6E2FC00B6E2FC00B0D1BC0040D1BC004DD
:205B70000D1BC0040D1BC0040D1BC0040D1BC0040D1BC0040D1BC0040D1BC0040D1BC004B5
:205B80000D1BC0040D1BC0040D1BC0040D1BC0040D1BC0044A23BFEB63F1BFD4A3D7BFC072
:205B900010CBBFAF9AD4BF9EFD22BF8E068EBF802CA5BF63E2EBBF463D08BF2BAACEBF0F68
:205BA0002A30BEE996BCBEB06944BE6F58E2BE173F7DBDB5A71EBCE80000000025AFBD64AF
:205BB000BF48BDFD7525BE424F76BE9E432DBEDC573FBF0B78D5BF29C1BEBF47BB99BF66BC
:205BC0006113BF8360AABF945604BFA65E35BFBA3DD9BFD18ADBBFED3958C0143958C01466
:205BD0003958C0143958C0143958C0143958C0143958C0143958C0143958C0143958C0148D
:205BE0003958C0143958C0143958C0143958C0143958C0143958C0143958C014C505C00355
:205BF000C505C003C505C003C505C003C505C003C505C003C505C003C505C003C505C0032D
:205C0000C505C003C505C003C505C003C505C003C505C003C505C003C505C0036FD2BFE7C2
:205C1000DBF5BFCF81D8BFBB7F63BFA99375BF98DED3BF888241BF723261BF55C155BF38FA
:205C20005D64BF1CD8AEBEFF3F14BEC650B1BE8B652CBE19D07DBDB303B0BCE700000000E9
:205C300003B0BD679724BDFF0FF9BE69C361BEB3A305BEF21062BF1886C2BF373190BF578C
:205C40000347BF783C36BF8DB7E9BF9F0B78BFB481D8BFCBE8A7BFE8E8A7BFE8E8A7BFE88C
:205C5000E8A7BFE8E8A7BFE8E8A7BFE8E8A7BFE8E8A7BFE8E8A7BFE8E8A7BFE8E8A7BFE884
:205C6000E8A7BFE8E8A7BFE8E8A7BFE8E8A7BFE8E8A7BFE8E8A7BFE8E8A7BFE8E8A7BFE874
:205C7000A234C000A234C000A234C000A234C000A234C000A234C000A234C000A234C00064
:205C8000A234C000A234C000A234C000A234C000A234C000A234C000A234C000A234C00054
:205C9000A234C0003405BFE11340BFC97AE1BFB4EECCBFA10FF9BF911340BF81404FBF6326
:205CA00038EFBF454B5EBF28C711BF0A089ABEDB1B09BE9E21FFBE3D617CBDB2BCD3BCE338
:205CB00000000000A71EBD684EA5BE0079A7BE87D567BEC74D01BF048E8ABF242BD4BF4504
:205CC000A7F0BF6607C8BF854539BF97D70ABFABEB1CBFC23DD9BFE13DD9BFE13DD9BFE12C
:205CD0003DD9BFE13DD9BFE13DD9BFE13DD9BFE13DD9BFE13DD9BFE13DD9BFE13DD9BFE104
:205CE0003DD9BFE13DD9BFE13DD9BFE13DD9BFE13DD9BFE13DD9BFE13DD9BFE13DD9BFE1F4
:205CF0003DD9BFE1AA65BFF8AA65BFF8AA65BFF8AA65BFF8AA65BFF8AA65BFF8AA65BFF874
:205D0000AA65BFF8AA65BFF8AA65BFF8AA65BFF8AA65BFF8AA65BFF8AA65BFF8AA65BFF853
:205D1000AA65BFF8AA65BFF8AA65BFF8FCB9BFD76595BFC0F488BFAB7F63BF998CE7BF8883
:205D20004817BF7047AEBF5139C1BF330B0FBF158A72BEEE3AFBBEB08A09BE5F95EABDB20D
:205D300075F7BCE0000000001C43BD6BFF2EBE21BAC7BE988BACBEDBF34DBF0E8312BF3080
:205D40005AEEBF521134BF768794BF8DFBE7BFA1F5C3BFB82B6BBFD62B6BBFD62B6BBFD617
:205D50002B6BBFD62B6BBFD62B6BBFD62B6BBFD62B6BBFD62B6BBFD62B6BBFD62B6BBFD6DB
:205D60002B6BBFD62B6BBFD62B6BBFD62B6BBFD62B6BBFD62B6BBFD62B6BBFD62B6BBFD6CB
:205D70002B6BBFD62B6BBFD646DCBFEB46DCBFEB46DCBFEB46DCBFEB46DCBFEB46DCBFEBF5
:205D800046DCBFEB46DCBFEB46DCBFEB46DCBFEB46DCBFEB46DCBFEB46DCBFEB46DCBFEBA3
:205D900046DCBFEB46DCBFEB46DCBFEB46DCBFEB46DCBFEB2BD4BFCD809DBFB63055BFA2F4
:205DA000D220BF8F6A16BF7D21FFBF5D8ADBBF3D9100BF1E2752BF002D77BEC19D49BE805D
:205DB000A3D7BDF05D64BCDC000000009168BD6DA993BE426BBABEA9CBFBBEEE7247BF1965
:205DC0003611BF3C6FD2BF5F6E98BF82B50BBF9621FFBFAD8312BFC8F694BFF6F694BFF6A0
:205DD000F694BFF6F694BFF6F694BFF6F694BFF6F694BFF6F694BFF6F694BFF6F694BFF6BB
:205DE000F694BFF6F694BFF6F694BFF6F694BFF6F694BFF6F694BFF6F694BFF6F694BFF6AB
:205DF000F694BFF6F694BFF6F694BFF6CE07C009CE07C009CE07C009CE07C009CE07C009C0
:205E0000CE07C009CE07C009CE07C009CE07C009CE07C009CE07C009CE07C009CE07C00992
:205E1000CE07C009CE07C009CE07C009CE07C009CE07C009CE07C00949BABFDC096CBFC12B
:205E2000ACDABFAA41F2BF973261BF8537B5BF68DBF5BF47EF9EBF279A02BF085B57BED113
:205E30006F69BE90872BBE161687BCD9000000002A99BD988241BE62F55ABEB9624EBF0044
:205E4000AFB8BF234BC7BF47ED91BF6C339CBF8A2A99BFA0758EBFB9AEE6BFDDAEE6BFDD23
:205E5000AEE6BFDDAEE6BFDDAEE6BFDDAEE6BFDDAEE6BFDDAEE6BFDDAEE6BFDDAEE6BFDDB2
:205E6000AEE6BFDDAEE6BFDDAEE6BFDDAEE6BFDDAEE6BFDDAEE6BFDDAEE6BFDDAEE6BFDDA2
:205E7000AEE6BFDDAEE6BFDDAEE6BFDDAEE6BFDD5E35BFFA5E35BFFA5E35BFFA5E35BFFA22
:205E80005E35BFFA5E35BFFA5E35BFFA5E35BFFA5E35BFFA5E35BFFA5E35BFFA5E35BFFAA2
:205E90005E35BFFA5E35BFFA5E35BFFA5E35BFFA5E35BFFA5E35BFFA5E35BFFA5E35BFFA92
:205EA000C7E3BFD000D2BFB6902EBFA0F766BF8C7382BF762C3DBF540BE1BF33A305BF12A0
:205EB0009BA6BEE4C3CABEA2C711BE3AC433BD31000000005A1DBDE45A1DBE84FA44BECDB3
:205EC00050B1BF0BCB92BF2F460BBF55566DBF7D28F6BF94DD2FBFAC4952BFCD4952BFCD12
:205ED0004952BFCD4952BFCD4952BFCD4952BFCD4952BFCD4952BFCD4952BFCD4952BFCD7A
:205EE0004952BFCD4952BFCD4952BFCD4952BFCD4952BFCD4952BFCD4952BFCD4952BFCD6A
:205EF0004952BFCD4952BFCD4952BFCD4952BFCD4952BFCDCCCDBFE4CCCDBFE4CCCDBFE41B
:205F0000CCCDBFE4CCCDBFE4CCCDBFE4CCCDBFE4CCCDBFE4CCCDBFE4CCCDBFE4CCCDBFE4A1
:205F1000CCCDBFE4CCCDBFE4CCCDBFE4CCCDBFE4CCCDBFE4CCCDBFE4CCCDBFE4CCCDBFE491
:205F2000CCCDBFE4CCCDBFE4A305BFC2233ABFAAF0D8BF94B3D0BF813AFBBF608ADBBF3D67
:205F30002268BF1CA162BEF69C0FBEB3B22DBE5DCD9FBDAA00000000BB99BE164BC7BE97BD
:205F4000BDA5BEE10419BF16EDFABF3B8EF3BF63D5D0BF86BEE0BF9E6E2FBFBB6E2FBFBBB7
:205F50006E2FBFBB6E2FBFBB6E2FBFBB6E2FBFBB6E2FBFBB6E2FBFBB6E2FBFBB6E2FBFBB79
:205F60006E2FBFBB6E2FBFBB6E2FBFBB6E2FBFBB6E2FBFBB6E2FBFBB6E2FBFBB6E2FBFBB69
:205F70006E2FBFBB6E2FBFBB6E2FBFBB6E2FBFBB6E2FBFBB6E2FBFBB2DE0BFD82DE0BFD83F
:205F80002DE0BFD82DE0BFD82DE0BFD82DE0BFD82DE0BFD82DE0BFD82DE0BFD82DE0BFD8E1
:205F90002DE0BFD82DE0BFD82DE0BFD82DE0BFD82DE0BFD82DE0BFD82DE0BFD82DE0BFD8D1
:205FA0002DE0BFD82DE0BFD82DE0BFD82DE0BFD8F972BFB716F0BFA0EB1CBF8A0D1BBF7064
:205FB000154DBF4C5E9EBF29F694BF06161EBECA94AFBE856BBABE09000000005183BE4928
:205FC00027BBBEAF8BACBEFB6738BF24E76DBF4B6666BF76EE63BF928A09BFAF3B64BFDFC1
:205FD0003B64BFDF3B64BFDF3B64BFDF3B64BFDF3B64BFDF3B64BFDF3B64BFDF3B64BFDFC9
:205FE0003B64BFDF3B64BFDF3B64BFDF3B64BFDF3B64BFDF3B64BFDF3B64BFDF3B64BFDFB9
:205FF0003B64BFDF3B64BFDF3B64BFDF3B64BFDF3B64BFDF3B64BFDF3B64BFDF25AFBFC48F
:2060000025AFBFC425AFBFC425AFBFC425AFBFC425AFBFC425AFBFC425AFBFC425AFBFC4C8
:2060100025AFBFC425AFBFC425AFBFC425AFBFC425AFBFC425AFBFC425AFBFC425AFBFC4B8
:2060200025AFBFC425AFBFC425AFBFC425AFBFC425AFBFC425AFBFC40D1BBFA84AF5BF9138
:20603000ACDABF7A38EFBF551FF3BF3234D7BF0F23A3BED9E3BDBE94B98CBE2B00000000FD
:206040003C9FBE6CF2E5BEBF9446BF062824BF2ECED9BF574A8CBF82FB16BF9BED29BFBD3E
:20605000ED29BFBDED29BFBDED29BFBDED29BFBDED29BFBDED29BFBDED29BFBDED29BFBDA0
:20606000ED29BFBDED29BFBDED29BFBDED29BFBDED29BFBDED29BFBDED29BFBDED29BFBD90
:20607000ED29BFBDED29BFBDED29BFBDED29BFBDED29BFBDED29BFBDED29BFBDED29BFBD80
:20608000233ABFE2C711BFDAD0E5BFD2FB7FBFCA8BACBFC332CABFBC14E4BFB51134BFAEFA
:20609000B3D0BFA983E4BFA6BD3CBFA2BB99BF9EC0ECBF997525BF9222D1BF8BF488BF8344
:2060A000A027BF796944BF6FE9E2BF655DCCBF5B6FD2BF4F19CEBF419653BF3146DCBF23C1
:2060B000FD8BBF15E8A7BF086DC6BEF49C0FBED3C986BEB426E9BE910BE1BE53E4F7BDE168
:2060C000000000000D843E0F22683E6C01A33E9C1B093EBE779A3EDC2F1B3EFDCCCD3F0C7C
:2060D000DB233F19E2EB3F2645A23F36F06F3F45F1AA3F52703B3F5EA71E3F68D7DC3F71A6
:2060E00028243F7E353F3F867A783F8DCCCD3F945DCC3F9BEF9E3F9FD3C33FA386C23FA720
:2060F0006B513FAA5BC03FB062B73FB79AD43FBEFA443FC591683FCD6D5D3FD587943FDD0B
:2061000002753FE20275BFE2BDA5BFD9DE6ABFD112D7BFCAB6AEBFC267A1BFBB5D64BFB4F0
:206110006042BFAD4745BFAA2474BFA750B1BFA33B64BF9F26E9BF99E83EBF919FBEBF8A8B
:206120007E91BF83374CBF793AFBBF70A162BF66F488BF5BB15BBF4F8312BF40205CBF3117
:20613000DD98BF239446BF1678D5BF097AE1BEF40B0FBED552BDBEB60BE1BE93DBF5BE57D5
:20614000068EBDF000000000B4393E0886C23E6792A33E9A91D13EBC28F63EDCA5E33EFB7C
:2061500036113F0C44673F193EAB3F27C2273F36FD8B3F4554613F52CC643F5DE9103F6730
:20616000FF973F700D843F7FB1C43F8604193F8E60423F95295F3F9B65FE3F9F39C13FA372
:20617000D9173FA605BC3FAA0FF93FB120C53FB869443FBFD2893FC6809D3FCE69AD3FD65C
:20618000978D3FDEA0273FE1ADACBFE0793EBFD8A71EBFD0F27CBFC8A027BFC157A8BFBA89
:206190005DCCBFB3C2F8BFAC7525BFAA1DE7BFA7404FBFA31759BF9F37B5BF98FF97BF90DB
:2061A000BA5EBF89A993BF82DB8CBF78D220BF6F1134BF664396BF5B69ADBF4EF34DBF3E87
:2061B000B15BBF2F18FCBF230AA6BF16CE70BF08D14EBEF1DD98BED3E3BDBEB48FC5BE91CC
:2061C0004674BE5409D5BDE800000000B2963E0CCD9F3E6A01A33E9CE69B3EBD91003EDE23
:2061D00014E43EFDCCCD3F0CD4953F19B4393F283E423F38A1623F46F1AA3F5263203F5EB8
:2061E00058793F68339C3F725F073F808D503F87F0073F8E4F763F964D6A3F9B76603F9F3C
:2061F00043963FA3CF423FA6FB7F3FAA0F913FB226E93FB983123FC0F2E53FC7B7E93FCFC4
:20620000A7873FD7EC573FDF758E3FE15BC0BFE02DE0BFD85F07BFD0ADACBFC85E9EBFC107
:20621000161EBFBA22D1BFB3E3BDBFAC6E98BFAA3190BFA750B1BFA3DC5DBF9E0000BF986B
:20622000C7E3BF9082AABF897525BF82E219BF78D220BF6F0419BF66367ABF5B075FBF4E45
:206230009100BF3E559BBF2FFEC5BF22E9E2BF15A71EBF0826E9BEF18EF3BED37AE1BEB476
:206240003405BE9174BCBE53FD8BBDE500000000B8BB3E0DB98C3E6B5D643E9C425B3EBE6B
:206250002E493EDF7DBF3EFDF41F3F0CF55A3F190FF93F299A023F38C8B43F4653F83F53BD
:2062600069AD3F5E58793F689C783F72902E3F80C1BE3F8727BB3F8F8A723F96404F3F9B82
:2062700065FE3F9F2CA53FA3B1C43FA6367A3FAB4DD33FB2652C3FB9C7E33FC037B53FC8F0
:20628000BC6A3FCC73EB3FCD21FF3FCD21FF3FCD9E84BFDD1D7EBFD84EA5BFD0A090BFC8E2
:206290005183BFC10C4ABFBA15B5BFB3D6A1BFAC64C3BFAA2474BFA74396BFA30A3DBF9F3F
:2062A000F2E5BF97BAC7BF9078D5BF896B51BF82CE70BF78BE77BF6FF06FBF6522D1BF5BE7
:2062B000F3B6BF4D83E4BF3E4880BF2FEB1CBF22D639BF159375BF08FF97BEF074BCBED360
:2062C00060AABEB426E9BE91404FBE5394AFBDE500000000ED293E0DEDFA3E6B84B63E9C5A
:2062D0005C923EBE559B3EDF8ADB3EFD013B3F0D09033F1A23A33F29ADAC3F38DC5D3F466E
:2062E00067A13F537D563F5E6C223F68B0213F729D493F80CB923F8734D73F8F978D3F9643
:2062F0004D6A3F9B6FD23F9F39C13FA3BEE03FA643963FAB5AEE3FB272473FB95F703FBF05
:20630000EBEE3FC0A36E3FC1E8A73FC047453FC247453FC25B57BFD1346EBFD09E1BBFCE33
:206310009375BFC84467BFC1FF2EBFB9089ABFB3CCCDBFACB021BFAA1759BFA739C1BFA38A
:206320000A3DBF9FE910BF97B0F2BF906F00BF89617CBF82BAC7BF78AACEBF6FDCC6BF657F
:206330000F28BF5BE00DBF4D703BBF3E62B7BF2F126FBF23C28FBF158659BF08E560BEF033
:206340004D6ABED33958BEB419CEBE912618BE532BD4BDE500000000075F3E0EEDFA3E6B8A
:206350009EED3E9C83E43EBE6FD23EDFA5123EFDFAAD3F0C1CAC3F1A30BE3F29C1553F381F
:20636000E9793F4626183F5391003F5E6C223F68C3CA3F72A71E3F80D5673F873EAB3F8F88
:20637000A1623F965A863F9B7CEE3F9F43963FA3C8B43FA64D6A3FAB680A3FB2FDF43FB42F
:206380009E1B3FB6C56D3FB627523FB8DED33FB83AFB3FB83AFB3FB80E56BFB50E56BFB508
:20639000F488BFB31965BFB29375BFB02B02BFAF5CFBBFADB9F5BFAA3405BFA9F694BFA694
:2063A00015B5BFA3E979BF9EC84BBF97902EBF904E3CBF8943FEBF82EF35BF78D220BF6FAD
:2063B000FD8BBF65D42CBF5AA512BF4D353FBF3E41F2BF2FDE01BF22C91DBF157FCCBF0827
:2063C00089A0BEF0404FBED31206BEB4D845BE9088CEBE5225AFBDE400000000A4A93E0E5D
:2063D0008B443E6CC63F3E9C9E1B3EBECB923EDF00D23EFE14E43F0D36E33F1A652C3F2969
:2063E000F5C33F38DC5D3F4661133F53703B3F5E51EC3F68FEC53F72C49C3F80F62B3F8704
:2063F0005F703F8FE0DF3F93DCC63F95837B3F9782AA3F995DCC3F9B5A1D3F9C6CF43F9E7F
:20640000D8AE3F9F8CE73FA0C4333FA1786C3FA2786C3FA2786C3FA2786C3FA21D15BFA149
:206410001D15BFA11D15BFA10000BFA06666BF9E35A8BF9DAFB8BF9B82AABF991759BF977C
:2064200070A4BF95F838BF922DE0BF90075FBF8E98C8BF8B8312BF882681BF82B439BF78D2
:206430009724BF6FC28FBF65F4F1BF5A6A16BF4D00D2BF3E1412BF2FE48FBF2294AFBF1516
:2064400051ECBF0820C5BEF0E48FBED2EAB3BEB3A3D7BE901FF3BE52EB1CBDE20000000004
:2064500027BB3E0FF41F3E6CED913E9CB8523EBE1A373EE01B093EFE288D3F0D4A8C3F1AE3
:20646000999A3F2930BE3F3917593F479C0F3F53AB363F5E8CE73F6839C13F73432D3F7C79
:206470001D7E3F805E353F8295183F84A4A93F864B5E3F8882413F8A56D63F8C3C363F8DAB
:2064800058E23F8F20C53F9048173F9048173F9048173F9048173F9048173F9048173F902C
:20649000C505BF8FC505BF8FC505BF8FC505BF8FC505BF8F0D1BBF90978DBF8E985FBF8C4A
:2064A000786CBF8AC7E3BF885FD9BF86EDFABF836BBABF816320BF7EC7E3BF78BCD3BF7351
:2064B0003BCDBF6E9A6BBF675461BF62B9F5BF5A35A8BF4DCC64BF3D212DBF2FB021BF22CC
:2064C0009B3DBF154B5EBF08C505BEEFCA58BED29C0FBEB37C85BE90B717BE51B08ABDE157
:2064D00000000000AACE3E0F5CFB3E6D3C363E9D14123EBF75F73EE028243EFE42C43F0D11
:2064E000786C3F1ACE073F29652C3F39FD223F46DED33F504C303F56DA513F5B96BC3F606E
:2064F000F06F3F656B513F6A8A723F6ED70A3F73CED93F77089A3F7B212D3F7FEF353F8040
:206500006F003F815AEE3F825AEE3F825AEE3F825AEE3F825AEE3F825AEE3F825AEE3F820D
:206510005AEE3F82EB1CBF82EB1CBF82EB1CBF82EB1CBF82EB1CBF82EB1CBF827E91BF8361
:20652000D14EBF81BAC7BF80353FBF7EAD43BF79FDF4BF74EBEEBF70CD36BF6B1E4FBF6678
:20653000758EBF61FB16BF5B73EBBF55624EBF5078D5BF498866BF433C9FBF3CECC0BF2E18
:2065400095EABF226D5DBF151D7EBF086944BEEFA305BED274BCBEB33AFBBE904E3CBE518C
:20655000AA65BDE0000000002DE03E10FA443E6D63883E9D2E493EBF83123EE083E43EFEAB
:206560003C363F0D71DE3F1A02753F2AA92A3F33D4953F39F9723F3F59B43F45E7D53F4AF0
:20657000DF3B3F4FDD2F3F544A8C3F5A28243F5ED0E53F6217593F671CAC3F6AB2963F6C9C
:20658000978D3F6EC0EC3F69C0EC3F69C0EC3F69C0EC3F69C0EC3F69C0EC3F69C0EC3F69DE
:20659000C0EC3F69C0EC3F69BE77BF6FBE77BF6FBE77BF6FBE77BF6FBE77BF6FBE77BF6FF1
:2065A000BE77BF6FBE77BF6FA3D7BF70FAADBF6C36E3BF6AC8B4BF661FF3BF62288DBF5DB3
:2065B00051ECBF584D6ABF538ADBBF4D86C2BF471965BF426AE8BF3B73EBBF359100BF2E54
:2065C00037B5BF28F909BF206D5DBF1516F0BF080D84BEEF617CBED22618BEB3068EBE9060
:2065D000B0F2BE506FD2BDDF00000000CB293E1063203E6E7DBF3E9D7CEE3EBFDED33EE060
:2065E00083E43EFE6A163F0D8C7E3F19902E3F208DB93F268B443F2C7BB33F3237B53F38C6
:2065F000D97F3F3D1F8A3F43B4A23F4714E43F4D47AE3F515A1D3F54CED93F57D42C3F5AC7
:206600004AF53F594AF53F594AF53F594AF53F594AF53F594AF53F594AF53F594AF53F59C2
:206610004AF53F594AF53F594AF53F594AF5BF594AF5BF594AF5BF594AF5BF594AF5BF5932
:206620004AF5BF594AF5BF594AF5BF594AF5BF5921FFBF5DD9E8BF5C374CBF5973EBBF55D9
:20663000A9FCBF51B296BF4C4539BF47D14EBF41985FBF3C7A10BF3613A9BF3029C7BF2AAA
:206640004D6ABF231B71BF1D1E4FBF16A4A9BF0ECED9BF07BEE0BEEE5461BED20BE1BEB384
:20665000DF3BBE8F4817BE50353FBDDE0000000034053E11CBFB3E6ECC643E9D97243EBF8A
:20666000EBEE3EE0DFA43EFECE703F082E493F0FE3543F151BDA3F1C19653F22E2823F2796
:20667000A5123F2DBD3C3F3251EC3F388ADB3F3D9CE03F41E9E23F45E2193F48AD433F49A3
:20668000AD433F49AD433F49AD433F49AD433F49AD433F49AD433F49AD433F49AD433F493A
:20669000AD433F49AD433F49AD433F49AD433F49D07DBF43D07DBF43D07DBF43D07DBF43CE
:2066A000D07DBF43D07DBF43D07DBF43D07DBF43D07DBF43D07DBF43D07DBF43D07DBF4362
:2066B0005A86BF43902EBF40985FBF3C4539BF37D773BF32AB9FBF2D7319BF27A9FCBF215D
:2066C0007E91BF1B38EFBF1583E4BF0E2A99BF08DED3BF0087FDBEF4E426BEE305BCBED276
:2066D000B021BEB2837BBE8F7660BE4F28F6BDDC000000001FF33E129DB23E6F1B093E9E26
:2066E000E5C93EBF6B513EDA44673EE994463EF640B83F02E9103F07B1C43F0E18933F1403
:2066F00092A33F1A13A93F2095183F2443FE3F2A353F3F2E96533F31FEC53F32FEC53F3285
:20670000FEC53F32FEC53F32FEC53F32FEC53F32FEC53F32FEC53F32FEC53F32FEC53F32D9
:20671000FEC53F32FEC53F32FEC53F32FEC53F32FEC53F3282AABF3182AABF3182AABF3111
:2067200082AABF3182AABF3182AABF3182AABF3182AABF3182AABF3182AABF3182AABF3179
:2067300082AABF3182AABF312CA5BF337C85BF309E84BF2DFC50BF28D70ABF235C92BF1E8F
:20674000DB8CBF188241BF1249BABF0C1E4FBF06AB36BEFE19CEBEF1D70ABEE3DD98BED3AC
:2067500010CBBEC7617CBEB241F2BE8FF34DBE4EB9F5BDDA00000000BD3C3E1220C53E708F
:206760005C923E9EED913EBCC77A3EC94AF53ED97A783EE5C3613EF3F2E53EFF45A23F068F
:20677000710D3F0C68733F1103B03F1722683F1C7C853F2046DC3F2318FC3F2318FC3F2357
:2067800018FC3F2318FC3F2318FC3F2318FC3F2318FC3F2318FC3F2318FC3F2318FC3F2349
:2067900018FC3F2318FC3F2318FC3F2318FC3F2318FC3F2318FC3F238794BF258794BF2527
:2067A0008794BF258794BF258794BF258794BF258794BF258794BF258794BF258794BF25E1
:2067B0008794BF258794BF258794BF258794BF258794BF25DD98BF23AACEBF1FA5E3BF1BBF
:2067C000C8B4BF163A93BF117803BF0B4C98BF05E69BBEFDE560BEF08866BEE32B6BBED6F6
:2067D0002B02BEC77247BEB91D15BEA9E632BE8E5604BE4E1687BDD90000000074BC3E13B0
:2067E000BE0E3E70425B3E9ED2203EAF28F63EBCFB163ECBC7E33ED8BC023EE54D6A3EF30C
:2067F0002E493EFF60423F05295F3F0BD2203F0FC3613F13A0F93F1705533F1305533F1324
:2068000005533F1305533F1305533F1305533F1305533F1305533F1305533F1305533F1328
:2068100005533F1305533F1305533F1305533F1305533F1305533F1305533F1323A3BF1924
:2068200023A3BF1923A3BF1923A3BF1923A3BF1923A3BF1923A3BF1923A3BF1923A3BF1968
:2068300023A3BF1923A3BF1923A3BF1923A3BF1923A3BF1923A3BF1923A3BF193127BF18C7
:206840000B78BF14F2E5BF0F089ABF0B5326BF051B09BEFEE48FBEF21EB8BEE5E910BED78A
:206850004A8CBECA9EEDBEBC2EB2BEAE9100BE9EE00DBE8DB8BBBE4D7319BDD700000000B6
:20686000F7CF3E1341203E7181D83E93B5DD3EA43A2A3EB2F9093EC0FA443ECD4A233EDB30
:206870006C8B3EE77AE13EF48A093EFF7AE13F04FC503F08A57A3F0CA57A3F0CA57A3F0C20
:20688000A57A3F0CA57A3F0CA57A3F0CA57A3F0CA57A3F0CA57A3F0CA57A3F0CA57A3F0CA8
:20689000A57A3F0CA57A3F0CA57A3F0CA57A3F0CA57A3F0CA57A3F0CA57A3F0CA57A3F0C98
:2068A000B1C4BF0EB1C4BF0EB1C4BF0EB1C4BF0EB1C4BF0EB1C4BF0EB1C4BF0EB1C4BF0EC8
:2068B000B1C4BF0EB1C4BF0EB1C4BF0EB1C4BF0EB1C4BF0EB1C4BF0EB1C4BF0EB1C4BF0EB8
:2068C000B1C4BF0E00D2BF0EAD43BF09D014BF043AFBBF00182BBEF509D5BEE8B2FFBEDBC0
:2068D0001AA0BECF0000BEC08EF3BEB3816FBEA48106BE959BA6BE8435A8BE4D0419BDD6AA
:2068E00000000000AF4F3E14F8A13E71E1B13E898BAC3E9BE1B13EA931903EB77A783EC573
:2068F0003A2A3ED291003EDEB3683EEABC6A3EF4D2893EFE82413F0282413F0282413F0229
:2069000082413F0282413F0282413F0282413F0282413F0282413F0282413F0282413F0257
:2069100082413F0282413F0282413F0282413F0282413F0282413F0282413F0282413F0247
:2069200082413F02460BBF05460BBF05460BBF05460BBF05460BBF05460BBF05460BBF05C0
:20693000460BBF05460BBF05460BBF05460BBF05460BBF05460BBF05460BBF05460BBF059F
:20694000460BBF05460BBF05460BBF051206BF040000BF0045A2BEF6AC71BEEB0000BEE05F
:20695000F7CFBED3C227BEC6FC50BEB86AE8BEAB5048BE9CB8BBBE8D23A3BE7963F1BE4CDB
:206960009518BDD4000000004C983E1519653E6275253E828EF33E93680A3EA2068E3EB004
:20697000F3B63EBDDABA3ECA0A3D3ED7A36E3EE1154D3EEC6E983EF26E983EF26E983EF20D
:206980006E983EF26E983EF26E983EF26E983EF26E983EF26E983EF26E983EF26E983EF247
:206990006E983EF26E983EF26E983EF26E983EF26E983EF26E983EF26E983EF26E983EF237
:2069A0006E983EF26E983EF26B51BEFA6B51BEFA6B51BEFA6B51BEFA6B51BEFA6B51BEFAB3
:2069B0006B51BEFA6B51BEFA6B51BEFA6B51BEFA6B51BEFA6B51BEFA6B51BEFA6B51BEFA27
:2069C0006B51BEFA6B51BEFA6B51BEFA6B51BEFA6B51BEFA3886BEF6147BBEEE2CA5BEE354
:2069D00037B5BED8CCCDBECC62B7BEBF617CBEB2119DBEA5C28FBE9503B0BE879931BE6A80
:2069E0001412BE3F5A86BDD300000000E9E23E157AE13E54EF353E78A57A3E8C5D643E9C9B
:2069F000FBE73EA94BC73EB7FE5D3EC390973ECF5E353EDAF8383EE2E3543EE5E3543EE578
:206A0000E3543EE5E3543EE5E3543EE5E3543EE5E3543EE5E3543EE5E3543EE5E3543EE5A6
:206A1000E3543EE5E3543EE5E3543EE5E3543EE5E3543EE5E3543EE5E3543EE5E3543EE596
:206A2000E3543EE5E3543EE5E3543EE54C30BEE64C30BEE64C30BEE64C30BEE64C30BEE6A8
:206A30004C30BEE64C30BEE64C30BEE64C30BEE64C30BEE64C30BEE64C30BEE64C30BEE646
:206A40004C30BEE64C30BEE64C30BEE64C30BEE64C30BEE64C30BEE671DEBEEA31F9BEE6B1
:206A500084B6BEDC82AABED1119DBEC5C0ECBEB9F41FBEACC56DBE9EA3D7BE906F00BE81C2
:206A600083E4BE5EB646BE33EB85BDD10000000048173E1031273E48CBFB3E6E5F703E8717
:206A700094463E961EB83EA526E93EB149523EBDC1553EC8EB853ED12A993ED82A993ED8BE
:206A80002A993ED82A993ED82A993ED82A993ED82A993ED82A993ED82A993ED82A993ED82E
:206A90002A993ED82A993ED82A993ED82A993ED82A993ED82A993ED82A993ED82A993ED81E
:206AA0002A993ED82A993ED82A993ED82A993ED83611BEDC3611BEDC3611BEDC3611BEDCEE
:206AB0003611BEDC3611BEDC3611BEDC3611BEDC3611BEDC3611BEDC3611BEDC3611BEDCBE
:206AC0003611BEDC3611BEDC3611BEDC3611BEDC3611BEDC3611BEDC3611BEDC3611BEDCAE
:206AD00015B5BEDB81D8BED3EECCBEC9DFA4BEBE6E98BEB24C30BEA6BAC7BE98A64CBE8AB2
:206AE0005FD9BE769CE0BE51A0F9BE27AE14BDC700000000FE5D3E03645A3E3B6E2F3E63CA
:206AF000F2133E81E5603E909E1B3E9E851F3EAB73193EB713403EC1AD433EC9AD433EC9CC
:206B0000AD433EC9AD433EC9AD433EC9AD433EC9AD433EC9AD433EC9AD433EC9AD433EC9BD
:206B1000AD433EC9AD433EC9AD433EC9AD433EC9AD433EC9AD433EC9AD433EC9AD433EC9AD
:206B2000AD433EC9AD433EC9AD433EC9AD433EC9AD433EC9EC57BECFEC57BECFEC57BECF12
:206B3000EC57BECFEC57BECFEC57BECFEC57BECFEC57BECFEC57BECFEC57BECFEC57BECFC5
:206B4000EC57BECFEC57BECFEC57BECFEC57BECFEC57BECFEC57BECFEC57BECFEC57BECFB5
:206B5000EC57BECFEC57BECFCD9FBECA2CA5BEC36C22BEB89168BEAD902EBEA0D07DBE931D
:206B6000D639BE8550B1BE6BFCB9BE47FAADBE1C3F7DBDB5000000001F213DF441203E31EF
:206B70004AF53E59FB7F3E7AC6A83E8B23A33E99F06F3EA520C53EB08C7E3EB98C7E3EB912
:206B80008C7E3EB98C7E3EB98C7E3EB98C7E3EB98C7E3EB98C7E3EB98C7E3EB98C7E3EB9ED
:206B90008C7E3EB98C7E3EB98C7E3EB98C7E3EB98C7E3EB98C7E3EB98C7E3EB98C7E3EB9DD
:206BA0008C7E3EB98C7E3EB98C7E3EB98C7E3EB98C7E3EB98C7E3EB9B15BBEBFB15BBEBFBD
:206BB000B15BBEBFB15BBEBFB15BBEBFB15BBEBFB15BBEBFB15BBEBFB15BBEBFB15BBEBF7D
:206BC000B15BBEBFB15BBEBFB15BBEBFB15BBEBFB15BBEBFB15BBEBFB15BBEBFB15BBEBF6D
:206BD000B15BBEBFB15BBEBFB15BBEBFB15BBEBFD4FEBEB834D7BEAFA1CBBEA529C7BE9AAA
:206BE0004FDFBE8DAB36BE7EA440BE5F6A7FBE3CCB29BE102D77BDA10000000013403DE1E6
:206BF00094AF3E2556043E4E4F0E3E6FDC5D3E86DD983E9391003E9EE1B13EA991683EADE2
:206C000091683EAD91683EAD91683EAD91683EAD91683EAD91683EAD91683EAD91683EAD54
:206C100091683EAD91683EAD91683EAD91683EAD91683EAD91683EAD91683EAD91683EAD44
:206C200091683EAD91683EAD91683EAD91683EAD91683EAD91683EAD91683EADB646BEB3AB
:206C3000B646BEB3B646BEB3B646BEB3B646BEB3B646BEB3B646BEB3B646BEB3B646BEB3DC
:206C4000B646BEB3B646BEB3B646BEB3B646BEB3B646BEB3B646BEB3B646BEB3B646BEB3CC
:206C5000B646BEB3B646BEB3B646BEB3B646BEB3B646BEB3B646BEB3161EBEAA1A37BEA04B
:206C60006CF4BE96BA5EBE89C8B4BE76793EBE58A858BE35A027BE091E4FBD960000000043
:206C700066CF3DD5D8AE3E1F2B023E470FF93E691F8A3E8390973E8F6B513E9A3FE63EA480
:206C80003FE63EA43FE63EA43FE63EA43FE63EA43FE63EA43FE63EA43FE63EA43FE63EA4BC
:206C90003FE63EA43FE63EA43FE63EA43FE63EA43FE63EA43FE63EA43FE63EA43FE63EA4AC
:206CA0003FE63EA43FE63EA43FE63EA43FE63EA43FE63EA43FE63EA43FE63EA43FE63EA49C
:206CB0004120BF89DCC6BF75B6AEBF628E8ABF541DE7BF47D8AEBF2FC505BF1F3FE6BF1477
:206CC000DE01BF02A8C1BEE47C85BED088CEBEB2872BBE96B08ABE815604BE4E8C7EBE39CE
:206CD000381DBE2741F2BE0FE48FBDF2E560BDD0AEE6BDA57E91BD7BDCC6BD35EB1CBCE200
:206CE000CCCDBC4C2DE0BB10EDFABA6BE704BC0CB15BBCBFE354BD25FA44BD6D212DBD9FAA
:206CF000F4F1BDCA6320BDEEED29BE0D4C30BE264BC7BE37A4A9BE4E4467BE69D9E8BE8C6C
:206D000038EFBEA59AD4BEC6089ABEDB8C7EBEF9A440BF0F50B1BF1B0275BF2A2CA5BF433B
:206D1000E560BF508A09BF5FEB1CBF723E42BF881687BF918312BF8812D7BF72A36EBF614B
:206D2000B646BF537A10BF461B09BF2E5C29BF1FFE5DBF13EB85BF017454BEE46F69BED015
:206D3000C433BEB1A162BE9661E5BE815604BE4E0F91BE3A6C8BBE27F972BE0F81D8BDF3E6
:206D40005461BDD25254BDA79724BD7FC711BD3AA71EBCE8D289BC5E0DEDBB3E4952BA1DDC
:206D5000C28FBBF53958BCB4902EBD2078D5BD6914E4BD9D5183BDC9F41FBDEC4FDFBE0DB2
:206D600017C2BE26AE7DBE36A4A9BE4EC77ABE69A57ABE8CAEE6BEA5B50BBEC62FECBEDB1E
:206D7000D42CBEFAE5C9BF0FAC71BF1BA5E3BF2BC9EFBF43C433BF51A3D7BF607A10BF764D
:206D8000096CBF891965BF92624EBF889653BF71758EBF618EF3BF53594BBF46D2F2BF2D48
:206D90004880BF1FEAB3BF139CE0BF015A1DBEE4624EBED0A9FCBEB1A162BE9661E5BE814B
:206DA0003BCDBE4E0F91BE3A5254BE27F972BE0F81D8BDF35461BDD25254BDA7C56DBD7EA0
:206DB0002FECBD3B78D5BCE975F7BC600DEDBB3E4952BA1DC28FBBF567A1BCB32752BD2003
:206DC0000FF9BD6914E4BD9D5183BDC99168BDED4FDFBE0D17C2BE26AE7DBE36F34DBE4E15
:206DD000E1B1BE69B296BE8CBC02BEA5C227BEC64A23BEDB7176BEFBF2E5BF0FC6A8BF1B37
:206DE0000EBFBF2CF141BF43EB85BF51D845BF6037B5BF78ED91BF8CED91BF8C44D0BF88DB
:206DF000F27CBF7047AEBF6167A1BF533886BF4697F6BF2D2E49BF1FD70ABF138FC5BF015F
:206E00003FE6BEE44817BED0758EBEB19446BE960625BE813BCDBE4E0F91BE3A5254BE277D
:206E10009097BE0F4D6ABDF35461BDD25254BDA72E49BD7F2FECBD3B78D5BCE91965BC6265
:206E20000DEDBB3E126FBA03C28FBBF567A1BCB3F909BD200FF9BD6914E4BD9D5183BDC9F0
:206E30009168BDED4FDFBE0D17C2BE26C8B4BE3641F2BE4F161EBE6AB296BE8C31F9BEA6BD
:206E4000CF42BEC6645ABEDB8BACBEFB068EBF10E0DFBF1B3C9FBF2C1206BF44F2E5BF5F84
:206E50008312BF80381DBF97381DBF97381DBF972752BF88B0F2BF7019CEBF61404FBF5314
:206E6000CFABBF452F1BBF2D1AA0BF1FC9EFBF135B57BF0125AFBEE43AFBBED026E9BEB113
:206E7000872BBE96F909BE802196BE4E0F91BE3AE979BE267660BE0F4D6ABDF35461BDD2CD
:206E80005254BDA7C56DBD7EC711BD3A78D5BCE91965BC629BA6BB44126FBA03C28FBBF59F
:206E900095EABCB2F909BD2078D5BD694952BD9D5183BDC9C5D6BDED844DBE0D17C2BE26B6
:206EA000C8B4BE365C29BE4F3055BE6ABFB1BE8C3F14BEA6E979BEC67176BEDB28F6BEFC74
:206EB00082AABF11D495BF297454BF443333BF63EA4BBF84EA4BBF84EA4BBF84EA4BBF8442
:206EC000EA4BBF847A10BF8EE219BF80652CBF691F8ABF5394AFBF4514E4BF2D0069BF1F43
:206ED000B646BF132D77BF010B78BEE420C5BED019CEBEB17A10BE96EBEEBE80844DBE4DB1
:206EE000F55ABE39CF42BE267660BE0F4D6ABDF35461BDD2E979BDA6C56DBD7EC711BD3A08
:206EF00078D5BCE9BCD3BC639BA6BB44126FBA03C28FBBF595EABCB2902EBD2078D5BD6968
:206F00004952BD9D5183BDC9C5D6BDED9E84BE0D6666BE26C8B4BE365C29BE4F7EFABE6A9E
:206F1000CCCDBE8C594BBEA6F694BEC6BEE0BEEE425BBF0EBB99BF261FF3BF42E48FBF62D4
:206F200096BCBF8896BCBF8896BCBF8896BCBF8896BCBF8896BCBF884467BF914467BF91C5
:206F30000F91BF82F55ABF69C3CABF52ED91BF3C09D5BF289BA6BF14A36EBF01F141BEE355
:206F400013A9BED0B0F2BEB06CF4BE96EBEEBE806A16BE4DF55ABE39B50BBE267660BE0FF4
:206F500018FCBDF35461BDD2E979BDA6C56DBD7EC711BD3A78D5BCE9BCD3BC639BA6BB4438
:206F6000126FBA037BB3BBF267A1BCB3F909BD204A8CBD6A4952BD9D5183BDC9C5D6BDED11
:206F7000D2F2BE0D9AD4BE26E2EBBE367660BE4FB368BE6AB7E9BE8F51ECBEB8126FBEE377
:206F80005879BF08D1B7BF2063F1BF3CE69BBF5D161EBF8A161EBF8A161EBF8A161EBF8A12
:206F9000161EBF8A161EBF8A161EBF8A404FBF93404FBF93404FBF9343FEBF82B439BF6831
:206FA000624EBF50CE07BF39182BBF254E3CBF1197F6BEFD30BEBED945A2BEB65FD9BE9610
:206FB0008312BE806A16BE4DDB23BE39B50BBE265C29BE0F18FCBDF3EB85BDD1B50BBDA693
:206FC000C56DBD7E5E35BD3A78D5BCE9BCD3BC639BA6BB44126FBA037BB3BBF267A1BCB34A
:206FD000F909BD204A8CBD6AB22DBD9D5183BDC9FA44BDEDD2F2BE0DB50BBE26E2EBBE3656
:206FE0005F07BE58CB92BE7FA71EBEA82618BED3CB92BEFF51ECBF18F141BF333261BF5588
:206FF000B574BF85B574BF85B574BF85B574BF85B574BF85B574BF85B574BF85B574BF8519
:207000003958BF943958BF943958BF943958BF9430BEBF81B5DDBF646AE8BF4B0481BF3528
:20701000D220BF1F2F83BF0CD773BEF2CBFBBECED3C3BEAB6BBABE89DF3BBE4FDB23BE3940
:207020009AD4BE26F34DBE0E4745BDF2B717BDD1B50BBDA6C56DBD7E5E35BD3A78D5BCE94F
:20703000BCD3BC639BA6BB44126FBA037BB3BBF267A1BCB3F909BD204A8CBD6AB22DBD9DAD
:207040005183BDC92EB2BDEEED29BE0D20C5BE30E219BE588312BE80C986BE943B64BEBFF6
:20705000EDFABEEBE00DBF0DC155BF281D15BF490F91BF7A0F91BF7A0F91BF7A0F91BF7A3C
:207060000F91BF7A0F91BF7A0F91BF7A0F91BF7A0F91BF7A9931BF929931BF929931BF9282
:207070009931BF929931BF92C6A8BF7BC5D6BF5D9518BF44CC64BF2DFC50BF182546BF054D
:20708000D014BEE49D49BEC07DBFBE9D3F7DBE7574BCBE5320C5BE30D917BE0E4745BDF275
:2070900082AABDD1809DBDA68ADBBD7D5E35BD3A78D5BCE9BCD3BC639BA6BB44126FBA035F
:2070A0007BB3BBF267A1BCB3F909BD204A8CBD6AE69BBD9D5183BDC9205CBE019931BE2A80
:2070B000A305BE52D35BBE7C404FBE933127BEA8538FBED4B717BF01DA51BF1B3055BF3A7D
:2070C00087FDBF6487FDBF6487FDBF6487FDBF6487FDBF6487FDBF6487FDBF6487FDBF6478
:2070D00087FDBF6487FDBF648D50BF878D50BF878D50BF878D50BF878D50BF878D50BF8780
:2070E0008D50BF877382BF667F63BF493A93BF317EFABF1A1E4FBF062BD4BEE5CB92BEBFAD
:2070F000EE63BE9A5E9EBE89C5D6BE6D5183BE49809DBE26CB92BDFFA234BDB48ADBBD7DF3
:207100005E35BD3A78D5BCE91965BC629BA6BB44126FBA037BB3BBF267A1BCB3F909BD20A8
:207110004A8CBD6AA7F0BDC60D84BE0F645ABE3B6042BE658CE7BE88D289BE9EFDF4BEB49B
:207120000831BECCC63FBEFC3DD9BF19EECCBF39E632BF6EE632BF6EE632BF6EE632BF6E19
:20713000E632BF6EE632BF6EE632BF6EE632BF6EE632BF6EE632BF6EE632BF6EE83EBF690E
:20714000E83EBF69E83EBF69E83EBF69E83EBF69E83EBF69E83EBF69E83EBF69E83EBF69BF
:207150007247BF493B64BF2FFCB9BF17DE01BF027DBFBEDD7A10BEB6A29CBEA319CEBE91FC
:2071600001A3BE7C8D50BE575B57BE31F4F1BE0AF4F1BDCADB23BD7978D5BCE91965BC62C3
:20717000295FBB4B126FBA037BB3BBF267A1BCB3B646BD73B717BDD1AF4FBE1454CABE416C
:20718000FA44BE6D9168BE8DD014BEA4DA51BEBB1F21BED4F41FBEECA9FCBF11A305BF32BB
:207190004539BF674539BF674539BF674539BF674539BF674539BF674539BF674539BF67BF
:2071A0004539BF674539BF674539BF674539BF6765FEBF6765FEBF6765FEBF6765FEBF671B
:2071B00065FEBF6765FEBF6765FEBF6765FEBF6765FEBF6765FEBF675A1DBF44999ABF29F4
:2071C000FF2EBF11EF35BEF8AACEBECF645ABEBB16F0BEA887FDBE9461E5BE812F1BBE5D70
:2071D0005FD9BE36FF97BE100A3DBDD72DE0BD909C78BD224674BC945048BC7CA027BD0980
:2071E000C84BBD873EABBDD73886BE16A993BE426944BE6F978DBE8E7382BEA62824BEBE82
:2071F0002474BED7E560BEF07382BF062B6BBF260419BF560419BF560419BF560419BF5662
:207200000419BF560419BF560419BF560419BF560419BF560419BF560419BF560419BF56DE
:207210000419BF56FA44BF5DFA44BF5DFA44BF5DFA44BF5DFA44BF5DFA44BF5DFA44BF5DB6
:20722000FA44BF5DFA44BF5DFA44BF5DFA44BF5D8BACBF3B96BCBF20C155BF084C30BEE687
:20723000B717BED14952BEBD5183BEA966CFBE95FF2EBE81B22DBE5D1D7EBE384674BE1485
:207240006042BDE53C9FBDAC24DDBD86A993BD826E2FBDA3AA65BDE01E4FBE16CB92BE3FA3
:207250003C9FBE6CF41FBE8C3FE6BEA4E076BEBC0419BED67C85BEF09446BF064C30BF1615
:20726000425BBF3E425BBF3E425BBF3E425BBF3E425BBF3E425BBF3E425BBF3E425BBF3E3E
:20727000425BBF3E425BBF3E425BBF3E425BBF3E425BBF3E425BBF3EECC0BF6EECC0BF6EB0
:20728000ECC0BF6EECC0BF6EECC0BF6EECC0BF6EECC0BF6EECC0BF6EECC0BF6EECC0BF6E26
:20729000ECC0BF6EECC0BF6E0069BF3FE560BF20D567BF071062BEF8680ABEE242C4BECDD4
:2072A00051ECBEB832CABEA419CEBE91D35BBE7C1CACBE5A98C8BE3B9C78BE225A86BE1341
:2072B0000BE1BE1347AEBE216A7FBE3C0D1BBE6025AFBE845E35BE9AEB85BEB1295FBECB13
:2072C000FD8BBEE56873BF0182AABF119581BF234396BF3B4396BF3B4396BF3B4396BF3BA8
:2072D0004396BF3B4396BF3B4396BF3B4396BF3B4396BF3B4396BF3B4396BF3B4396BF3B06
:2072E0004396BF3B4396BF3B4396BF3B5326BF755326BF755326BF755326BF755326BF75B4
:2072F0005326BF755326BF755326BF755326BF755326BF755326BF755326BF755326BF7516
:207300005810BF39089ABF1BFA44BF0D6873BF01FB16BEEBE9E2BED5F909BEC0AB9FBEAD9F
:20731000089ABE9B0903BE8A7A10BE76D8AEBE5FA305BE52404FBE535BC0BE605E35BE7A51
:207320002196BE8E680ABEA2652CBEB912D7BED24FDFBEED8106BF05D5D0BF16D3C3BF2BD9
:20733000B852BF4EB852BF4EB852BF4EB852BF4EB852BF4EB852BF4EB852BF4EB852BF4E85
:20734000B852BF4EB852BF4EB852BF4EB852BF4EB852BF4EB852BF4EB852BF4EB852BF4E75
:207350009168BF5D9168BF5D9168BF5D9168BF5D9168BF5D9168BF5D9168BF5D9168BF5D75
:207360009168BF5D9168BF5D9168BF5D9168BF5D9168BF5D9168BF5D00D2BF2E6320BF1E70
:207370006F69BF10A92ABF035532BEF0C0ECBED97A78BEC5FEC5BEB2CAC1BEA19C0FBE93BB
:20738000E8A7BE880553BE839581BE83EECCBE895FD9BE96BB30BEA701A3BEBC74BCBED36C
:20739000E00DBEED17C2BF06D567BF17F3B6BF2DF3B6BF2DF3B6BF2DF3B6BF2DF3B6BF2DAC
:2073A000F3B6BF2DF3B6BF2DF3B6BF2DF3B6BF2DF3B6BF2DF3B6BF2DF3B6BF2DF3B6BF2D25
:2073B000F3B6BF2DF3B6BF2DF3B6BF2DF3B6BF2DF3B6BF2D7AE1BF447AE1BF447AE1BF44BA
:2073C0007AE1BF447AE1BF447AE1BF447AE1BF447AE1BF447AE1BF447AE1BF447AE1BF44BD
:2073D0007AE1BF447AE1BF447AE1BF447AE1BF442E49BF2FB852BF1E4189BF10B646BF0382
:2073E000C505BEEF8588BEDA10CBBEC77A10BEB609D5BEA8CC64BE9D37B5BE98EF35BE9888
:2073F000559BBE9FC6A8BEABED91BEBC7BB3BED27803BEEBD07DBF03E3BDBF14C6A8BF2BA5
:20740000C6A8BF2BC6A8BF2BC6A8BF2BC6A8BF2BC6A8BF2BC6A8BF2BC6A8BF2BC6A8BF2BAC
:20741000C6A8BF2BC6A8BF2BC6A8BF2BC6A8BF2BC6A8BF2BC6A8BF2BC6A8BF2BC6A8BF2B9C
:20742000C6A8BF2BC6A8BF2B48E9BF3E48E9BF3E48E9BF3E48E9BF3E48E9BF3E48E9BF3E88
:2074300048E9BF3E48E9BF3E48E9BF3E48E9BF3E48E9BF3E48E9BF3E48E9BF3E48E9BF3ECC
:2074400048E9BF3E48E9BF3E48E9BF3E72B0BF280347BF1892A3BF0A21FFBEFD0FF9BEE9F0
:207450000A3DBED79A02BEC8353FBEBE1687BEB91CACBEBA902EBEC042C4BECD6FD2BEDF2F
:207460007A10BEF65810BF09645ABF1B5F70BF375F70BF375F70BF375F70BF375F70BF372D
:207470005F70BF375F70BF375F70BF375F70BF375F70BF375F70BF375F70BF375F70BF37D4
:207480005F70BF375F70BF375F70BF375F70BF375F70BF375F70BF375F70BF370000000089
:207490000000000000000000000000000000000000000000000000000000000000000000DC
:2074A0000000000000000000000000000000000000000000000000000000000000000000CC
:2074B0000000000000000000000000000000000000000000000000000000000000000000BC
:2074C0000000000000000000000000000000000000000000000000000000000000000000AC
:2074D00000000000000000000000000000000000000000000000000000000000000000009C
:2074E00000000000000000000000000000000000000000000000000000000000000000008C
:2074F00000000000000000000000000000000000000000000000000000000000000000007C
:2075000000000000000000000000000000000000000000000000000000000000000000006B
:2075100000000000000000000000000000000000000000000000000000000000000000005B
:2075200000000000000000000000000000000000000000000000000000000000000000004B
:2075300000000000000000000000000000000000000000000000000000000000000000003B
:2075400000000000000000000000000000000000000000000000000000000000000000002B
:2075500000000000000000000000000000000000000000000000000000000000000000001B
:2075600000000000000000000000000000000000000000000000000000000000000000000B
:207570000000000000000000000000000000000000000000000000000000000000000000FB
:207580000000000000000000000000000000000000000000000000000000000000000000EB
:207590000000000000000000000000000000000000000000000000000000000000000000DB
:2075A0000000000000000000000000000000000000000000000000000000000000000000CB
:2075B0000000000000000000000000000000000000000000000000000000000000000000BB
:2075C0000000000000000000000000000000000000000000000000000000000000000000AB
:2075D00000000000000000000000000000000000000000000000000000000000000000009B
:2075E00000000000000000000000000000000000000000000000000000000000000000008B
:2075F00000000000000000000000000000000000000000000000000000000000000000007B
:2076000000000000000000000000000000000000000000000000000000000000000000006A
:2076100000000000000000000000000000000000000000000000000000000000000000005A
:2076200000000000000000000000000000000000000000000000000000000000000000004A
:20763000000000000000000000000000346EBF40AEE6BF453BCDBF3E5AEEBF3210CBBF2702
:207640007319BF27C505BF1F3FE6BF14CBFBBF0E3E42BF08793EBEF8A71EBEE8F007BED6DB
:20765000E5C9BEBF56D6BEACAA65BEA060AABE940FF9BE890F91BE7AF2E5BE5F0AA6BE46C1
:20766000E1B1BE290F28BE0B5A86BDD30903BD8A8E8ABCE42DE03C9019653D62A5123DBD6F
:20767000D7DC3E01B08A3E21C56D3E3E999A3E596DC63E7424DD3E86C4333E91C56D3E9E79
:20768000EECC3EA9538F3EB42A303EC9DFA43EDEE7043EEC88CE3F020F283F0BA4403F0F16
:2076900050B13F1B53263F25C3613F2348803F2F923A3F3B04EA3F44CBFB3F3E2FEC3F4B47
:2076A0002E49BF3F8D50BF47566DBF3DA36EBF31872BBF26240BBF285C29BF1FFE5DBF1375
:2076B0004880BF0F1D7EBF086C22BEF85183BEE92474BED7902EBEC0013BBEAD2D77BEA1F0
:2076C0002546BE95BA5EBE89B2FFBE7B9653BE61FCB9BE47EDFABE2B844DBE0D4AF5BDD9A0
:2076D00096BCBD900625BD0119653C622C3D3D54B4A23DB75C923DFE6FD23E1FB9243E3C94
:2076E000C1BE3E57E48F3E7260423E85F27C3E90353F3E9E374C3EA98EF33EB3DB8C3EC819
:2076F0004F763EDECCCD3EEC9C783F02C7113F0AE5C93F0FAC713F1B9BA63F244D013F2498
:2077000000003F307E283F3C47453F42E5C93F3F985F3F4C0069BF3FB4A2BF472F1BBF3D15
:2077100082AABF316CF4BF2637B5BF284880BF1FEAB3BF136FD2BF0F1062BF0851ECBEF8D5
:207720004467BEE91759BED78312BEC0013BBEAD2D77BEA12546BE95BA5EBE89B2FFBE7B2E
:207730009653BE6116F0BE482268BE2C9E84BE0D7F63BDD9CB29BD90D7DCBD01D2893C5EA5
:207740005A863D5380343DB728243DFE559B3E1FB9243E3CC1BE3E57B0213E7260423E85EC
:20775000FF973E90353F3E9E2A303EA98EF33EB3E8A73EC85C923EDED9E83EECA9933F02AB
:20776000A64C3F0AF2E53F0FC6A83F1B6DC63F2467383F2427523F30AC083F3C89A03F408A
:207770003D713F3A3D713F3AD917BF3E09D5BF4807C8BF3D61E5BF3152BDBF2637B5BF2811
:207780002E49BF1FD70ABF1362B7BF0F0347BF0837B5BEF85183BEE90A3DBED7B780BEC03B
:20779000F41FBEAC205CBEA1182BBE95D495BE89B2FFBE7B9653BE6116F0BE482268BE2CC9
:2077A0009E84BE0DB3D0BDD9FF97BD90A993BD028BAC3C5B88CE3D524BC73DB7F3B63DFD49
:2077B000559B3E1F9EED3E3CC1BE3E57B0213E726D5D3E85FF973E90425B3E9E1D153EA94F
:2077C0008EF33EB3F5C33EC828243EDEF41F3EECB6AE3F02B3683F0A068E3F10E0DF3F1BCF
:2077D00074543F24816F3F244D6A3F23DED33F20154D3F1C154D3F1C154D3F1CAB36BF3EDD
:2077E000EF9EBF47E076BF3C47AEBF319446BF266C22BF281AA0BF1FC9EFBF136FD2BF0F5B
:2077F000EF9EBF071D7EBEF86BBABEE9F007BED6AA65BEC0E704BEAC1340BEA13261BE9504
:20780000D495BE89B2FFBE7B9653BE6116F0BE482268BE2CB8BBBE0DE83EBDD93405BD91C5
:20781000126FBD03E83E3C591FF33D5217593DB7BF483DFD3B643E1F9EED3E3CC1BE3E5701
:20782000B0213E7260423E85FF973E904F763E9E2A303EA99C0F3EB302DE3EC9353F3EDE09
:207830000E563EEDC3CA3F028C153F0A00693F0F76603F0FC5053F0F14123F0F566D3F0D7B
:20784000566D3F0D566D3F0D566D3F0D566D3F0D25AFBF342618BF33BCD3BF3326E9BF3175
:207850009AD4BF2651ECBF280069BF1FB646BF137660BF0FE282BF071062BEF85183BEE91B
:20786000E2EBBED69D49BEC00E56BEAD1340BEA13261BE95C77ABE8998C8BE7B9653BE61B3
:207870003127BE482268BE2CB8BBBE0DE83EBDD96873BD917B4ABD03A1623C56B7173D518D
:20788000E2EB3DB6BF483DFD3B643E1F9EED3E3CC1BE3E57B0213E7260423E85F27C3E90B0
:207890004F763E9E374C3EA98EF33EB31D153EC9425B3EDE1B713EED5FD93EF6B2FF3EFB5C
:2078A000E5C93EFFF9093F00AA653F0097F63EFD97F63EFD97F63EFD97F63EFD97F63EFD66
:2078B00097F63EFD6320BF1E6320BF1E2824BF1E35A8BF1D645ABF1BFC50BF18C227BF16D5
:2078C000DE01BF12F34DBF0ED567BF07F62BBEF778D5BEE9D5D0BED6902EBEC0013BBEAD03
:2078D0000625BEA12546BE95C77ABE8998C8BE7B9653BE613127BE482268BE2CD2F2BE0DC6
:2078E0001CACBDDA6873BD917B4ABD03A1623C56B7173D51AE7D3DB6BF483DFD212D3E1F80
:2078F0009EED3E3CDBF53E57CA583E7260423E85FF973E905C923E9E44673EA98EF33EB3A5
:2079000045393EC78FC53ED11CAC3EDAC49C3EE04C303EE68C153EEA22683EEC72B03EE8BE
:2079100072B03EE872B03EE872B03EE872B03EE872B03EE872B03EE85C92BF0E5C92BF0E31
:207920005C92BF0EA4A9BF0E7DBFBF0DD3C3BF0B78D5BF091134BF06617CBF0222D1BEFBA1
:207930004120BEF12BD4BEE5BB99BED6B780BEC0F41FBEACF909BEA0182BBE95BA5EBE8916
:2079400098C8BE7B9653BE613127BE482268BE2CD2F2BE0D1CACBDDA9CE0BD91E426BD0332
:20795000FDF43C544E3C3D51AE7D3DB68ADB3DFD212D3E1F84B63E3CDBF53E57CA583E722B
:207960006D5D3E85FF973E9069AD3E9E9AD43EA60E563EAD03473EB8D7DC3EC1A64C3ECA97
:207970005B573ED194463ED629C73EDA1D7E3ED81D7E3ED81D7E3ED81D7E3ED81D7E3ED8CB
:207980001D7E3ED81D7E3ED81D7E3ED81FF3BF021FF3BF021FF3BF021FF3BF028F5CBF02DC
:2079900061E5BF013B64BEFFD4FEBEF8A305BEF2930CBEE90D1BBEE0AF4FBED47FCCBEC828
:2079A000089ABEBB2268BEACEBEEBEA0182BBE95C77ABE89B2FFBE7B9653BE613127BE4813
:2079B0002268BE2CD2F2BE0D1CACBDDA9CE0BD91E426BD035A863C534E3C3D51AE7D3DB61C
:2079C0008ADB3DFD212D3E1F9EED3E3CDBF53E57CA583E726D5D3E858A723E8EFDF43E9409
:2079D0004A233E9BCAC13EA1CCCD3EAC52BD3EB6AB363EBE38EF3EC54A8C3ECA0F283ECB3C
:2079E0000F283ECB0F283ECB0F283ECB0F283ECB0F283ECB0F283ECB0F283ECB0F283ECB87
:2079F0007C85BEF07C85BEF07C85BEF07C85BEF07C85BEF04120BEF1D220BEEF57A8BEEAB6
:207A00005A1DBEE4E76DBEDBD773BED25879BEC89EEDBEBC837BBEAF9653BEA1CE07BE994B
:207A10007BB3BE92C77ABE8998C8BE7B9653BE6116F0BE483C9FBE2CD2F2BE0D1CACBDDAF0
:207A20009CE0BD914D01BD045A863C534E3C3D51AE7D3DB6BF483DFD3B643E1F9EED3E3C86
:207A3000F62B3E57FA443E6DED913E7C17C23E863C9F3E8CBD3C3E92096C3E9918933EA47B
:207A400091683EAD66CF3EB51BDA3EBC2E493EBF2E493EBF2E493EBF2E493EBF2E493EBFE7
:207A50002E493EBF2E493EBF2E493EBF2E493EBF2E493EBF67A1BED367A1BED367A1BED307
:207A600067A1BED367A1BED367A1BED367A1BED3FEC5BED21AA0BECFBB30BEC74EA5BEC027
:207A700052BDBEB67803BEAB3B64BE9F7BB3BE92CD9FBE8A0B78BE84A090BE7803B0BE675E
:207A80007319BE571EB8BE452268BE2CB8BBBE0D1CACBDDAD14EBD914D01BD04B7173C5184
:207A9000E5603D50AE7D3DB6BF483DFD3B643E1FA2343E3473823E469B3D3E5560423E6538
:207AA0004D6A3E7327523E8073823E863C9F3E8CAE7D3E96346E3EA01DE73EA7374C3EA9F7
:207AB000374C3EA9374C3EA9374C3EA9374C3EA9374C3EA9374C3EA9374C3EA9374C3EA966
:207AC000374C3EA9374C3EA92F1BBEBD2F1BBEBD2F1BBEBD2F1BBEBD2F1BBEBD2F1BBEBD34
:207AD0002F1BBEBD2F1BBEBD2F1BBEBD793EBEB895EABEB2AD43BEA9BE77BE9F6DC6BE94BD
:207AE00009D5BE883A93BE8181D8BE73C91DBE654C98BE550481BE454D6ABE33ECC0BE1E14
:207AF000B439BE081CACBDDAD14EBD914D01BD04B7173C51E5603D50AE7D3DB641203DF10E
:207B0000C5053E0F0B783E248E223E3587943E4595183E54E4F73E614F0E3E6FE1483E7A04
:207B100053F83E8377323E8D73EB3E95FC503E98FC503E98FC503E98FC503E98FC503E98FA
:207B2000FC503E98FC503E98FC503E98FC503E98FC503E98FC503E98FC503E98367ABEAB3E
:207B3000367ABEAB367ABEAB367ABEAB367ABEAB367ABEAB367ABEAB367ABEAB367ABEAB6D
:207B4000367ABEAB86C2BEA79724BE9FBB99BE96C6A8BE8BE5C9BE7F67A1BE73460BBE6550
:207B50000A3DBE57FCB9BE47FD22BE36FD8BBE253A2ABE126C22BDF80481BDC53127BD8866
:207B6000F3B6BCFDE2823C4726813D4205533DA37F633DD995813E038D503E17DB8C3E2810
:207B70003DD93E395F703E4766CF3E55E4F73E612EB23E6E86593E783F143E86E0DF3E8B12
:207B8000E0DF3E8BE0DF3E8BE0DF3E8BE0DF3E8BE0DF3E8BE0DF3E8BE0DF3E8BE0DF3E8BA5
:207B9000E0DF3E8BE0DF3E8BE0DF3E8BE0DF3E8B5D64BE9C5D64BE9C5D64BE9C5D64BE9C49
:207BA0005D64BE9C5D64BE9C5D64BE9C5D64BE9C5D64BE9C5D64BE9C5D64BE9C8D50BE97D6
:207BB0000069BE8F6042BE85EAB3BE73CF42BE66B3D0BE597803BE4BED91BE3CBFB1BE2C27
:207BC0003D08BE1B4B5EBE082BD4BDE5D07DBDB387FDBD7475F7BCE095EA3C32D9E83D2CE6
:207BD00012063D944B5E3DC859B43DF5ED293E0D8A093E1F69443E2FF3B63E3D43963E4BCE
:207BE0002A993E586E2F3E63147B3E6EAB363E7EAB363E7EAB363E7EAB363E7EAB363E7EA2
:207BF000AB363E7EAB363E7EAB363E7EAB363E7EAB363E7EAB363E7EAB363E7EAB363E7E8D
:207C0000AB363E7E6D5DBE856D5DBE856D5DBE856D5DBE856D5DBE856D5DBE856D5DBE856C
:207C10006D5DBE856D5DBE856D5DBE856D5DBE856D5DBE85D0E5BE82C28FBE751340BE6128
:207C20009B3DBE559A02BE4815B5BE3BA57ABE2C2F1BBE1D49BABE0C4D6ABDF38C15BDCA6A
:207C3000432DBD9C7C85BD50C711BCBA49523C1D182B3D1506253D81C4333DB1F4883DDB24
:207C4000205C3E01EB853E11B08A3E219DB23E2F6A7F3E3CE8A73E485A863E53779A3E5CC1
:207C5000779A3E5C779A3E5C779A3E5C779A3E5C779A3E5C779A3E5C779A3E5C779A3E5CBC
:207C6000779A3E5C779A3E5C779A3E5C779A3E5C779A3E5C779A3E5C31F9BE6631F9BE6666
:207C700031F9BE6631F9BE6631F9BE6631F9BE6631F9BE6631F9BE6631F9BE6631F9BE6684
:207C800031F9BE6631F9BE6631F9BE667A78BE652618BE53FCB9BE476A7FBE3C837BBE2F0E
:207C9000B08ABE21A305BE12F213BE0175F7BDE0EF35BDB8844DBD8DC711BD3AD70ABCA3B3
:207CA000182B3C15FCB93D07BFB13D6CD70A3DA3CCCD3DCCD8453DF051833E095F073E189A
:207CB0004C303E26B0213E32566D3E3D7B4A3E437B4A3E437B4A3E437B4A3E437B4A3E43F7
:207CC0007B4A3E437B4A3E437B4A3E437B4A3E437B4A3E437B4A3E437B4A3E437B4A3E4374
:207CD0007B4A3E437B4A3E437B4A3E4382AABE5182AABE5182AABE5182AABE5182AABE519B
:207CE00082AABE5182AABE5182AABE5182AABE5182AABE5182AABE5182AABE5182AABE51AC
:207CF00082AABE5193DEBE470DEDBE3EE48FBE3203B0BE27652CBE19F4F1BE0AF6FDBDF518
:207D00002618BDD342C4BDADAFB8BD830831BD2C4674BC94D14E3C11346E3D00D2893D5E11
:207D1000D42C3D9ABDA53DC1C91D3DE5126F3E03B7173E11559B3E1F930C3E29930C3E29DC
:207D2000930C3E29930C3E29930C3E29930C3E29930C3E29930C3E29930C3E29930C3E2913
:207D3000930C3E29930C3E29930C3E29930C3E29930C3E29930C3E29930C3E29930C3E2903
:207D4000B924BE3CB924BE3CB924BE3CB924BE3CB924BE3CB924BE3CB924BE3CB924BE3C6B
:207D5000B924BE3CB924BE3CB924BE3CB924BE3CB924BE3CB924BE3CB924BE3C3F7DBE3583
:207D600050B1BE2B0D1BBE202618BE130481BE051C43BDEB85F0BDC97454BDA4096CBD79E6
:207D7000CAC1BD21CE70BC882DE03C10C28F3CF566CF3D5546743D9492A33DBAFAAD3DDCEF
:207D800021FF3DFDCCCD3E0C999A3E19999A3E19999A3E19999A3E19999A3E19999A3E196A
:207D9000999A3E19999A3E19999A3E19999A3E19999A3E19999A3E19999A3E19999A3E1983
:207DA000999A3E19999A3E19999A3E19999A3E19999A3E1997F6BE1D97F6BE1D97F6BE1DD9
:207DB00097F6BE1D97F6BE1D97F6BE1D97F6BE1D97F6BE1D97F6BE1D97F6BE1D97F6BE1D73
:207DC00097F6BE1D97F6BE1D97F6BE1D97F6BE1D97F6BE1D97F6BE1D66CFBE15233ABE0A06
:207DD000DB23BDF9C63FBDDC3611BDBC30BEBD999AD4BD66AF4FBD1465FEBC77E7043C0C14
:207DE000D5673CE7B4393D48E0DF3D8B20C53DB082AA3DD169443DEFFE5D3E03FE5D3E030E
:207DF000FE5D3E03FE5D3E03FE5D3E03FE5D3E03FE5D3E03FE5D3E03FE5D3E03FE5D3E0393
:207E0000FE5D3E03FE5D3E03FE5D3E03FE5D3E03FE5D3E03FE5D3E03FE5D3E03FE5D3E0382
:207E1000FE5D3E03FE5D3E030000000000000000000000000000000000000000000000001A
:207E2000000000000000000000000000000000000000000000000000000000000000000042
:207E3000000000000000000000000000000000000000000000000000000000000000000032
:207E4000000000000000000000000000000000000000000000000000000000000000000022
:207E5000000000000000000000000000000000000000000000000000000000000000000012
:207E6000000000000000000000000000000000000000000000000000000000000000000002
:207E70000000000000000000000000000000000000000000000000000000000000000000F2
:207E80000000000000000000000000000000000000000000000000000000000000000000E2
:207E90000000000000000000000000000000000000000000000000000000000000000000D2
:207EA0000000000000000000000000000000000000000000000000000000000000000000C2
:207EB0000000000000000000000000000000000000000000000000000000000000000000B2
:207EC0000000000000000000000000000000000000000000000000000000000000000000A2
:207ED000000000000000000000000000000000000000000000000000000000000000000092
:207EE000000000000000000000000000000000000000000000000000000000000000000082
:207EF000000000000000000000000000000000000000000000000000000000000000000072
:207F0000000000000000000000000000000000000000000000000000000000000000000061
:207F1000000000000000000000000000000000000000000000000000000000000000000051
:207F2000000000000000000000000000000000000000000000000000000000000000000041
:207F3000000000000000000000000000000000000000000000000000000000000000000031
:207F4000000000000000000000000000000000000000000000000000000000000000000021
:207F5000000000000000000000000000000000000000000000000000000000000000000011
:207F6000000000000000000000000000000000000000000000000000000000000000000001
:207F70000000000000000000000000000000000000000000000000000000000000000000F1
:207F80000000000000000000000000000000000000000000000000000000000000000000E1
:207F90000000000000000000000000000000000000000000000000000000000000000000D1
:207FA0000000000000000000000000000000000000000000000000000000000000000000C1
:207FB000000000000000000000000000000000000000000000000000C505BF87C56DBF7E32
:207FC0006AE8BF6B1D7EBF586E98BF423A93BF31C433BF21B717BF11A3D7BF00A993BEE225
:207FD000A36EBEC1E979BEA602DEBE8966CFBE557176BE1B3611BDBC154DBD0C0000000021
:207FE0000DEDBD3EF7CFBDD37C1CBE2100D2BE5E5DCCBE8BB7E9BEAFC77ABEC90CB3BEF11C
:207FF000999ABF09F62BBF17FD8BBF258034BF370F91BF4A49BABF5C4745BF72339CBF82D5
:20800000339CBF829724BF87075FBF7E0F28BF6BC1BEBF5789A0BF400D1BBF303A93BF21CA
:20801000758EBF11A3D7BF00B9F5BEDADFA4BEBE7382BEA6E0DFBE8B6873BE518BACBE1BA4
:208020001A37BDC0902EBD2000000000F27CBD30B717BDD11F8ABE237DBFBE5D3405BE91B7
:20803000D220BEAF8FC5BED1A3D7BEF0999ABF0937B5BF18872BBF265326BF35BAC7BF487C
:20804000A57ABF5C5A86BF7392A3BF8292A3BF827319BF872196BF7E7E91BF6BD4FEBF5800
:208050003A2ABF429097BF2F0CB3BF210625BF114189BF006F00BEE19100BEBEC91DBEA50F
:2080600079A7BE87C01ABE5BF7CFBE138659BDB8F34DBD0E0000000098C8BD3BC01ABDDBE8
:20807000680ABE221340BE616AE8BE8BC505BEAF0CB3BED1FF97BEF00903BF0A6595BF1822
:20808000FD22BF26CFABBF353C9FBF4CA3D7BF6046DCBF73B6AEBF82B6AEBF8227BBBF8729
:2080900035A8BF7D9931BF6AFCB9BF5712D7BF4262B7BF2F2D77BF21A36EBF118937BF0123
:2080A00092A3BEDA7CEEBEBFE979BEA63D71BE8AE560BE508D50BE174EA5BDC02B02BD07EA
:2080B00000000000710DBD2C5A86BDD32A30BE298BACBE5BD917BE8EF34DBEAEAB9FBECD8B
:2080C000837BBEEF374CBF0909D5BF18E2EBBF26AEE6BF352A99BF4814E4BF5D3F7DBF75ED
:2080D000FEC5BF82FEC5BF8202DEBF9102DEBF91FBE7BF816C22BF68D917BF4E872BBF36AD
:2080E0003AFBBF208312BF107CEEBEFF4F76BEDE1B09BEBEA8C1BEA4DB8CBE881FF3BE5246
:2080F000D773BE12F55ABDB9559BBD1F00000000FEC5BD328BACBDDB6042BE25B08ABE6166
:20810000D3C3BE8B3AFBBEB0B0F2BED0758EBEF18588BF0A6E98BF22985FBF3C5F70BF5767
:20811000FD8BBF753FE6BF8C82AABFA182AABFA182AABFA186C2BFA786C2BFA786C2BFA775
:2081200086C2BFA7C5D6BF8D0419BF76C8B4BF56FB7FBF3A9CE0BF21C155BF08FF2EBEE14F
:20813000F1AABEB2B439BE88FDF4BE543EABBE1732CABDC4F34DBD0E000000003C36BD3D3C
:20814000EB85BDD18241BE2225AFBE644C30BEA6E2EBBED6F766BF04F972BF1FCC64BF3DB2
:20815000D917BF5E9FBEBF829724BF9F432DBFAC432DBFAC432DBFAC432DBFAC432DBFAC04
:20816000AE7DBF8EAE7DBF8EAE7DBF8EAE7DBF8EAE7DBF8EAE7DBF8EAE7DBF8E07C8BF6DBC
:208170003D71BF4A1BDABF2C068EBF10233ABEEAF007BEB6BB30BE8734D7BE2F9EEDBDBC59
:208180002B02BD0700000000147BBD2EADACBDD8B574BE5525AFBEA47DBFBEDD92A3BF0A3F
:2081900085F0BF29E076BF4CBB30BF77809DBFA6809DBFA6809DBFA6809DBFA6809DBFA666
:2081A000809DBFA6809DBFA6809DBFA670A4BF7D70A4BF7D70A4BF7D70A4BF7D70A4BF7DA9
:2081B00070A4BF7D70A4BF7D70A4BF7D70A4BF7D2E49BF4FBFB1BF2C97F6BF0D559BBEDFA9
:2081C0009F56BEABE632BE6E0000BE009D49BD0000000000A234BD34D0E5BE225C29BE8F6E
:2081D000D220BECF31F9BF06A0F9BF276873BF5109D5BF888034BF978034BF978034BF9774
:2081E0008034BF978034BF978034BF978034BF978034BF978034BF9782AABF8182AABF816B
:2081F00082AABF8182AABF8182AABF8182AABF8182AABF8182AABF8182AABF8182AABF810F
:20820000CD9FBF4AD014BF24126FBF033055BECA0BE1BE93DE6ABE317F63BD590000000066
:20821000C77ABDA9CE07BE59BEE0BEAEFDF4BEF4C5D6BF1DC7E3BF487176BF8B7176BF8B84
:208220007176BF8B7176BF8B7176BF8B7176BF8B7176BF8B7176BF8B7176BF8B7176BF8BB6
:208230007176BF8BA1CBBF75A1CBBF75A1CBBF75A1CBBF75A1CBBF75A1CBBF75A1CBBF759D
:20824000A1CBBF75A1CBBF75A1CBBF75A1CBBF75566DBF3D59B4BF158794BEE53C9FBEACFB
:20825000559BBE5F32CABDC400000000C3CABE02119DBE85D2F2BECD0EBFBF0C2B6BBF36D4
:208260001759BF871759BF871759BF871759BF871759BF871759BF871759BF871759BF874E
:208270001759BF871759BF871759BF871759BF879FBEBF5A9FBEBF5A9FBEBF5A9FBEBF5A3E
:208280009FBEBF5A9FBEBF5A9FBEBF5A9FBEBF5A9FBEBF5A9FBEBF5A9FBEBF5A9FBEBF5A2E
:2082900037B5BF286F69BF00A36EBEC1E426BE8371DEBE0A7BB3BBF256D6BE2C98C8BE9BC8
:2082A0007EFABEEAA512BF1DFD22BF564A8CBF824A8CBF824A8CBF824A8CBF824A8CBF8264
:2082B0004A8CBF824A8CBF824A8CBF824A8CBF824A8CBF824A8CBF824A8CBF825D64BF3C51
:2082C0005D64BF3C5D64BF3C5D64BF3C5D64BF3C5D64BF3C5D64BF3C5D64BF3C5D64BF3CBE
:2082D0005D64BF3C5D64BF3C5D64BF3C5D64BF3C00D2BF0E7AE1BED4B574BE95978DBE2E86
:2082E00069ADBD5E6E98BE52624EBEB0D7DCBF01F2E5BF2F57A8BF7A57A8BF7A57A8BF7A39
:2082F00057A8BF7A57A8BF7A57A8BF7A57A8BF7A57A8BF7A57A8BF7A57A8BF7A57A8BF7AAE
:2083000057A8BF7A57A8BF7A6042BF556042BF556042BF556042BF556042BF556042BF55A9
:208310006042BF556042BF556042BF556042BF556042BF556042BF556042BF55573FBF1BE3
:20832000E354BEE5AEE6BEA527BBBE4F8312BDC06DC6BE743FE6BEC4DFA4BF0E72B0BF48E6
:208330000625BF710625BF710625BF710625BF710625BF710625BF710625BF710625BF7155
:208340000625BF710625BF710625BF710625BF710625BF715183BF295183BF295183BF2922
:208350005183BF295183BF295183BF295183BF295183BF295183BF295183BF295183BF292D
:208360005183BF295183BF295183BF29D4FEBEF8AF4FBEB40E56BE6D126FBE036BBABE8994
:208370002A99BED8B368BF1A594BBF66594BBF66594BBF66594BBF66594BBF66594BBF66EA
:20838000594BBF66594BBF66594BBF66594BBF66594BBF66594BBF66594BBF66594BBF6695
:20839000EF35BF38EF35BF38EF35BF38EF35BF38EF35BF38EF35BF38EF35BF38EF35BF38F5
:2083A000EF35BF38EF35BF38EF35BF38EF35BF38EF35BF38EF35BF38F766BF04A36EBEC16B
:2083B000F141BE8347AEBE2144D0BE989931BEEA3190BF27A36EBF61A36EBF61A36EBF6150
:2083C000A36EBF61A36EBF61A36EBF61A36EBF61A36EBF61A36EBF61A36EBF61A36EBF6115
:2083D000A36EBF61A36EBF61A36EBF615D64BF4C5D64BF4C5D64BF4C5D64BF4C5D64BF4CFE
:2083E0005D64BF4C5D64BF4C5D64BF4C5D64BF4C5D64BF4C5D64BF4C5D64BF4C5D64BF4C1D
:2083F0005D64BF4CF41FBF0C6A16BECDEC57BE8FB2FFBE3BBC02BEA56A7FBEFC9375BF38BB
:20840000779ABF5C779ABF5C779ABF5C779ABF5C779ABF5C779ABF5C779ABF5C779ABF5CFC
:20841000779ABF5C779ABF5C779ABF5C779ABF5C779ABF5C779ABF5C182BBF15182BBF1516
:20842000182BBF15182BBF15182BBF15182BBF15182BBF15182BBF15182BBF15182BBF1584
:20843000182BBF15182BBF15182BBF15182BBF15182BBF158659BED89FBEBE9AF1AABE52E4
:20844000617CBEB2F06FBF05809DBF56809DBF56809DBF56809DBF56809DBF56809DBF5680
:20845000809DBF56809DBF56809DBF56809DBF56809DBF56809DBF56809DBF56809DBF567C
:20846000809DBF56B1C4BF1EB1C4BF1EB1C4BF1EB1C4BF1EB1C4BF1EB1C4BF1EB1C4BF1E8C
:20847000B1C4BF1EB1C4BF1EB1C4BF1EB1C4BF1EB1C4BF1EB1C4BF1EB1C4BF1EB1C4BF1E5C
:208480009C78BEE20481BEA5BB30BE6776C9BEBE3BCDBF0E2C3DBF542C3DBF542C3DBF542C
:208490002C3DBF542C3DBF542C3DBF542C3DBF542C3DBF542C3DBF542C3DBF542C3DBF54EC
:2084A0002C3DBF542C3DBF542C3DBF542C3DBF54381DBF27381DBF27381DBF27381DBF27E0
:2084B000381DBF27381DBF27381DBF27381DBF27381DBF27381DBF27381DBF27381DBF27D4
:2084C000381DBF27381DBF27381DBF27985FBEEC9E84BEAD43FEBE7AFBE7BEC924DDBF1605
:2084D000CA58BF52CA58BF52CA58BF52CA58BF52CA58BF52CA58BF52CA58BF52CA58BF52F4
:2084E000CA58BF52CA58BF52CA58BF52CA58BF52CA58BF52CA58BF52CA58BF52F909BF3026
:2084F000F909BF30F909BF30F909BF30F909BF30F909BF30F909BF30F909BF30F909BF30E4
:20850000F909BF30F909BF30F909BF30F909BF30F909BF30F909BF30C8B4BEF63886BEB653
:208510007A78BE857AE1BED4C5D6BF1DC01ABF4BC01ABF4BC01ABF4BC01ABF4BC01ABF4B3E
:20852000C01ABF4BC01ABF4BC01ABF4BC01ABF4BC01ABF4BC01ABF4BC01ABF4BC01ABF4B1B
:20853000C01ABF4BC01ABF4B7A78BF658DB9BF56EDFABF4BEB85BF411C43BF3B62B7BF2F31
:208540005461BF22594BBF166AE8BF0B8ADBBEFDC227BEE6C77ABEC9F972BEAF1E4FBE96E2
:2085500012D7BE72BC6ABE34A4A9BDCE00000000851F3DEB89373E41B08A3E8191003E9E91
:2085600007C83EBD2D0E3ED29DB23EEF5BC03F000F283F0B7FCC3F1824743F2775253F32E4
:2085700014E43F3D72B03F48A4403F4F0EBF3F5C0EBF3F5C2BD4BF65AE7DBF569F56BF4B2A
:208580009653BF418B44BF3C0D1BBF305AEEBF2217C2BF16EE63BF0ADE6ABF016595BEE878
:20859000374CBEC9BFB1BEAC3190BE97758EBE7118FCBE33BA5EBDC90000000000693DEF67
:2085A000A9933E427C1C3E81559B3E9F30BE3EB90BE13ED385F03EE906253F018BAC3F0B71
:2085B000C1553F181DE73F2753263F3527BB3F3FC7E33F481AA03F4FE76D3F5BE76D3F5B32
:2085C000F0D8BF64FD8BBF5592A3BF4AD8AEBF3F43FEBF3A2DE0BF302D0EBF222B6BBF1695
:2085D000FB7FBF0A07C8BEFD09D5BEE81D15BEC9EC57BEAFE48FBE922B6BBE760B0FBE3537
:2085E00035A8BDCD00000000F41F3DECE5C93E3FFF2E3E815C923E9E76C93EBEB6463ED3AF
:2085F000A64C3EEA34053F0178033F0BEF353F18FD223F2632613F35CD363F3BA8C13F44A4
:20860000C5053F4F22683F5C22683F5C3F7DBF65BB99BF56367ABF4B6F69BF401CACBF3A1D
:208610000000BF30BDA5BF213F7DBF157247BF0954CABF01A7F0BEE6A0F9BEC7288DBEADB1
:20862000C8B4BE9667A1BE737BB3BE32703BBDCE00000000D8453DF0C3CA3E4297243E7F0E
:20863000EBEE3EA036113EBCFDF43ED43BCD3EEE3A2A3F029EED3F0CA0273F1973193F276F
:20864000AEE63F35A3D73F4030BE3F49CC643F4DD3C33F5BD3C33F5BA162BF36A162BF3697
:2086500053F8BF336F69BF3056D6BF2C6C22BF287BB3BF222B6BBF16EE63BF0AD289BEFECF
:2086600079A7BEE72A30BEC9ED29BEAD1134BE9645A2BE761F21BE341D15BDC90000000035
:208670009DB23DEF68DC3E4054CA3E81C56D3E9E14123EBF46743ED4E0DF3EEB7C1C3F0113
:208680007E913F0B3AFB3F10E4263F133F143F161D153F19DABA3F1AC0833F1AC0833F1A4A
:20869000C0833F1AF8A1BF01F8A1BF01F8A1BF01F8A1BF019D49BF00CD36BEFB0BE1BEF3CC
:2086A0009931BEEAD8AEBEDFA858BED50903BECA3C36BEBDB8BBBEADBC6ABE94FEC5BE72C8
:2086B000F27CBE302F83BDCC00000000C5D63DEDAFB83E4382413E8228243E9E923A3EAB06
:2086C000E2EB3EB63A933EC10F283ECB4D6A3ED34A233EDB06253EE1D1B73EE091003EDEE2
:2086D00091003EDE91003EDE91003EDE91003EDE02DEBEC902DEBEC902DEBEC902DEBEC93A
:2086E00002DEBEC902DEBEC902DEBEC95A1DBEC4E148BEBAA9FCBEB14C30BEA65E35BE9ACC
:2086F0006A16BE8D5BC0BE808866BE63E48FBE326A16BDCD00000000A9FC3DF1D7DC3E41C5
:208700002BD43E6541893E801B713E8DB4A23E97F9093EA099313EAA6F693EB0020C3EAB5E
:20871000020C3EAB020C3EAB020C3EAB020C3EAB020C3EAB020C3EAB020C3EABBCD3BEA398
:20872000BCD3BEA3BCD3BEA3BCD3BEA3BCD3BEA3BCD3BEA3BCD3BEA3BCD3BEA3BCD3BEA3B9
:20873000C01ABE9BA305BE9210CBBE878E22BE755D64BE5CD1B7BE40F909BE20703BBDCE84
:20874000000000006F693DF031F93E2695813E43D8AE3E5FC28F3E756D5D3E85C5D63E8DD5
:20875000CB293E9021963E8E21963E8E21963E8E21963E8E21963E8E21963E8E21963E8EB2
:2087600021963E8E21963E8ED495BE89D495BE89D495BE89D495BE89D495BE89D495BE89D3
:20877000D495BE89D495BE89D495BE89D495BE898E8ABE842546BE7583E4BE5E38EFBE4584
:20878000367ABE2BFB16BE0B3C36BDBD0000000019CE3DD12DE03E1048E93E2EEECC3E494C
:20879000353F3E5EF27C3E703F7D3EB53F7D3EB53F7D3EB53F7D3EB53F7D3EB53F7D3EB583
:2087A0003F7D3EB53F7D3EB53F7D3EB53F7D3EB53F7D3EB5837BBE6F837BBE6F837BBE6FCD
:2087B000837BBE6F837BBE6F837BBE6F837BBE6F837BBE6F837BBE6F837BBE6F837BBE6F51
:2087C00039C1BE63B8BBBE4DD6A1BE348BACBE1BA6B5BDF92D77BDA1000000006DC63DB450
:2087D0003A933E0161E53E215E353E3ACCCD3E4C13A93E5013A93E5013A93E5013A93E5082
:2087E00013A93E5013A93E5013A93E5013A93E5013A93E5013A93E5013A93E5013A93E5029
:2087F000EB85BE51EB85BE51EB85BE51EB85BE51EB85BE51EB85BE51EB85BE51EB85BE5171
:20880000EB85BE51EB85BE51EB85BE51EB85BE51EBEEBE40E1B1BE2913A9BE101F8ABDE339
:208810001B71BD8D00000000C49C3DA03AFB3DF073193E17AB9F3E2D07C83E3DF6FD3E358D
:20882000F6FD3E35F6FD3E35F6FD3E35F6FD3E35F6FD3E35F6FD3E35F6FD3E35F6FD3E3508
:20883000F6FD3E35F6FD3E35F6FD3E3545A2BE3645A2BE3645A2BE3645A2BE3645A2BE36AF
:2088400045A2BE3645A2BE3645A2BE3645A2BE3645A2BE3645A2BE3645A2BE3645A2BE3640
:20885000C49CBE2093DEBE07F7CFBDD35C92BD7E0000000074BC3D9313403DE10D843E0FC6
:20886000BCD33E23F1413E23F1413E23F1413E23F1413E23F1413E23F1413E23F1413E2303
:20887000F1413E23F1413E23F1413E23F1413E23F1413E23F1413E237EFABE2A7EFABE2AB6
:208880007EFABE2A7EFABE2A7EFABE2A7EFABE2A7EFABE2A7EFABE2A7EFABE2A7EFABE2AD8
:208890007EFABE2A7EFABE2A7EFABE2ACE07BE1968DCBE0016F0BDC84A8CBD6A0000000072
:2088A0006BBA3D89D5D03DD631273E08FC503E184C983E154C983E154C983E154C983E15F9
:2088B0004C983E154C983E154C983E154C983E154C983E154C983E154C983E154C983E15F0
:2088C0004C983E15A92ABE13A92ABE13A92ABE13A92ABE13A92ABE13A92ABE13A92ABE13E5
:2088D000A92ABE13A92ABE13A92ABE13A92ABE13A92ABE13A92ABE13A92ABE135FD9BDF621
:2088E000A512BDBDB9F5BD5A00000000D7DC3D81AACE3DCF5AEE3E02BA5E3E09BA5E3E0947
:2088F000BA5E3E09BA5E3E09BA5E3E09BA5E3E09BA5E3E09BA5E3E09BA5E3E09BA5E3E0970
:20890000BA5E3E09BA5E3E09BA5E3E09BA5E3E091B71BE0D1B71BE0D1B71BE0D1B71BE0D7F
:208910001B71BE0D1B71BE0D1B71BE0D1B71BE0D1B71BE0D1B71BE0D1B71BE0D1B71BE0D8F
:208920001B71BE0D1B71BE0DC5D6BDEDA858BDB541F2BD4F00000000DB233D791D153DC9A7
:20893000CED93DF7BF483DFDBF483DFDBF483DFDBF483DFDBF483DFDBF483DFDBF483DFD85
:20894000BF483DFDBF483DFDBF483DFDBF483DFDBF483DFDBF483DFDBF483DFDD639BE057E
:20895000D639BE05D639BE05D639BE05D639BE05D639BE05D639BE05D639BE05D639BE0577
:20896000D639BE05D639BE05D639BE05D639BE05D639BE056042BDE5B1C4BDAE0481BD4532
:2089700000000000D8453D705AEE3DC28B443DEC50B13DEB50B13DEB50B13DEB50B13DEB3A
:2089800050B13DEB50B13DEB50B13DEB50B13DEB50B13DEB50B13DEB50B13DEB50B13DEB8F
:2089900050B13DEB50B13DEB3B64BDDF3B64BDDF3B64BDDF3B64BDDF3B64BDDF3B64BDDF13
:2089A0003B64BDDF3B64BDDF3B64BDDF3B64BDDF3B64BDDF3B64BDDF3B64BDDF3B64BDDFDF
:2089B0003B64BDDF5879BDA82FECBD3B00000000E1B13D6907C83DBDC01A3DDBC01A3DDB3E
:2089C000C01A3DDBC01A3DDBC01A3DDBC01A3DDBC01A3DDBC01A3DDBC01A3DDBC01A3DDB07
:2089D000C01A3DDBC01A3DDBC01A3DDBC01A3DDBC01A3DDB1687BDD91687BDD91687BDD934
:2089E0001687BDD91687BDD91687BDD91687BDD91687BDD91687BDD91687BDD91687BDD9DF
:2089F0001687BDD91687BDD91687BDD91687BDD90553BDA3A234BD34000000009AD43D660B
:208A000051EC3DB86A163DCD6A163DCD6A163DCD6A163DCD6A163DCD6A163DCD6A163DCD5E
:208A10006A163DCD6A163DCD6A163DCD6A163DCD6A163DCD6A163DCD6A163DCD6A163DCDF6
:208A2000F7CFBDD3F7CFBDD3F7CFBDD3F7CFBDD3F7CFBDD3F7CFBDD3F7CFBDD3F7CFBDD386
:208A3000F7CFBDD3F7CFBDD3F7CFBDD3F7CFBDD3F7CFBDD3F7CFBDD3F7CFBDD34F76BD9EAC
:208A4000D9E8BD2C00000000EB1C3D629C0F3DB31A373DC01A373DC01A373DC01A373DC0F3
:208A50001A373DC01A373DC01A373DC01A373DC01A373DC01A373DC01A373DC01A373DC096
:208A60001A373DC01A373DC01A373DC0A4A9BDCEA4A9BDCEA4A9BDCEA4A9BDCEA4A9BDCED4
:208A7000A4A9BDCEA4A9BDCEA4A9BDCEA4A9BDCEA4A9BDCEA4A9BDCEA4A9BDCEA4A9BDCE26
:208A8000A4A9BDCEA4A9BDCE9FBEBD9AC155BD2800000000A4403D5F1AA03DAFE2EB3DB691
:208A9000E2EB3DB6E2EB3DB6E2EB3DB6E2EB3DB6E2EB3DB6E2EB3DB6E2EB3DB6E2EB3DB6C6
:208AA000E2EB3DB6E2EB3DB6E2EB3DB6E2EB3DB6E2EB3DB6E2EB3DB658793E6858793E6848
:208AB000A0F93E671DE73E67B50B3E664C303E6631F93E6631F93E664C303E66809D3E66BE
:208AC000B50B3E6603B03E6752543E67A0F93E6709D53E6858793E68A71E3E68DB8C3E68DE
:208AD000F5C33E6858793E6858793E68A0F93E671DE73E67B50B3E664C303E6631F93E6601
:208AE00031F93E664C303E66809D3E66B50B3E6603B03E6752543E67A0F93E6709D53E68FE
:208AF00058793E68A71E3E68DB8C3E68F5C33E681B093E5E1B093E5E5D643E5C8BAC3E5B6E
:208B00006B513E5A7F633E59C7E33E582A993E58DBF53E57DBF53E5793753E58999A3E59BD
:208B1000D42C3E5A28F63E5C63883E5D9E1B3E5EA4403E5F41893E60902E3E60F7CF3E537E
:208B2000F7CF3E5313A93E50013B3E4DA64C3E4A51833E49B4393E48E8A73E48BA5E3E49D1
:208B3000F4F13E4A49BA3E4C21963E4E7C853E500BE13E539B3D3E55F62B3E57E83E3E59FE
:208B400022D13E5BA5E33E5B1EB83E451EB83E4587943E4595813E43D1B73E40C56D3E3ECD
:208B50008ADB3E3D3C363E3DBF483E3D14123E3F06253E417B4A3E43594B3E46BA5E3E495C
:208B600035A83E4D624E3E5026183E53E3BD3E5481063E5541203E3141203E3195EA3E32A5
:208B7000538F3E3404EA3E3495EA3E32A9FC3E31758E3E31F8A13E3133333E3359B43E355D
:208B80001D7E3E3898C83E3B97243E3F95813E4345393E473D713E4A2F833E4C013B3E4DE0
:208B90008E8A3E248E8A3E242BD43E25E9793E26240B3E28BB303E27E9793E26B50B3E26DA
:208BA00052543E27A71E3E28CD9F3E2AAB9F3E2D758E3E31C28F3E3543FE3E3A425B3E3EEE
:208BB0006F003E4195813E4367383E44999A3E19999A3E19511A3E1AF4883E1BB22D3E1D19
:208BC0004F763E1ECC643E1D97F63E1D1B093E1E8A093E1F96533E218E8A3E2472B03E2847
:208BD0000E563E2DC4333E3111343E3672473E3998C83E3B6A7F3E3CC5053E0FC5053E0FFD
:208BE000CB293E10A3053E12AF4F3E14B5743E159B3D3E159B3D3E151E4F3E1673193E1777
:208BF000999A3E19779A3E1C75F73E20119D3E25FBE73E297D563E2E2D0E3E326DC63E34BD
:208C00003F7D3E3565953E0865953E086BBA3E09295F3E0B1B713E0D56043E0E703B3E0EF4
:208C1000A4A93E0E41F23E0F96BC3E10A3053E1281063E15652C3E19353F3E1E1F8A3E23F7
:208C2000D5673E279F563E2B147B3E2EE6323E2EA9933E02A9933E02C9EF3E036D5D3E05B8
:208C30002B023E0716F03E084B5E3E089A023E0851833E09A64C3E0AB2963E0C90973E0F3A
:208C400074BC3E1344D03E182F1B3E1DFF2E3E21E3543E2572B03E285E9E3E2984B63DFC00
:208C500084B63DFCC56D3DFE06253E015AEE3E02DE013E02126F3E037B4A3E034D013E04BB
:208C6000A1CB3E05C84B3E07A64C3E0A8A723E0E404F3E132A993E18FAAD3E1CF9093E2011
:208C7000A29C3E238E8A3E24F0D83DF4F0D83DF465FE3DF743FE3DFA84B63DFC566D3DFD5A
:208C8000566D3DFD5C923DFE1A373E006F003E0195813E038DB93E0657A83E0AF34D3E0EBD
:208C9000F7CF3E13ADAC3E18AC083E1C6FD23E1F5BC03E20C5D63DEDC5D63DED6F693DF04A
:208CA00018FC3DF3F0D83DF4C28F3DF5F6FD3DF5C8B43DF6D4FE3DF8B2FF3DFB00003E00F2
:208CB000F8383E02C2273E065DCC3E0B48173E10FDF43E14E2193E18A5E33E1BAC083E1C65
:208CC00003B03DE703B03DE7161E3DEA8B443DEC2EB23DEECBFB3DEE34D73DEF6F693DF05B
:208CD0007BB33DF259B43DF5A6B53DF997243DFF95813E0331273E081B713E0DB7173E1177
:208CE0009B3D3E155F073E187F633E197C1C3DE17C1C3DE15A1D3DE49AD43DE609D53DE8BC
:208CF000DB8C3DE878D53DE9E7D53DEAF41F3DEC068E3DF0538F3DF443FE3DFAEBEE3E00E3
:208D00006D5D3E0557A83E0AD9173E0EA3053E1266CF3E15872B3E1691D13DDC91D13DDC47
:208D10003B643DDF13403DE182413DE253F83DE35A1D3DE4FD8B3DE53E423DE850B13DEBBA
:208D20009DB23DEF8E223DF521FF3DFD126F3E03E2823E0749BA3E0C13A93E10D7733E1220
:208D3000F7CF3E13A7873DD7A7873DD71CAC3DDAC01A3DDB63883DDD353F3DDE6FD23DDFC6
:208D400047AE3DE1BCD33DE303B03DE7851F3DEB41203DF1D4FE3DF8D1B73E00A1CB3E05A3
:208D500009033E0AB8BB3E0D7C853E109CE03E11F1AA3DD2F1AA3DD266CF3DD5D5D03DD684
:208D6000ADAC3DD87F633DD922D13DDB2F1B3DDDD8AE3DDF1F8A3DE3A0F93DE791683DEDD3
:208D7000F0D83DF4BF483DFD95813E03FCB93E07AC713E0B703B3E0E90973E0FA4A93DCE2F
:208D8000A4A93DCEE5603DD088CE3DD260AA3DD466CF3DD53EAB3DD77F633DD928F63DDC36
:208D9000A4403DDF25AF3DE4E1B13DE9758E3DF143FE3DFAD7DC3E0124DD3E06D4953E0986
:208DA0007E283E0C9E843E0D295F3DCB295F3DCB013B3DCDA4A93DCE48173DD0B7173DD150
:208DB0008EF33DD304193DD6E2193DD85D643DDCDED33DE09AD43DE62EB23DEEFD223DF63C
:208DC0001A373E0067383E0416F03E08C0833E0AFB163E0B16F03DC816F03DC885F03DC961
:208DD000295F3DCBCCCD3DCC3BCD3DCE48173DD0BD3C3DD2CFAB3DD54AF53DD9CC643DDD9F
:208DE00088663DE3E7D53DEAEAB33DF321FF3DFDDE013E0273823E06374C3E0971DE3E0AA2
:208DF000D0143DC4D0143DC4D6393DC5AE143DC751833DC9F4F13DCA35A83DCDAACE3DCF91
:208E0000BD3C3DD26CF43DD6EE633DDAAA653DE009D53DE80CB33DF143FE3DFA6F003E012D
:208E100004813E05C84B3E07E8A73E08BDA53DC1BDA53DC18F5C3DC29BA63DC43F143DC60B
:208E2000E2823DC7233A3DCACCCD3DCC13A93DD0C3613DD344D03DD800D23DDE60423DE5ED
:208E30002EB23DEE9A6B3DF700003E00AFB83E0373823E0693DE3E0776C93DBE76C93DBE95
:208E40007CEE3DBF89373DC12CA53DC304813DC579A73DC7233A3DCA6A163DCD19CE3DD18F
:208E50009B3D3DD5573F3DDB82413DE2851F3DEBBC6A3DF4566D3DFD5AEE3E021EB83E05C7
:208E6000594B3E06FB7F3DBAFB7F3DBA6A7F3DBCAB363DBE4EA53DC05AEE3DC2D0143DC44E
:208E700079A73DC7C0833DCA703B3DCEF1AA3DD2ADAC3DD80D1B3DE0DB8C3DE847453DF21A
:208E8000E1483DFA205C3E01FE5D3E0338EF3E05B4A23DB7B4A23DB7C0EC3DB901A33DBCDE
:208E9000A5123DBDB15B3DBF26813DC204813DC54B5E3DC8FB163DCB7C853DD038863DD636
:208EA00097F63DDD66663DE69DB23DEF6C223DF800003E00DE013E0218933E04D6A13DB42C
:208EB000D6A13DB44BC73DB758103DB92FEC3DBB3C363DBDB15B3DBF8F5C3DC2D6393DC554
:208EC000BA5E3DC93BCD3DCEF7CF3DD322D13DDBF1413DE3288D3DED2B6B3DF6BF483DFD45
:208ED000BDA53E01F8383E022D0E3DB22D0E3DB23F7D3DB517593DB7BAC73DB8FB7F3DBA24
:208EE00070A43DBD4EA53DC095813DC345393DC7FB163DCBB7173DD1E2193DD8B08A3DE17F
:208EF000E7D53DEAB6463DF37E913DFBB7803E00F2133E0155323DB055323DB033333DB315
:208F0000D6A13DB4AE7D3DB6EF353DB8645A3DBB0DED3DBE54CA3DC138EF3DC5BA5E3DC9A4
:208F100076603DCFA1623DD63B643DDFA71E3DE8A9FC3DF172473DF962B73DFFEBEE3E0076
:208F20007D563DAE7D563DAE26E93DB195EA3DB2A2343DB4AE7D3DB623A33DB901A33DBC0C
:208F300048803DBFF8383DC279A73DC76A163DCD95183DD4FAAD3DDC66663DE669443DEF3A
:208F400065FE3DF7566D3DFD97243DFFD9E83DACD9E83DAC4F0E3DAF89A03DB095EA3DB265
:208F5000A2343DB44BC73DB7F55A3DB93C363DBDB7803DC06D5D3DC5295F3DCB54613DD22F
:208F6000EE633DDA25AF3DE4288D3DED25463DF54A233DFB8ADB3DFD367A3DAB367A3DABA4
:208F700042C43DADB1C43DAE89A03DB0CA583DB23F7D3DB5E9103DB7FB7F3DBAAB363DBE82
:208F800061133DC31D153DC948173DD0ADAC3DD8E4F73DE1E7D53DEA18FC3DF3096C3DF980
:208F90007E913DFB930C3DA9930C3DA9367A3DABD9E83DACB1C43DAEBE0E3DB033333DB3BF
:208FA000DCC63DB5EF353DB89EED3DBC54CA3DC110CB3DC73BCD3DCE6CF43DD6A4403DDFFF
:208FB000A71E3DE8D8453DF0FD223DF63DD93DF9BB303DA7BB303DA75E9E3DA9020C3DAB59
:208FC000D9E83DACE6323DAE5B573DB104EA3DB417593DB792A33DBA14123DBF04813DC52C
:208FD000FB163DCB60AA3DD497F63DDD9AD43DE6978D3DEEBC6A3DF431903DF7E3543DA561
:208FE000E3543DA586C23DA72A303DA9020C3DAB0E563DAD837B3DAF2D0E3DB20B0F3DB588
:208FF000BAC73DB83C363DBDF8383DC2EECC3DC954613DD2573F3DDB5A1D3DE48B443DEC8E
:20900000B0213DF225463DF567A13F63A92A3F6312063F649BA63F643F7D3F65F6FD3F65FE
:20901000C2273F669A6B3F677FCC3F68652C3F6957A83F6A43963F6B22683F6CED913F6C53
:20902000A5123F6D4F763F6E2E493F6F26E93F7126E93F7167A13F63A92A3F6312063F64DE
:209030009BA63F643F7D3F65F6FD3F65C2273F669A6B3F677FCC3F68652C3F6957A83F6A39
:2090400043963F6B22683F6CED913F6CA5123F6D4F763F6E2E493F6F26E93F7126E93F71B7
:2090500028F63F4C432D3F4C9EED3F4C6A163F4D7D563F4EE5C93F4FA9FC3F51D07D3F538A
:209060005FD93F563DD93F59154D3F5CBEE03F5E68733F61BCD33F63C91D3F6565FE3F67FE
:20907000BAC73F68E7D53F6AE7D53F6AE5C93F2F068E3F30C49C3F3019653F32FE5D3F3344
:2090800073823F365E9E3F39B2963F3C55323F404D013F44A0903F483C363F4DBDA53F51B1
:2090900011343F56DB233F5991D13F5C8A723F5E0CB33F610CB33F613E423F186C223F1840
:2090A0000FF93F195E353F1A56D63F1CF34D3F1E3A2A3F222B6B3F26C0833F2AE5C93F2FB8
:2090B00066CF3F354A233F3B34053F41C2273F46FB163F4B3AFB3F50EB1C3F529B3D3F5586
:2090C0009B3D3F55F7663F0466CF3F05594B3F06C1BE3F07C0EC3F09779A3F0CD2203F0FCD
:2090D000D70A3F138CE73F18ED293F1DFE5D3F23A64C3F2AA9FC3F3186593F38AB363F3E30
:2090E00039583F44E2823F47E1483F4AE1483F4A22683EEC4FDF3EED69443EEF6E983EF2F1
:2090F0006CF43EF6C01A3EFB3A933F0138EF3F05E83E3F09559B3F0F73EB3F153C9F3F1CAD
:209100008EF33F233D083F2BA9933F322A303F3921963F3E41203F4141203F4195183ED489
:2091100004193ED644D03ED8573F3EDB559B3EDF74543EE4F4F13EEAD7733EF201A33EFCD9
:209120004D6A3F03652C3F092DE03F1079A73F172E493F1F6C8B3F2700693F2F38EF3F35E7
:209130003DD93F393DD93F3961E53EC1F8383EC253263EC58CE73EC88B443ECC8FC53ED15D
:20914000CED93ED76FD23EDF65953EE8BD3C3EF283E43EFEE9E23F052F1B3F0DC9863F14C2
:20915000013B3F1D87943F25C63F3F2C5AEE3F325AEE3F325B573EB10BE13EB381063EB50E
:20916000C7E33EB8D35B3EBCBDA53EC1D5673EC727BB3ECFDBF53ED7F2133EE16A163EEDE2
:209170005E353EFA39583F04C6A83F0BC3613F137E283F1CD0143F24DA513F2BDA513F2BA0
:20918000C9EF3EA387943EA5FCB93EA7367A3EAB4F0E3EAF39583EB429C73EBA3A933EC184
:20919000A0273EC974BC3ED3B8523EDE50B13EEBFC503EF8D07D3F03A5E33F0B538F3F1448
:2091A00063883F1D73EB3F2573EB3F255F073E9802753E9A6A7F3E9C8A093E9F7B4A3EA380
:2091B00058793EA83BCD3EAE25463EB549523EBDDC5D3EC6D14E3ED128243EDE851F3EEB60
:2091C000999A3EF974543F04D9E83F0C594B3F1627BB3F1F27BB3F1F978D3E8E2DE03E90CA
:2091D0006E983E9273EB3E953DD93E99E69B3E9DA29C3EA371DE3EAA617C3EB2A5E33EBB8B
:2091E000594B3EC66E983ED297243EDF4FDF3EED0EBF3EFC24DD3F06C5053F0F096C3F194E
:2091F000096C3F1917C23E86A0F93E87D4953E89A57A3E8C3AFB3E90AF4F3E9436E33E9ABA
:20920000D1B73EA0A71E3EA8A9FC3EB10EBF3EBCD5673EC7D6A13ED44DD33EE289A03EF081
:2092100027523F00A0273F0988663F1388663F1370A43E7D346E3E8040B83E82EA4B3E8419
:2092200058793E888B443E8CD14E3E9137B53E98CB923E9FB4393EA8D7733EB2425B3EBE6E
:20923000020C3ECB51EC3ED817C23EE673EB3EF5F1413F0348E93F0E48E93F0E6F693E7030
:2092400033333E7317593E7736113E7C54CA3E8160423E8557A83E8A6F693E90CED93E97A6
:2092500083123EA07EFA3EAA9B3D3EB5FF2E3EC127BB3ECF9EED3EDC9F563EEB7DBF3EFD0B
:209260003DD93F093DD93F09DD2F3E6486C23E67367A3E6B20C53E702B6B3E76D97F3E7D4E
:20927000AFB83E8378D53E8989A03E90FC503E98D0E53EA2B8BB3EADC0EC3EB9A7F03EC658
:20928000EAB33ED39C783EE204EA3EF474543F0474543F0485883E5A14E43E5DAA653E60D1
:209290002BD43E65020C3E6B47453E724A233E7B2CA53E83EECC3E8912D73E92B2FF3E9BAD
:2092A00073823EA63A2A3EB2D2893EBEEDFA3ECB5E353EDA43963EEBD8AE3EFFD8AE3EFF07
:2092B0004E3C3E51A92A3E530A3D3E5771763E5BF9093E60D5673E676F693E70FB7F3E7A8C
:2092C000F1413E83B98C3E8B0B0F3E95A4403E9F367A3EAB80343EB767383EC4B0213ED21B
:2092D0001F8A3EE317593EF717593EF7E8A73E4843963E4B703B3E4E88CE3E52DBF53E5771
:2092E00069AD3E5E9AD43E66A3D73E70ED913E7CF06F3E85E6323E8E4AF53E99A8C13EA4E3
:2092F000BE0E3EB070A43EBD851F3ECB7E913EDB4F0E3EEF4F0E3EEF54CA3E417B4A3E43C9
:209300008DB93E468C153E4A90973E4FCFAB3E5597F63E5D381D3E67E48F3E729D493E80B0
:2093100044673E895A863E9376C93E9E57A83EAAE2EB3EB6C2F83EC460AA3ED4AE143EE798
:20932000AE143EE75E353E3A6A7F3E3C62B73E3F2CA53E43FCB93E47075F3E4E66CF3E55FC
:2093300083E43E5EC77A3E6965FE3E77FE5D3E83C5D63E8DA0903E984D013EA4B0F23EB0D2
:2093400069AD3EBEAB9F3ECD4EA53EE04EA53EE004EA3E34F6FD3E35D4FE3E386A7F3E3C13
:2093500006253E41C2273E46ED293E4DA1623E5647AE3E6163203E6E425B3E7E8CE73E8859
:2093600026183E9391003E9ECD9F3EAA6C223EB852543EC78C7E3ED98C7E3ED92EB23E2E60
:20937000068E3E30B0213E322B6B3E3692A33E3A1A373E40F6943E4641F23E4F7F633E59CD
:20938000FD8B3E653F7D3E75AFB83E83075F3E8E16873E992BD43EA5A3053EB254CA3EC1CE
:20939000E48F3ED2E48F3ED2C1553E2899313E2A288D3E2D6F693E30A2343E34F55A3E3995
:2093A00083123E407FCC3E483A2A3E52353F3E5EBFB13E6C425B3E7E1D153E89EAB33E93EB
:2093B000BE773E9F288D3EAD98C83EBB8B443ECC8B443ECCBCD33E237A783E25EF9E3E27A9
:2093C0001C433E2B34D73E2F39583E34786C3E3A26813E4278033E4BF0073E56F7663E6439
:2093D000C28F3E75816F3E8400693E8F85883E9AC84B3EA71E4F3EB6594B3EC6594B3EC603
:2093E000212D3E1FC49C3E201F8A3E2331F93E26161E3E2AE6323E2EF0D83E3436113E3C51
:2093F00038EF3E452DE03E5097F63E5DAB9F3E6D27523E8064C33E8A8E223E959C783EA25E
:20940000BE0E3EB068DC3EC068DC3EC0D42C3E1A5D643E1C9E1B3E1E96533E2160423E2539
:20941000FBE73E29B7E93E2FC8B43E3662B73E3FD4953E49BB993E5617C23E661D7E3E78BA
:20942000F06F3E85D8453E908ADB3E9D923A3EABACDA3EBAACDA3EBABB993E1644D03E181C
:209430006B513E1A49523E1DDED33E2060423E25E7D53E2A8FC53E31DB233E39FE5D3E43C6
:2094400048173E5006F73E5F3AFB3E70BDA53E813C9F3E8CA0903E9873823EA625463EB59F
:2094500025463EB5F1AA3E127AE13E14872B3E164AF53E19AC083E1CF9093E204C303E261C
:20946000BFB13E2CBC6A3E345C923E3E233A3E4A44D03E58DB8C3E68645A3E7BE2823E87D4
:20947000EAB33E937C1C3EA1C5053EAFC5053EAF76603E0FE5603E10D7733E1281063E155F
:20948000C7E33E18FAAD3E1CFF2E3E213E423E28D2203E2F23A33E3967383E44EB853E519D
:20949000CAC13E619C0F3E73BCD33E834F0E3E8F91D13E9C7EFA3EAA7EFA3EAA154D3E0C14
:2094A000844D3E0D76603E0FEB853E1132613E1516873E1900D23E1EF1413E2350B13E2BA9
:2094B00039583E34F9DB3E3EFB163E4B22D13E5B3C9F3E6C62B73E7FE7D53E8AC1BE3E97F0
:2094C0006D5D3EA56D5D3EA502DE3E0957A83E0A2F833E0CA4A93E0EB7173E1181063E1538
:2094D00036E33E1AF2E53E1FE9793E26837B3E2FDB233E393F143E46E3BD3E54460B3E6534
:2094E0009A6B3E77A7F03E860BE13E9368DC3EA068DC3EA00AA63E0645393E071D153E0926
:2094F00078033E0B703B3E0E1FF33E12A1623E1628F63E1CEB1C3E221C433E2B0B0F3E35B4
:20950000D1B73E40D9173E4E83E43E5E20C53E7082413E827D563E8E7E913E9B7E913E9B41
:2095100046DC3E03816F3E043F143E067FCC3E085DCC3E0BF34D3E0E404F3E1393753E1842
:2095200006F73E1FE9793E266F693E30B2FF3E3B1D153E492A993E58F5C33E6807C83E7DA1
:2095300009033E8AAE7D3E96AE7D3E969D493E00D7DC3E017B4A3E03A1CB3E0565953E083E
:20954000E0DF3E0B13A93E1032613E15573F3E1BEB1C3E2208313E2CE2EB3E36AFB83E43F1
:2095500005BC3E5219653E623F7D3E75A1CB3E85F8A13E91F8A13E9161133E4361133E4334
:20956000AFB83E43E4263E4318933E444D013E449BA63E44D0143E441EB83E456D5D3E45AC
:20957000A1CB3E45F06F3E4524DD3E4673823E46A7F03E46DC5D3E4610CB3E472B023E4722
:209580005F703E475AEE3E425AEE3E42A9933E42DE013E422CA53E4395813E43E4263E4358
:209590004D013E449BA63E4404813E456D5D3E45D6393E4524DD3E4673823E46DC5D3E4686
:2095A00010CB3E475F703E4793DE3E47AE143E4789A03E3089A03E305B573E3195EA3E327C
:2095B00004EA3E34A8583E354BC73E37EF353E38786C3E3AE76D3E3B3C363E3D76C93E3ED6
:2095C00097243E3F9D493E4089373E4140B83E42DE013E4246DC3E437B4A3E43A5E33E1B0F
:2095D000A5E33E1B573F3E1B8BAC3E1B5D643E1CE69B3E1D0D1B3E20B6AE3E22C91D3E2591
:2095E000DB8C3E28D3C33E2B978D3E2E0CB33E3118FC3E33D6A13E3445A23E364BC73E3791
:2095F00003473E3851EC3E38C5053E0FC5053E0F5C293E0F41F23E0F76603E0FF9723E0F8D
:2096000034053E115A863E131E4F3E167F633E1949523E1D13403E21A8C13E24D5673E2783
:209610007EFA3E2A8B443E2C2EB23E2E34D73E2F9DB23E2FF6943E06F6943E068DB93E067B
:2096200073823E06A7F03E062B023E07FCB93E076BBA3E09AC713E0BBEE03E0E6E983E1298
:20963000A1623E16D42C3E1AB8523E1E339C3E22119D3E25381D3E278CE73E280FF93E29C3
:2096400083123E0083123E00346E3E0000003E00346E3E00B7803E0089373E01C3CA3E0225
:20965000816F3E042B023E078C153E0ABEE03E0E26183E138D503E178BAC3E1B06F73E1FD8
:2096600096533E2139C13E23D70A3E23FD223DF6FD223DF65FD93DF62B6B3DF694463DF620
:209670009A6B3DF73DD93DF97E913DFBF9DB3DFEBDA53E01EA4B3E04CE703E084FDF3E0DEA
:20968000EB853E1138863E1602753E1AFAAD3E1CD2893E1E8A093E1F978D3DEE978D3DEEE4
:2096900063203DEE63203DEE00693DEF068E3DF0A9FC3DF1EAB33DF331903DF77E913DFB2C
:2096A000B7803E0067383E04E8A73E08844D3E0D1FF33E121E4F3E1630BE3E1922D13E1BAF
:2096B000F4883E1B6C8B3DE76C8B3DE76C8B3DE7D5673DE772B03DE8AD433DE9851F3DEBEB
:2096C000FA443DED0CB33DF125463DF5E1483DFA205C3E016D5D3E05233A3E0ABEE03E0EE1
:2096D000F1AA3E121E4F3E162A993E18E2193E1813403DE113403DE147AE3DE1B08A3DE117
:2096E000B6AE3DE225AF3DE4FD8B3DE5A71E3DE8EDFA3DEB068E3DF08E223DF5B9243DFC96
:2096F000A9933E025F703E07154D3E0C48173E108EF33E139B3D3E156CF43E1622D13DDBB5
:2097000022D13DDB8BAC3DDB28F63DDC63883DDD06F73DDF13403DE1BCD33DE303B03DE7A3
:2097100050B13DEBD8453DF003473DF84EA53E001EB83E05D4953E0921963E0E68733E1120
:209720008EF33E1360AA3E149B3D3DD59B3D3DD504193DD60A3D3DD744D03DD81CAC3DDA94
:209730005D643DDC3B643DDF82413DE203B03DE78B443DEC81D83DF350483DFCF8383E0209
:20974000C84B3E07154D3E0C90973E0FB7173E1188CE3E127C853DD07C853DD019CE3DD1BD
:209750001FF33DD28EF33DD366CF3DD5DBF53DD7B9F53DDA353F3DDEB6AE3DE23E423DE8A0
:2097600069443DEF03473DF8D1B73E00A1CB3E0509033E0A844D3E0DC5053E0F96BC3E10F5
:20977000923A3DCB923A3DCB63F13DCC6A163DCD0D843DCFE5603DD08EF33DD36CF43DD657
:209780001CAC3DDA9E1B3DDE25AF3DE450B13DEBEAB33DF3566D3DFD7B4A3E03FCB93E072E
:2097900078033E0BB8BB3E0D8A723E0E10CB3DC710CB3DC7E2823DC71D153DC98C153DCAE9
:2097A000CCCD3DCC41F23DCF54613DD204193DD685883DDA41893DE0381D3DE7D2203DEF32
:2097B0003DD93DF954CA3E01D6393E056BBA3E09AC713E0B985F3E0CC3CA3DC2C3CA3DC273
:2097C00095813DC3D0143DC473823DC67FCC3DC8295F3DCB3BCD3DCEEB853DD16CF43DD6B2
:2097D00028F63DDC53F83DE3B98C3DEBF0D83DF45C923DFEAFB83E0345393E07A0273E09CF
:2097E0008C153E0AAB363DBEAB363DBE7CEE3DBFB7803DC08F5C3DC29BA63DC445393DC780
:2097F00057A83DCA075F3DCEBD3C3DD244D03DD86FD23DDFA0F93DE7A3D73DF00F913DFA19
:2098000089373E011EB83E0579A73E0765953E0892A33DBA92A33DBA98C83DBBD35B3DBCB4
:20981000AB363DBEB7803DC061133DC373823DC657A83DCAD9173DCE95183DD48BAC3DDBAE
:2098200088663DE38B443DECC28F3DF591003DFEF8383E0253263E05594B3E0611343DB687
:2098300011343DB6B4A23DB7EF353DB8FB7F3DBA07C83DBDB15B3DBFC3CA3DC2A7F03DC615
:20984000F4F13DCAE5603DD0A7873DD76FD23DDF3E423DE8758E3DF143FE3DFAD1B73E0017
:2098500046DC3E0332CA3E04F27C3DB0F27C3DB09C0F3DB3D6A13DB480343DB723A33DB93A
:2098600001A33DBCDFA43DBEF8383DC2DC5D3DC635A83DCDC3613DD38BAC3DDB25AF3DE403
:20987000F41F3DECC28F3DF5566D3DFD54CA3E0140B83E0264C33DAA64C33DAA4F0E3DAF22
:2098800020C53DB004EA3DB43F7D3DB586593DB8FB7F3DBAB15B3DBFC3CA3DC2EECC3DC9D0
:20989000AACE3DCFA7873DD7D8AE3DDF72B03DE841203DF172473DF92E493DFF4EA53E00A7
:2098A0009C783DA29C783DA264C33DAA367A3DABBE0E3DB026E93DB10B0F3DB517593DB7F6
:2098B0006A7F3DBC425B3DBEDC5D3DC6923A3DCBC3613DD3C01A3DDBF1413DE3BFB13DECFD
:2098C0008E223DF550483DFC21FF3DFD93753D9893753D98119D3DA5460B3DA577323DAD6B
:2098D000D9E83DACC4333DB1FEC53DB28C7E3DB958103DB9C9EF3DC345393DC7DF3B3DCF79
:2098E000A7873DD73B643DDF3E423DE8DE6A3DF10F913DFADB233DF949BA3D8C49BA3D8CAD
:2098F000B8523D9EB8523D9E64C33DAA240B3DA848E93DAE7D563DAEE2EB3DB604EA3DB4F3
:20990000205C3DC1C3CA3DC22F833DCC8EF33DD3511A3DDABCD33DE3978D3DEE6C223DF8B2
:2099100031903DF7ACDA3D7AACDA3D7A8D503D97F0073D9652543DA705533DA3CD9F3DAA38
:20992000FBE73DA96DC63DB4147B3DAEDFA43DBE0DED3DBEB4393DC876603DCF66CF3DD533
:2099300006F73DDFB98C3DEBCED93DF725463DF569443F0F76603F0F8A093F0FA4403F0FE7
:20994000BE773F0FD8AE3F0F00003F1027523F104EA53F1083123F10B7803F10F27C3F1030
:209950002D773F117C1C3F11DE6A3F11680A3F126E2F3F1352BD3F1652BD3F16425B3F0E1F
:209960004F763F0E63203F0E7D563F0E9E1B3F0EC56D3F0EF34D3F0E27BB3F0F62B73F0F3C
:20997000A4403F0FEC573F0F346E3F1083123F10DED33F104E3C3F11E4F73F11EB1C3F12E2
:20998000AEE63F15AEE63F1594AF3F052B6B3F06D5D03F068D503F0744D03F08F5C33F082E
:20999000999A3F0936E33F0AC7113F0A50B13F0BE0DF3F0B710D3F0C0E563F0DAB9F3F0D56
:2099A0004F763F0E0D843F0F20C53F10A9933F12A9933F12C77A3EE9EDFA3EEBB1C43EEE4F
:2099B00005BC3EF2CFAB3EF5F55A3EF9353F3EFE2D773F011F8A3F03D6A13F04594B3F0651
:2099C0009A6B3F07A71E3F08A0273F098C153F0A851F3F0BB9243F0C559B3F0F559B3F0FA5
:2099D000020C3ECB4FDF3ECD624E3ED01F213ED4A0903ED8D97F3EDDAFB83EE3E1B13EE91D
:2099E00048173EF0872B3EF6432D3EFCB0F23F00D7733F029BA63F041E4F3F0673193F07D6
:2099F000DB8C3F08923A3F0B923A3F0BE48F3EB23F7D3EB551EC3EB80EBF3EBC9D493EC08D
:209A0000F06F3EC522683ECC18FC3ED39FBE3EDA4DD33EE2FBE73EE934053EF1A7873EF7A2
:209A100007C83EFDB7803F00A9933F0274543F0452543F0752543F070D1B3EA05AEE3EA228
:209A200060423EA50FF93EA9844D3EADBD3C3EB2D4FE3EB8D8AE3EBFBB303EC72DE03ED0B7
:209A3000C7E33ED82D773EE12A303EE92DE03EF0CFAB3EF5786C3EFAD2893EFE95EA3F02B7
:209A400095EA3F02FF973E90404F3E9311343E96999A3E99E69B3E9DF8383EA2F5C33EA855
:209A5000DF3B3EAFA7873EB75BC03EC0930C3EC995EA3ED2573F3EDB95813EE34A8C3EEA9A
:209A600090973EEF60AA3EF42FEC3EFB2FEC3EFBC2F83E84CF423E8685F03E89D9E83E8C96
:209A7000E5603E90C28F3E958BAC3E9B40B83EA2EECC3EA995EA3EB201A33EBC94AF3EC5C3
:209A8000CBFB3ECE8D503ED748803EDF1EB83EE54A8C3EEA68733EF168733EF13F7D3E75A3
:209A9000096C3E790DED3E7E26813E82FD8B3E858C153E8A068E3E907A103E9600D23E9E4B
:209AA000809D3EA6DF3B3EAFCE073EB97B4A3EC37E283ECCC9863ED471763EDBDED33EE02C
:209AB00009D53EE809D53EE80B783E64A0F93E6756D63E6C12D73E723DD93E79EBEE3E8058
:209AC00017C23E863C9F3E8C67A13E93C01A3E9B04813EA5F34D3EAEFC503EB8680A3EC270
:209AD000E7D53ECA54613ED237B53ED8559B3EDF559B3EDF66CF3E55C7E33E5814E43E5D36
:209AE00082413E622A303E6926E93E71E1483E7A39C13E8309033E8A12D73E922FEC3E9B27
:209AF00060423EA5DF3B3EAF29C73EBA61133EC39F563ECBBD3C3ED285883EDAFB7F3EDAAF
:209B0000CE703E48E0DF3E4BDF3B3E4FE3BD3E5422D13E5B9C783E629F563E6B7A103E7644
:209B1000BDA53E8151833E892D0E3E9284B63E9C45393EA71FF33EB236113EBC1EB83EC5DB
:209B20004FDF3ECD11343ED6F0073ED6BF483E3D9D493E4067383E441D153E49D9173E4E4C
:209B3000CFAB3E554F763E5E72B03E68A2343E747C1C3E81EECC3E89538F3E943B643E9F4F
:209B400064C33EAA32613EB5B8523EBEAE143EC7A9FC3ED1E48F3ED21F213E34C8B43E36CA
:209B500043FE3E3A91003E3EFE5D3E4371DE3E4A54613E52DA513E5B52543E67F0D83E74AE
:209B6000680A3E82B2963E8CC1BE3E97126F3EA356043EAE86593EB8FF2E3EC1288D3ECDE4
:209B7000CBFB3ECE851F3E2BFA443E2D41203E3159B43E355E353E3A68DC3E40C84B3E4798
:209B8000B0F23E50573F3E5B240B3E6831903E77A1CB3E85B0F23E9028F63E9CAE143EA7DD
:209B90006E983EB2779A3EBC8CE73EC87EFA3ECAD70A3E2331F93E262A303E290E563E2D5B
:209BA000A9FC3E3165FE3E37425B3E3E8DB93E4696BC3E5091D13E5CB3683E6A425B3E7EDE
:209BB000233A3E8AA8583E9547AE3EA17E283EAC17593EB7AFB83EC3F06F3EC5FAAD3E1C09
:209BC000212D3E1FFF2E3E2194AF3E25E1B13E2934D73E2FA8583E3570A43E3DDC5D3E4678
:209BD00005BC3E52559B3E5F617C3E72F1413E83837B3E8F2FEC3E9BA7F03EA6C4333EB1F7
:209BE000C56D3EBE47AE3EC1BB993E16C7E33E1871763E1BD2893E1EEB1C3E22EF9E3E274B
:209BF000E00D3E2D3F7D3E35F3B63E3D7FCC3E48FDF43E5452543E676A7F3E7CBA5E3E8989
:209C000066CF3E95F9093EA07E283EACE83E3EB9AC083EBC19CE3E110BE13E1381063E15B4
:209C1000ADAC3E18779A3E1C2D773E21CF423E26AB9F3E2DDCC63E35CB923E3F78033E4BFA
:209C20002F1B3E5DC4333E7132CA3E84F9723E8F8BAC3E9B45393EA7182B3EB51D7E3EB869
:209C3000E0DF3E0BB8BB3E0DF9723E0F0BE13E13A1623E16089A3E1B5BC03E20CF423E2619
:209C40007D563E2EB4A23E37C3CA3E42DD983E53D5673E67D97F3E7DE7D53E8A6CF43E963B
:209C500019653EA27C853EB0A92A3EB310CB3E07B4393E08DABA3E0AB8BB3E0D19CE3E11C0
:209C600032613E15511A3E1A5BC03E20A0F93E273AFB3E30E1483E3A295F3E4BD2893E5E78
:209C7000B6463E733F143E86B7173E9114E43E9D08313EAC69443EAF75253E02FE5D3E036D
:209C8000F06F3E05B4393E08E0DF3E0BC5053E0F7AE13E1436E33E1A2D773E2144673E299D
:209C90009C0F3E332CA53E43872B3E56FBE73E690C4A3E82844D3E8D1D7E3E98E2823EA70B
:209CA00078033EABE76D3DFBF9DB3DFE205C3E01E4263E03C2273E0671DE3E0AF34D3E0E4F
:209CB00060AA3E14089A3E1B82413E22F41F3E2CB2FF3E3B0D843E4F5BC03E60B9243E7C05
:209CC000EECC3E895A863E930B783EA4C84B3EA7E48F3DF2C28F3DF5A0903DF85C923DFE42
:209CD000BDA53E0138EF3E056BBA3E09A4A93E0E182B3E150EBF3E1CB50B3E2687FD3E348D
:209CE00065953E48D5D03E562B6B3E7603B03E87B1C43E8E9D493EA0816F3EA4E1B13DE95A
:209CF000BFB13DECCBFB3DEEBC6A3DF43DD93DF9CB923DFFC9EF3E03E8A73E0827BB3E0F91
:209D0000B5743E15F9093E20E00D3E2D75253E426A163E4DD8453E70DD2F3E843D713E8ADB
:209D1000A5123E9DB08A3EA1C28F3F65C28F3F65D6A13F6425AF3F649C0F3F6333333F63B8
:209D2000F8383F62F1AA3F6205533F632CA53F6367A13F63AFB83F63FE5D3F63538F3F6474
:209D3000A2343F6404813F653F7D3F6587943F65A1CB3F65C28F3F65C28F3F65D6A13F643E
:209D400025AF3F649C0F3F6333333F63F8383F62F1AA3F6205533F632CA53F6367A13F6313
:209D5000AFB83F63FE5D3F63538F3F64A2343F6404813F653F7D3F6587943F65A1CB3F6597
:209D6000FB163F5BFB163F5BB3683F5A02753F5A374C3F5986593F58EF9E3F5773193F57F3
:209D700010CB3F57DC5D3F5610CB3F57C1BE3F57C7E33F58E83E3F59089A3F5B22683F5CAE
:209D800014E43F5DB8BB3F5D00D23F5E83E43F4E83E43F4ED3C33F4BDB233F4944D03F4888
:209D90004BC73F47F0073F463EAB3F47240B3F485E9E3F49B3683F4A36113F4C28243F4EA7
:209DA000902E3F50EB1C3F5232613F5524743F57793E3F58FC503F58CAC13F41CAC13F4122
:209DB000B08A3F419DB23F3F35A83F3D923A3F3BA64C3F3A7EFA3F3A15B53F3B6A7F3F3C69
:209DC00069AD3F3EBE0E3F4067A13F43A1623F4609033F4A49523F4D13A93F50EB853F518C
:209DD000A3053F52E00D3F2DE00D3F2D76603F2F2D773F31F27C3F30B7E93F2FDFA43F2E55
:209DE000CBFB3F2E559B3F2FA3D73F30BD3C3F3287943F35CE703F38AC083F3CA3D73F4013
:209DF00067383F4486C23F47930C3F495E353F4AB7173F21B7173F21680A3F2246743F24D4
:209E00009B3D3F2553263F259BA63F2487FD3F242BD43F257A103F2686593F28645A3F2BDE
:209E100000693F2F46DC3F33BB303F37CD363F3B212D3F3F47AE3F411FF33F4203B03F170C
:209E200003B03F17EF9E3F177F633F19851F3F1B432D3F1CDA513F1BB98C3F1B56D63F1C88
:209E3000B22D3F1DB7E93F1F95EA3F2252BD3F26D42C3F2A90973F2FEAB33F336C8B3F370B
:209E4000A6B53F3971DE3F3A844D3F0D844D3F0DBEE03F0E9D493F10B6AE3F12F1413F13D4
:209E5000FE5D3F1304EA3F149BA63F14F06F3F15FCB93F17D42C3F1A9E1B3F1E39C13F23E7
:209E60001D7E3F28AC083F2C624E3F30B0213F3274BC3F334C303F064C303F0673193F076A
:209E700044673F0950B13F0B9EED3F0CFAAD3F0C3C363F0DE69B3F0D2E493F0F3A933F115F
:209E800004EA3F14CED93F17779A3F1C758E3F2124DD3F2602753F2A779A3F2C49523F2DEC
:209E9000B7803F00B7803F00F2133F01A29C3F0366CF3F05872B3F06E2EB3F0658E23F07FF
:209EA0001D7E3F086BBA3F096AE83F0B353F3F0EFF2E3F11A7F03F16A5E33F1B6F693F2074
:209EB00067383F24FD223F26EF9E3F276C223EF86C223EF822D13EFB5C923EFEB0F23F005A
:209EC0007C1C3F01CAC13F0147453F022CA53F03816F3F048DB93F065E9E3F0921FF3F0D91
:209ED000C4333F11BB993F168BAC3F1B8A093F1F3A2A3F22404F3F2319CE3EF119CE3EF11E
:209EE000D07D3EF3F0073EF68C7E3EF9ACDA3EFA15B53EFB01A33EFCE69B3EFD624E3F002E
:209EF0006E983F0253263F050FF93F099E843F0D8F5C3F1258E23F17573F3F1B1B093F1E53
:209F0000212D3F1F4A8C3EEA4A8C3EEA0E563EED13A93EF054613EF25A863EF3B6463EF3FD
:209F1000AF4F3EF4BB993EF6999A3EF9BF483EFDD14E3F018E223F050F913F0A00693F0FDA
:209F2000B6463F13AE143F17786C3F1A8BAC3F1B25AF3EE425AF3EE4F6943EE6BA5E3EE914
:209F3000B98C3EEBCCCD3EEC4FDF3EED7D563EEE89A03EF074BC3EF3A7873EF78ADB3EFDCD
:209F400082413F0203B03F07E76D3F0B902E3F107AE13F143EAB3F1758793F1869AD3EDE12
:209F500069AD3EDE2D773EE1F1413EE3BC023EE5E9793EE6AE143EE70FF93EE9367A3EEB53
:209F60002EB23EEE617C3EF244D03EF8B15B3EFF538F3F04374C3F09C5D63F0D9CE03F1192
:209F700060AA3F1481063F15999A3ED9999A3ED9432D3EDCB8523EDE68DC3EE0B08A3EE19A
:209F80009C783EE23FE63EE4809D3EE6930C3EE9D2F23EEDA92A3EF3089A3EFBFF2E3F0104
:209F9000D5D03F0650B13F0B14123F0FDE6A3F11F8383F1259B43ED559B43ED5A7873ED76C
:209FA000C0EC3ED98BAC3EDBC63F3EDCF3B63EDDD8AE3EDF4DD33EE27A783EE5C77A3EE94B
:209FB0009DB23EEFF0073EF6CB923EFFAF4F3F041D153F09CCCD3F0C97243F0FB7803F1022
:209FC000FF973ED0FF973ED026183ED3FDF43ED4FD223ED637B53ED8B3D03ED9C01A3EDB25
:209FD00069AD3EDEBDA53EE117C23EE6E0DF3EEB33333EF3F4883EFBB6AE3F0210CB3F07C7
:209FE000C7113F0A7DBF3F0DAB363F0ECCCD3ECCCCCD3ECCE6323ECEB0F23ED0CA583ED23E
:209FF00004EA3ED4CFAB3ED510623ED8D42C3EDA4F763EDEA9933EE272B03EE8C5053EEFA8
:20A0000086593EF8F27C3F003F7D3F05E8A73F08A5E33F0BCCCD3F0CDB8C3EC8DB8C3EC818
:20A01000020C3ECBCCCD3ECCD9173ECE48173ED047453ED2AF4F3ED49A6B3ED722D13EDB3B
:20A020007CEE3EDF38EF3EE5985F3EEC59B43EF59E1B3EFE8EF33F03381D3F07EECC3F0999
:20A0300022D13F0BAEE63EC5AEE63EC593DE3EC751833EC95DCC3ECBE7043ECC0D843ECF8F
:20A040008FC53ED195183ED42A993ED891D13EDC40B83EE2A0273EE96E983EF2A5E33EFB8C
:20A050000C4A3F02AEE63F0565953F08999A3F09DE013EC2DE013EC24D013EC417C23EC6DA
:20A0600016F03EC8C77A3EC9154D3ECCA4A93ECEB7173ED166CF3ED5CE073ED97CEE3EDF2F
:20A07000CF423EE69DB23EEFE2193EF8A3D73F0046743F04FD223F0637B53F08346E3EC001
:20A08000346E3EC0205C3EC11F8A3EC304813EC5E9793EC6374C3EC9E0DF3ECB0D843ECF1D
:20A09000CA583ED231903ED7E0763EDC25AF3EE4F41F3EEC38863EF69E1B3EFEF1AA3F0242
:20A0A000AEE63F05E9793F0663883EBD63883EBD1B093EBE41893EC026813EC218933EC419
:20A0B00073823EC644673EC9710D3ECC3AFB3ED0AF4F3ED4511A3EDA89373EE157A83EEA81
:20A0C0009C0F3EF31BDA3EFCB7173F017AE13F04B5743F05511A3EBA511A3EBA2FEC3EBB82
:20A0D0007DBF3EBD62B73EBF61E53EC1E4263EC3B50B3EC6EECC3EC9B8BB3ECD3A2A3ED25C
:20A0E000DBF53ED714123EDFD5673EE719CE3EF1B3D03EF989A03F0053F83F038E8A3F04B7
:20A0F000BB30405F189340609EED40604952406111344062EE634062DBF54063D6A14064AC
:20A10000DB234065EB1C4066034740681D154069353F406A46DC406B49BA406C4120406D7A
:20A11000786C406EC7E34070C7E34070BB30405F189340609EED40604952406111344062C6
:20A12000EE634062DBF54063D6A14064DB234065EB1C4066034740681D154069353F406A63
:20A1300046DC406B49BA406C4120406D786C406EC7E34070C7E3407042C44049687340494C
:20A14000D97F4049A4A9404AB98C404B205C404DDFA4404E02DE40519097405383E4405635
:20A15000AEE64059B780405C8EF3405F2B6B4062902E40649931406650484068C711406A03
:20A16000C711406A8E22402DD495402DA7F0402E0EBF4030FD8B403172B040345F70403753
:20A17000AE7D403A4C30403E3886404288CE40464BC7404B2A994050BAC74054E076405821
:20A18000154D405C786C405E5B5740615B57406131F940167A1040163B6440179A0240184F
:20A19000A4A9401A5326401DA23440209A0240242F1B402948E9402EC3614033A0274039D3
:20A1A000B7E9403F893740450F28404BC01A404FC7114052E3544055E35440555F704003FC
:20A1B000D8AE4003CE7040043BCD4006432D4008FEC5400A5AEE400E6CF440122B02401765
:20A1C00096BC401CA64C40224AF540294EA5403067A14037C433403D8EF340438D50404717
:20A1D000B6AE404AB6AE404A8FC53FE9C3CA3FEAE3BD3FECE5C93FEFE4263FF330BE3FF958
:20A1E000E5C93FFFF1414003A09040081965400E49BA40141759401B76C940224C30402A11
:20A1F000C433403160AA40388C7E403D096C4041096C4041786C3FD2EAB33FD32EB23FD659
:20A200004AF53FD93F7D3FDD54613FE2CB293FE8A3D73FF0C4333FF92B6B40024B5E40087D
:20A21000295F400F8DB94016594B401E9AD44026353F402E89A04034E2194038E219403880
:20A22000A4403FBF41203FC1A5E33FC3D9173FC6D7733FCAC84B3FCFFD8B3FD58ADB3FDDCB
:20A23000703B3FE6B7803FF087FD3FFCFAAD40045879400C0D1B401449BA401CCB294024DE
:20A24000154D402C0419403204194032DBF53FAF96533FB11BDA3FB45F703FB767A13FBBCC
:20A2500051EC3FC04F763FC691683FCD353F3FD637B53FE0A5E33FEBA0903FF874BC4003C3
:20A2600018FC400B1DE74013CD36401B0D1B40248EF3402B8EF3402B8C153FA24D013FA4B3
:20A27000CBFB3FA60F913FAA21963FAE05533FB3EF353FB8EF9E3FBF44D03FC805BC3FD219
:20A280002BD43FDDC77A3FE993DE3FF7367A40031412400BC01A4013D1B7401C30BE4025CB
:20A2900030BE402545393F97F9093F9861133F9B8DB93F9E85883FA25F703FA72F1B3FADE4
:20A2A0000B783FB41F213FBC9B3D3FC583123FD0C9863FDC3A2A3FEA7C853FF8EC574003B8
:20A2B0005048400CE00D4015F694401EF694401EA1CB3F8D3EAB3F8F8C7E3F9195183F944F
:20A2C0005F073F98119D3F9DC7113FA285F03FA9652C3FB19C783FBA38EF3FC53DD93FD1C2
:20A2D000703B3FDE3C9F3FEC18FC3FFBA9FC400558E2400FF41F4018F41F401842C43F853F
:20A2E000D5D03F860CB33F89E76D3F8B837B3F8FFB163F937F633F991D7E3FA0D5673FA74A
:20A2F000CE703FB022D13FBBD5D03FC6CD363FD358103FE19DB23FEF65FE3FFF38EF40095F
:20A300007176401371764013F4883F7BF34D3F7E8FC53F8149BA3F84B4A23F87F4883F8B5A
:20A31000374C3F919A6B3F9727BB3F9F00003FA80F913FB266CF3FBD1FF33FCA7CEE3FD7FB
:20A32000460B3FE5A8C13FF4958140033886400E3886400E1AA03F6FF2133F71F06F3F756B
:20A3300015B53F7BC7E33F80D6A13F84D7DC3F89F2E53F8F48803F97F2E53F9FD7DC3FA9D8
:20A34000E3BD3FB43A933FC16CF43FCEE4263FDBE1483FEAB5DD3FFC3A9340093A934009C1
:20A35000AFB83F635FD93F6629C73F6A14123F6F3F7D3F75ED913F7C39C13F830CB33F89AE
:20A360001A373F908CE73F984DD33FA221FF3FAD1D153FB9075F3FC64A233FD3F55A3FE1E3
:20A3700067A13FF3793E4004793E400472473F590EBF3F5CAACE3F5F538F3F6430553F6A1B
:20A380007C1C3F718C153F7AD0E53F82930C3F89BA5E3F914D6A3F9BFD8B3FA5AD433FB179
:20A390003BCD3FBE573F3FCBC0EC3FD9B9F53FEA04EA400004EA400048173F50C3CA3F5205
:20A3A00031F93F569FBE3F5A346E3F602B023F67C5053F6F57A83F7AA29C3F8378033F8B5F
:20A3B000CCCD3F94559B3F9FCD9F3FAA0A3D3FB7F1413FC329C73FD2A9933FE22B023FF7CC
:20A3C0002B023FF7FCB93F475E353F4A9E843F4DD7DC3F5124743F57CC643F5D04193F6616
:20A3D0001A373F706A7F3F7CB8BB3F85BB993F8E16873F9963F13FA45BC03FB0FDF43FBCCF
:20A3E00015B53FCB22D13FDB93DE3FEF93DE3FEF75F73F40B0213F42CFAB3F45DB233F497D
:20A3F000ECC03F4E460B3F551B713F5DBB993F6682413F726C223F801D153F8939C13F9387
:20A40000594B3F9E1CAC3FAA809D3FB66DC63FC418933FD4F9723FE7F9723FE7930C3F39CB
:20A41000B98C3F3BB1C43F3E88CE3F426C8B3F477DBF3F4DF7663F5428243F5E652C3F694D
:20A420001DE73F77E76D3F83B5743F8D9A023F982F833FA46C223FB021963FBE77323FCD69
:20A430009A023FE09A023FE0404F3F3353263F352A993F38DA513F3B83123F40594B3F468C
:20A440007DBF3F4D45A23F56FF973F6021963F6E28243F7E902E3F882FEC3F938DB93F9E81
:20A45000A64C3FAA2DE03FB834D73FC7F2133FD9F2133FD970A43F2D6FD23F2F26813F327B
:20A46000AEE63F3529C73F3AB7E93F3F94463F46F9DB3F4E3DD93F59CFAB3F6532613F757A
:20A47000B98C3F83147B3F8E2D773F9925463FA585883FB244673FC1645A3FD3645A3FD355
:20A4800016F03F28FBE73F29985F3F2CF9723F2F46743F34999A3F3927523F4037B53F4887
:20A490000C4A3F52147B3F5ECCCD3F6C703B3F7E44673F89154D3F94D8AE3F9F182B3FADB2
:20A4A0009F563FBB119D3FCD119D3FCD26183F23F7663F2473193F27B3683F2AD2893F2E9B
:20A4B000F1413F3336E33F3AF2133F415DCC3F4BE9793F56FDF43F64F06F3F75B5DD3F842B
:20A4C0003B643F8FBD3C3F9AE2823FA731F93FB603B03FC703B03FC770A43E3D1F213E3421
:20A4D00089A03E307D563E2E5CFB3E2DD9E83E2C0E563E2D42C43E2D91683E2DE00D3E2DAD
:20A4E000978D3E2EE6323E2E1AA03E2F69443E2F69443E2F69443E2F1AA03E2FE6323E2E28
:20A4F000978D3E2EE00D3E2D91683E2D42C43E2D0E563E2DD9E83E2C5CFB3E2D7D563E2E94
:20A5000089A03E301F213E3470A43E3D70A43E3D1F213E3489A03E307D563E2E5CFB3E2D8A
:20A51000D9E83E2C0E563E2D42C43E2D91683E2DE00D3E2D978D3E2EE6323E2E1AA03E2FC9
:20A5200069443E2F69443E2F69443E2F1AA03E2FE6323E2E978D3E2EE00D3E2D91683E2DD6
:20A5300042C43E2D0E563E2DD9E83E2C5CFB3E2D7D563E2E89A03E301F213E3470A43E3DC7
:20A54000B0213E32161E3E2A809D3E268E8A3E246E2F3E23680A3E22339C3E22339C3E22F5
:20A55000339C3E22D0E53E227A783E25CF423E26240B3E28930C3E29C77A3E29930C3E2994
:20A56000240B3E28CF423E267A783E25D0E53E22339C3E22339C3E22339C3E22680A3E2208
:20A570006E2F3E238E8A3E24809D3E26161E3E2AB0213E325C923DFE3BCD3E0E48173E10CB
:20A58000624E3E10624E3E1068733E1188CE3E12F7CF3E1381063E15F0073E16089A3E1BB8
:20A590007DBF3E1DBE773E1FB6AE3E221F8A3E23B6AE3E22BE773E1F7DBF3E1D089A3E1BCC
:20A5A000F0073E1681063E15F7CF3E1388CE3E1268733E11624E3E10624E3E1048173E10E6
:20A5B0003BCD3E0E5C923DFEA8583DB591683DED06253E019BA63E046D5D3E0510CB3E07DF
:20A5C00016F03E0885F03E0978033E0B9E843E0DF1AA3E12CFAB3E15793E3E18DA513E1BF9
:20A5D0005D643E1CDA513E1B793E3E18CFAB3E15F1AA3E129E843E0D78033E0B85F03E091A
:20A5E00016F03E0810CB3E076D5D3E059BA63E0406253E0191683DEDA8583DB516F03DC8D5
:20A5F0003E423DE8F0D83DF4ED913DFC97243DFF9D493E0089373E01DE013E029BA63E043A
:20A60000C2273E06985F3E0CDF3B3E0FBD3C3E1252BD3E16D5D03E1652BD3E16BD3C3E1214
:20A61000DF3B3E0F985F3E0CC2273E069BA63E04DE013E0289373E019D493E0097243DFF99
:20A62000ED913DFCF0D83DF43E423DE816F03DC834D73DEF41203DF187FD3DF403473DF8C0
:20A630000F913DFA72473DF943FE3DFA50483DFC62B73DFFD7DC3E01C84B3E070F283E0BDC
:20A6400021963E0EEB853E1154613E12EB853E1121963E0E0F283E0BC84B3E07D7DC3E01A7
:20A6500062B73DFF50483DFC43FE3DFA72473DF90F913DFA03473DF887FD3DF441203DF1C3
:20A6600034D73DEF68733E1106253E013DD93DF965FE3DF7FD223DF6538F3DF4538F3DF4B4
:20A6700059B43DF503473DF8E76D3DFBC9EF3E0310CB3E073D713E0A3BCD3E0EBEE03E0E33
:20A680003BCD3E0E3D713E0A10CB3E07C9EF3E03E76D3DFB03473DF859B43DF5538F3DF4FA
:20A69000538F3DF4FD223DF665FE3DF73DD93DF906253E0168733E118CE73E2809033E0AA1
:20A6A0009D493E0072473DF98E223DF56F693DF09DB23DEF068E3DF012D73DF28E223DF56A
:20A6B00068DC3E00C9EF3E03F6943E06295F3E0BAC713E0B295F3E0BF6943E06C9EF3E0372
:20A6C00068DC3E008E223DF512D73DF2068E3DF09DB23DEF6F693DF08E223DF572473DF9EC
:20A6D0009D493E0009033E0A8CE73E28F55A3E39E5603E10E4263E031BDA3DFCF0D83DF44E
:20A6E000F41F3DECB98C3DEBB98C3DEB5CFB3DED6F693DF04A233DFBEBEE3E0018933E0415
:20A6F00065953E0802DE3E0965953E0818933E04EBEE3E004A233DFB6F693DF05CFB3DED74
:20A70000B98C3DEBB98C3DEBF41F3DECF0D83DF41BDA3DFCE4263E03E5603E10F55A3E3958
:20A7100010CB3E479B3D3E15F06F3E0521FF3DFD538F3DF4E1B13DE909D53DE8D5673DE774
:20A720000FF93DE922683DECC8B43DF621FF3DFDA36E3E010AA63E06A7F03E060AA63E061C
:20A73000A36E3E0121FF3DFDC8B43DF622683DEC0FF93DE9D5673DE709D53DE8E1B13DE9B4
:20A74000538F3DF421FF3DFDF06F3E059B3D3E1510CB3E477C853E50C7E33E1810CB3E07B0
:20A75000ED913DFCE48F3DF26C8B3DE7F7663DE48E8A3DE494AF3DE572B03DE8B0213DF212
:20A76000D4FE3DF8F9DB3DFEC9EF3E0367383E04C9EF3E03F9DB3DFED4FE3DF8B0213DF2DA
:20A7700072B03DE894AF3DE58E8A3DE4F7663DE46C8B3DE7E48F3DF2ED913DFC10CB3E07D2
:20A78000C7E33E187C853E503EAB3E57D42C3E1A5F703E071BDA3DFC0CB33DF1F7663DE4A7
:20A790004DD33DE27C1C3DE14DD33DE2F7663DE434D73DEF25463DF515B53DFBD7DC3E012F
:20A7A00075253E02D7DC3E0115B53DFB25463DF534D73DEFF7663DE44DD33DE27C1C3DE184
:20A7B0004DD33DE2F7663DE40CB33DF11BDA3DFC5F703E07D42C3E1A3EAB3E57DA513E5B03
:20A7C000F4883E1B45393E07ACDA3DFA00693DEF82413DE2D8AE3DDFD2893DDE6FD23DDF38
:20A7D000E4F73DE1EDFA3DEBDE6A3DF19A6B3DF700003E009D493E0000003E009A6B3DF7D9
:20A7E000DE6A3DF1EDFA3DEBE4F73DE16FD23DDFD2893DDED8AE3DDF82413DE200693DEFEF
:20A7F000ACDA3DFA45393E07F4883E1BDA513E5BD2893E5E432D3E1CA7F03E06D4FE3DF88D
:20A800008B443DEC0D1B3DE063883DDD5D643DDCC63F3DDC3B643DDFDB8C3DE8CBFB3DEEC6
:20A81000538F3DF484B63DFCF3B63DFD84B63DFC538F3DF4CBFB3DEEDB8C3DE83B643DDF01
:20A82000C63F3DDC5D643DDC63883DDD0D1B3DE08B443DECD4FE3DF8A7F03E06432D3E1C32
:20A83000D2893E5EAA653E6028F63E1CF06F3E0594463DF6161E3DEACC643DDD22D13DDB8D
:20A840001CAC3DDA511A3DDA91D13DDCFD8B3DE5EDFA3DEB41203DF172473DF9E1483DFA85
:20A8500072473DF941203DF1EDFA3DEBFD8B3DE591D13DDC511A3DDA1CAC3DDA22D13DDBCA
:20A86000CC643DDD161E3DEA94463DF6F06F3E0528F63E1CAA653E6073823F263EAB3F27B6
:20A87000E9103F27BAC73F28999A3F291C433F2BD3C33F2B84B63F2C21FF3F2DAB9F3F2D36
:20A8800076C93F2EB8523F2ED9173F2E48803F2F48803F2F48803F2FD9173F2EB8523F2EC2
:20A8900076C93F2EAB9F3F2D21FF3F2D84B63F2CD3C33F2B1C433F2B999A3F29BAC73F28C9
:20A8A000E9103F273EAB3F2773823F2673823F263EAB3F27E9103F27BAC73F28999A3F2905
:20A8B0001C433F2BD3C33F2B84B63F2C21FF3F2DAB9F3F2D76C93F2EB8523F2ED9173F2E58
:20A8C00048803F2F48803F2F48803F2FD9173F2EB8523F2E76C93F2EAB9F3F2D21FF3F2D14
:20A8D00084B63F2CD3C33F2B1C433F2B999A3F29BAC73F28E9103F273EAB3F2773823F266F
:20A8E000F2133F115AEE3F12FEC53F12EAB33F131EB83F153E423F1843FE3F1AAC083F1CBD
:20A8F00076603F1F2D0E3F2204193F266C8B3F2765953F2878D53F2978D53F2978D53F2919
:20A9000065953F286C8B3F2704193F262D0E3F2276603F1FAC083F1C43FE3F1A3E423F18A7
:20A910001EB83F15EAB33F13FEC53F125AEE3F12F2133F11C8B43EF6C8B43EF66C223EF8E8
:20A9200022D13EFBB8523EFE4D013F0452543F07A64C3F0A353F3F0E1FF33F128C7E3F1967
:20A93000432D3F1C00D23F1EF2E53F1FF2E53F1FF2E53F1F00D23F1E432D3F1C8C7E3F1912
:20A940001FF33F12353F3F0EA64C3F0A52543F074D013F04B8523EFE22D13EFB6C223EF8E5
:20A95000C8B43EF6C8B43EF6617C3ED2B6463ED366CF3ED510623ED8CD363EDB0AA63EE6CD
:20A96000985F3EEC39583EF4AC083EFCFEC53F0207C83F0D06253F11C3613F1311343F165B
:20A9700011343F1611343F16C3613F1306253F1107C83F0DFEC53F02AC083EFC39583EF4D2
:20A98000985F3EEC0AA63EE6CD363EDB10623ED866CF3ED5B6463ED3617C3ED2C8B43EB66C
:20A99000EF353EB8FB7F3EBAB22D3EBD61E53EC1B98C3ECB47453ED2F55A3ED9C3CA3EE2FF
:20A9A00056D63EECFF973F00809D3F0699313F0A70A43F0D70A43F0D70A43F0D99313F0AC4
:20A9B000809D3F06FF973F0056D63EECC3CA3EE2F55A3ED947453ED2B98C3ECB61E53EC1B8
:20A9C000B22D3EBDFB7F3EBAEF353EB8C8B43EB6BDA53EA174543EA4B50B3EA685F03EA9B6
:20A9D000288D3EAD58E23EB7D97F3EBD38EF3EC5B8BB3ECD65FE3ED7D9E83EECC7E33EF85A
:20A9E00012D73F0294463F0694463F0694463F0612D73F02C7E33EF8D9E83EEC65FE3ED763
:20A9F000B8BB3ECD38EF3EC5D97F3EBD58E23EB7288D3EAD85F03EA9B50B3EA674543EA4D3
:20AA0000BDA53EA1CB293E9004EA3E9494463E968C7E3E992F1B3E9D10CB3EA76A163EAD94
:20AA1000BC6A3EB4E0763EBC17C23EC6645A3EDBCF423EE6C3613EF30CB33F010CB33F0182
:20AA20000CB33F01C3613EF3CF423EE6645A3EDB17C23EC6E0763EBCBC6A3EB46A163EAD06
:20AA300010CB3EA72F1B3E9D8C7E3E9994463E9604EA3E94CB293E9039C13E8373823E869C
:20AA400002DE3E892F833E8CF9723E8FA6B53E99E5C93E9F10CB3EA71AA03EAFE9103EB789
:20AA500063F13ECCA7873ED718933EE48D503EF78D503EF78D503EF718933EE4A7873ED732
:20AA600063F13ECCE9103EB71AA03EAF10CB3EA7E5C93E9FA6B53E99F9723E8F2F833E8CB2
:20AA700002DE3E8973823E8639C13E8389A03E70AE7D3E767E913E7BC49C3E808E8A3E8435
:20AA800056043E8E538F3E94645A3E9B53F83EA3FB163EAB62B73EBF8C153ECA5FD93ED614
:20AA9000F41F3EECF41F3EECF41F3EEC5FD93ED68C153ECA62B73EBFFB163EAB53F83EA3BE
:20AAA000645A3E9B538F3E9456043E8E8E8A3E84C49C3E807E913E7BAE7D3E7689A03E70AF
:20AAB00083E43E5E5A1D3E64DB8C3E687D563E6E8E223E7567383E8464C33E8A41203E91FB
:20AAC000096C3E99A36E3EA146743EB406F73EBF7EFA3ECAC3CA3EE2C3CA3EE2C3CA3EE20D
:20AAD0007EFA3ECA06F73EBF46743EB4A36E3EA1096C3E9941203E9164C33E8A67383E8484
:20AAE0008E223E757D563E6EDB8C3E685A1D3E6483E43E5E76603E4FE3BD3E5416873E5982
:20AAF00069AD3E5EF7663E644BC73E7796533E8165953E88F9723E8F6C223E98B3683EAAC7
:20AB0000D6A13EB41A373EC04AF53ED94AF53ED94AF53ED91A373EC0D6A13EB4B3683EAAC0
:20AB10006C223E98F9723E8F65953E8896533E814BC73E77F7663E6469AD3E5E16873E5975
:20AB2000E3BD3E5476603E4FA9933E42AE143E47AC713E4B96BC3E50D5D03E5609D53E683A
:20AB300081D83E7383123E8009D53E883AFB3E9040B83EA2E0DF3EABD5D03EB6624E3ED02A
:20AB4000624E3ED0624E3ED0D5D03EB6E0DF3EAB40B83EA23AFB3E9009D53E8883123E8066
:20AB500081D83E7309D53E68D5D03E5696BC3E50AC713E4BAE143E47A9933E429A6B3E371B
:20AB60006A7F3E3C1A373E40B5DD3E448C153E4A9FBE3E5A94AF3E6595EA3E72D1B73E8016
:20AB7000E8A73E88786C3E9AF1413EA38A723EAEEF9E3EC7EF9E3EC7EF9E3EC78A723EAE1B
:20AB8000F1413EA3786C3E9AE8A73E88D1B73E8095EA3E7294AF3E659FBE3E5A8C153E4A18
:20AB9000B5DD3E441A373E406A7F3E3C9A6B3E37FA443E2D7BB33E32F6FD3E355E353E3A2D
:20ABA000CB923E3FF34D3E4E30BE3E59AEE63E656DC63E744DD33E825A863E93C63F3E9CDE
:20ABB00003B03EA7E5C93EBFE5C93EBFE5C93EBF03B03EA7C63F3E9C5A863E934DD33E82E4
:20ABC0006DC63E74AEE63E6530BE3E59F34D3E4ECB923E3F5E353E3AF6FD3E357BB33E321F
:20ABD000FA443E2D94AF3E25E1B13E290E563E2D26E93E315FD93E369BA63E443BCD3E4ECD
:20ABE00002753E5A3E423E686C223E78E7043E8C11343E96346E3EA051EC3EB851EC3EB828
:20ABF00051EC3EB8346E3EA011343E96E7043E8C6C223E783E423E6802753E5A3BCD3E4EB7
:20AC00009BA63E445FD93E3626E93E310E563E2DE1B13E2994AF3E2548173F2063F13F1C6C
:20AC10001D7E3F1809D53F18E8A73F18ACDA3F1AE7D53F1ABAC73F18F5C33F18C7113F1A0B
:20AC20007EFA3F1A78033F1B15B53F1B3C9F3F1C28F63F1CFAAD3F1CD35B3F1C42C43F1DAE
:20AC3000EB853F31020C3F1B80343F170B0F3F1518FC3F134EA53F10EC573F0FE5603F1077
:20AC4000EB853F114DD33F125B573F112CA53F13538F3F14CFAB3F154C303F1658E23F173A
:20AC50008D503F17FCB93F1778033F0B624E3F004E3C3F014E3C3F01DE6A3F01205C3F011A
:20AC6000D0E53F02EB1C3F02EA4B3F043F143F06BB303F0716873F09FB7F3F0A288D3F0DAC
:20AC7000D9173F0E7C853F1041203F11C4333F1167383EA4C01A3EDB25AF3EE493DE3EE73F
:20AC8000930C3EE949BA3EECF9723EEF47453EF26CF43EF643FE3EFA7CEE3EFF6F003F010A
:20AC90009C0F3F03E3543F0551EC3F08E83E3F09089A3F0B71763F0B460B3E85E8A73EC884
:20ACA000A8583ED569AD3EDE70A43EDD41893EE0E4F73EE1F7663EE41D153EE949BA3EEC39
:20ACB00054613EF2F6FD3EF528F63EFC5BC03F002CA53F03A8C13F0417C23F06809D3F0688
:20ACC00038863E963C9F3ECC2EB23ECEE83E3ED9F0073ED6A6B53ED9B3D03ED9D35B3EDC75
:20ACD000F2E53EDF53F83EE3A71E3EE863F13EEC404F3EF31D7E3EF828243EFEA3D73F00C9
:20ACE0001FF33F0282413F0276C93EBE1E4F3ED6837B3ECF44D03ED85A863ED381063ED581
:20ACF00004EA3ED4FD223ED63DD93ED9DA513EDB06253EE1DD2F3EE4B98C3EEBD8453EF06F
:20AD000031903EF7B9F53EFAB22D3EFD69AD3EFE35A83EEDC84B3EE795183ED44AF53ED996
:20AD100034053ED118FC3ED348173ED088CE3ED28EF33ED3CFAB3ED55E353EDA76C93EDEBE
:20AD200087943EE58C153EEA19CE3EF10B0F3EF510623EF8EF353EF865953F089B3D3EF55B
:20AD3000FB7F3EDA7E913EDBA3D73ED068733ED1013B3ECDB1C43ECECBFB3ECE4E3C3ED1A4
:20AD400073EB3ED5652C3ED927523EE02BD43EE5E0DF3EEBF9723EEF26183EF31F213EF4C0
:20AD500073823F1668DC3F002E493EDF779A3EDCB7E93ECFC5053ECF4A8C3ECA50B13ECBEB
:20AD6000C0833ECA4FDF3ECD41203ED1F0D83ED4CD363EDB83123EE0381D3EE76AE83EEB41
:20AD7000BEE03EEEB7E93EEF3AFB3F20D07D3F036F003EE1E0763EDCA4A93ECEFA443ECD69
:20AD800009D53EC8C1553EC879A73EC7AD433EC9844D3ECD26E93ED1DBF53ED784B63EDC64
:20AD90001F8A3EE352543EE7B3683EEAAC713EEB31273F2838863F0639C13EE35D643EDCCD
:20ADA00042C43ECD2F833ECCD6393EC5594B3EC69BA63EC473823EC6FBE73EC9AB9F3ECD92
:20ADB00087FD3ED4FC503ED88A093EDF88663EE303B03EE7EF9E3EE78ADB3F2D3EAB3F0742
:20ADC000A29C3EE32FEC3EDB6AE83ECB30553ECAC9EF3EC325AF3EC440B83EC2E4263EC366
:20ADD000DC5D3EC671DE3ECA82AA3ED1B5743ED5432D3EDC0D1B3EE095813EE38E8A3EE417
:20ADE000B08A3F31EF9E3F0705533EE33DD93ED9AD433EC9FCB93EC7B08A3EC1CAC13EC1BC
:20ADF00000003EC061E53EC13FE63EC4AE143EC7B1C43ECEB0213ED23DD93ED9ED913EDCEB
:20AE000075F73EE061E53EE160AA3F341D7E3F084DD33EE280343ED7BB303EC787943EC5CD
:20AE10008A093EBF48803EBFA5123EBDD2893EBEBDA53EC1F7663EC408313ECCDF3B3ECF9A
:20AE20007A103ED602753EDA8ADB3EDD83E43EDE26184027B50B40264A2340279A6B4027D7
:20AE3000C9EF402720C54028C2F84028758E4029B8BB4029233A402ABD3C402A2E49402B20
:20AE4000A440402B2DE0402CCB29402C7C1C402D0553402F50B14033710D401455324014DD
:20AE500084B64014DB8C4014A8584015BD3C4016EAB3401725464019A305401A1062401C6D
:20AE6000F55A401D93DE401FFDF44020511A40226AE84023624E4024D7DC4025CB294028FB
:20AE70007A783FFDFAAD3FFC63883FFD8A723FFE4D014000F8A14001FE5D400369AD4006F0
:20AE8000182B4009D07D400BE7D5400E12D74012D35B4014A0F94017E3544019923A401B20
:20AE9000FC50401C79A7401F511A3FDA7BB33FDA4D6A3FDBD9E83FDC90973FDF089A3FE3FA
:20AEA00031903FE75D643FECA64C3FF2A6B53FF9D4FE4000AF4F400475F740087FCC400C6A
:20AEB00003474010CA584012D35B40143B644017E9793FBE837B3FBFAA653FC092A33FC25D
:20AEC00049523FC5E5603FC86D5D3FCDEB1C3FD226E93FD965953FE0C1553FE872473FF133
:20AED0001FF33FFAD49540015604400643FE400A652C400D1A374010930C3FA95E353FAAC0
:20AEE000C3613FABC91D3FAD86593FB025AF3FB4C1553FB8353F3FBEA2343FC4D70A3FCB9B
:20AEF0000EBF3FD425463FDD703B3FE6ADAC3FF0F1AA3FFA36E340027D5640068C7E4009E8
:20AF0000B0F23F9896533F990F283F9B2F1B3F9DF2E53F9F7E913FA300003FA853263FADCE
:20AF1000A29C3FB3F1AA3FBA18FC3FC332CA3FCC9E843FD53AFB3FE0EB1C3FEA77323FF5A9
:20AF2000B15B3FFF93DE400322D13F8B154D3F8C8E223F8DAE143F8F6B513F92DCC63F951A
:20AF30002D0E3F9A559B3F9F6A163FA5985F3FACBC6A3FB4C91D3FBD34D73FC7A0273FD1F6
:20AF40008E8A3FDCA4403FE7FEC53FF236113FFC10623F8002DE3F8175253F827E283F84A9
:20AF500027BB3F87786C3F8A9E1B3F8E8EF33F93758E3F9965953FA05F073FA85B573FB110
:20AF6000D7733FBADD2F3FC4BE773FCF1F8A3FDB2E493FE78FC53FF1B8BB3F6D97243F6FD0
:20AF700054613F723F143F7650B13F7BD1B73F80CCCD3F848FC53F8934D73F8FE69B3F95AB
:20AF8000AEE63F9D872B3FA6F9723FAFCAC13FB9432D3FC4AE143FCF25AF3FDC62B73FE75D
:20AF9000147B3F5EDF3B3F5F88CE3F6245A23F661C433F6B205C3F71ADAC3F78E8A73F80A7
:20AFA00056043F86C63F3F8C49BA3F94F0D83F9C3BCD3FA6F62B3FAF1CAC3FBA53263FC5EF
:20AFB0000C4A3FD2C91D3FDD902E3F504DD33F52DD2F3F5472B03F5814E43F5DD0E53F62D8
:20AFC00002753F6ABD3C3F72288D3F7DBFB13F8404EA3F8C6A7F3F9491683F9D2E493FA75C
:20AFD00013403FB1EDFA3FBBBAC73FC8E3BD3FD4D0143F447A103F46EF353F4856D63F4C2A
:20AFE000C49C3F5045A23F56288D3F5D7A783F6569443F6F43963F7BA2343F84C9863F8C5E
:20AFF000BC023F953EAB3F9FEBEE3FA86AE83FB327523FC0A2343FCC85883F3A22683F3C00
:20B0000076C93F3EB7173F41E9E23F45295F3F4BBDA53F51AD433F5933333F639E1B3F6EDD
:20B0100001A33F7CE00D3F85A4A93F8E068E3F987F633FA1C6A83FAB2A993FB8F0D83FC4EC
:20B02000758E3F31FEC53F3232613F354B5E3F3849BA3F3C47AE3F4186C23F471AA03F4F39
:20B030003E423F5833333F63068E3F7034D73F7F20C53F8858103F91B9F53F9AB5DD3FA4F5
:20B04000E2193FB0CFAB3FBDA8004604A8004604A8004604A8004604A8004604A8004604E4
:20B050007000462D400046407B33464430CD4643AA66463D24664638B8CD46339133462EA8
:20B060009F9A46243ACD4622000000000000000000000000000000000000000000000000BE
:20B070000000000000000000B000461AB000461AB000461AB000461AB000461AB000461A60
:20B08000B000461AB000461AA8004604A8004604A80046041333465E5D9A4656A19A465B61
:20B090004A664653E733464B000000000000000000000000000000000000000000000000AC
:20B0A0000000000000000000DD9A4659DD9A46590333465828CD465664CD4653A0CD465032
:20B0B000519A464D0266464ABD9A46467933464355334640319A463D179A463AFD9A463652
:20B0C000FA664633F6CD46305A66462EBD9A462B953346296D334627CD3346252D9A462482
:20B0D000D133462274664621379A460C379A460CD6CD460B7600460BF79A460A7933460AD5
:20B0E000E8CD460958CD4609B6CD4608153346086B9A4607C2004606180046066E004605F4
:20B0F000F6CD46047F9A46041D9A4604BB3346036133460307334603A33346023F9A4602F9
:20B10000DA0046017400460182664603826646035F9A46043D3346050B334605D933460414
:20B11000DCCD4603E06646024A66460168CD45FF580045FB466645F7D8CD45F26A6645EED0
:20B12000DCCD45E9500045E5426645E134CD45DD30CD45DA2CCD45D7540045D47C0045D19D
:20B13000A59A45CECE6645CB7C0046017C004601DB3346023ACD46040D334605E000460586
:20B14000399A460693334606E06646072E004609FF33460BD066460E4CCD460FC933460FE2
:20B150004ACD460CCC6646081CCD46056D9A4601680045FCF4CD45F554CD45F1B4CD45ECC7
:20B16000880045E85B3345E44E66465C4E66465C9CCD465DEACD465E62CD465EDA66465D9A
:20B17000F933465B1800465A20CD4657299A46549B9A46500E00464D399A464964CD4645C9
:20B18000A8004641EB33463D3E00463B90CD4638159A46369ACD463320CD4631A6CD462EEF
:20B190003D9A462CD466462968004654680046549CCD4656D1334658E93346590133465B72
:20B1A0002D33465B58CD465BB19A465A0A66465A3733465864664656B59A465407334653A3
:20B1B000FC664652F19A465284664652179A4652F2CD4650CE66464FDCCD464BEB33464794
:20B1C0003ACD46448A6646401C33469B1C33469BE533469AAE00469A04CD469C5B9A469DF7
:20B1D0001F33469CE2CD469A3433469B85CD469BDE66469B3700469C8833469BD933469A5B
:20B1E000A8CD46997833469800000000000000000000000000000000000000000000000072
:20B1F00000000000000000001C33469B1C33469BE533469AAE00469A04CD469C5B9A469DCE
:20B200001F33469CE2CD469A3433469B85CD469BDE66469B3700469C8833469BD933469A2A
:20B21000A8CD46997833469800000000000000000000000000000000000000000000000041
:20B2200000000000000000000000000000000000000000000000000000000000000000000E
:20B230006666BF26D1B7BF90B3D0BFA90481BFB50481BFB50481BFB50481BFB50481BFB5AE
:20B240006FD2BFA7B3D0BFA90000000000000000000000000000000000000000000000005C
:20B250000000000000000000000000000000000000000000000000000000000000000000DE
:20B260000000000000000000000000000000000000000000A58FBF4BC722BF4A8A8FBF6363
:20B270006534BF5BA5D3BF5300000000000000000000000000000000000000000000000081
:20B280000000000000000000F030BE9CF030BE9C4B34BED2D31CBF033459BF159596BF2689
:20B29000425FBF31EF28BF3B9E8CBF434DE0BF4B03DABF51B9D4BF5636F4BF5AB414BF5DE3
:20B2A00099D4BF5F7F84BF613E68BF63FD4CBF64723FBF67E732BF69ED7CBF6DF3C7BF7115
:20B2B000618DBF76CF53BF7A2646BDC02646BDC0274EBE093B79BE325326BE556A90BE7892
:20B2C0006E0DBE8BA6D2BE9AB246BEA7BDBABEB4198FBEC07543BECB8905BED59CC7BEDF0C
:20B2D000BDE4BEEADF22BEF5881EBF0020BCBF066EF8BF0BBD34BF1095FFBF156EB9BF1A03
:20B2E000E526BF1E5B81BF237E56BE197E56BE195E57BE529F2CBE85D4D8BE990A85BEAE81
:20B2F000B6CCBEBB6313BEC9C94FBED12F6ABEDA58A3BEDE81BABEE206E2BEE48C09BEE53A
:20B300004B06BEE50A03BEE5CCABBEE48F32BEE41ED6BEE6AE79BEE7C9DABEE8E519BEE9BB
:20B3100045B3BEEAA64CBEEAAF92BDE4AF92BDE45EDDBE2265F1BE5230DBBE7AFDE3BE902D
:20B320003FF2BEA18202BEB1E9C0BEC5515DBEDAADB4BEF68506BF09BFBEBF11FA76BF191B
:20B330007B35BF18FBE3BF16256CBF144EF4BF11D880BF0E620BBF0CA3FDBF0BE5EFBF0AE9
:20B340002EA1BF0A7742BF098156BE828156BE823A6DBEB2F384BEE1A954BF0158E6BF12AD
:20B350006734BF1D7582BF28CC2DBF2E22EABF3547E5BF386CCEBF3B6888BF3C6430BF3DD0
:20B360004C66BF3D349CBF3DF7C2BF3EBAE9BF40279EBF429442BF4344E1BF44F57FBF44BE
:20B3700023B3BF4551E7BF451349BE4F1349BE4FBCFDBE91F056BEBBBB7BBEDD86A1BEFF59
:20B380000CE5BF0D567ABF1A5D64BF24645EBF2E3D25BF3415ECBF3A51F0BF3F8DF3BF44E3
:20B390008277BF4D76FBBF56CB79BF5D2008BF65B863BF6A50BEBF701423BF6FD799BF6DE4
:20B3A000420FBF6CAC86BF6AB956BE30B956BE302D56BE69D0CCBE908AC6BEBA44BFBEE4BB
:20B3B0007321BEF550D3BF03A800BF12FF3FBF217F28BF2FFF11BF3C9653BF452D95BF4E5E
:20B3C000B353BF533922BF59000000000000000000000000000000000000000000000000E2
:20B3D0000000000000000000B956BE30B956BE302D56BE69D0CCBE908AC6BEBA44BFBEE462
:20B3E0007321BEF550D3BF03A800BF12FF3FBF217F28BF2FFF11BF3C9653BF452D95BF4E2E
:20B3F000B353BF533922BF59000000000000000000000000000000000000000000000000B2
:20B4000000000000000000004FA4000A4FA4000A4FA4000A4FA4000A4FA4000A4FA4000A3E
:20B410004FA4000A4FA4000A4FA4000A4FA4000A4FA4000A4FA4000A4FA4000A4EC8000A11
:20B420004EBE000A5209000A4F86000A5170000A4FB8000A5012000A4E82000A4E78000AC0
:20B430004E6E000A4E64000A4E5A000A4E50000A4E46000A4E3C000A4E32000A4EA0000A6C
:20B440004E96000A4E8C000A5367000A5335000A5303000A4E14000A4E0A000A52D1000A69
:20B450004ED2000A4E1E000A5120000A510C000A50F8000A50E4000A50D0000A50BC000A8A
:20B4600050A8000A5094000A512A000A5116000A5102000A50EE000A50DA000A50C6000AED
:20B4700050B2000A509E000A51C3000A51B9000A51AF000A51A5000A519B000A5191000A9A
:20B480004FA4000A4FA4000A5076000A506C000A5062000A4FA4000A4FA4000A4FA4000A69
:20B490004FA4000A4FA4000A4F18000A4F0E000A4F04000A4EFA000A4FE0000A4FD6000AB3
:20B4A0004FCC000A4FC2000A51FF000A51F5000A51EB000A51E1000A51D7000A51CD000AC6
:20B4B0004FA4000A4FA4000A5030000A503A000A501C000A5026000A4F54000A4F4A000A1E
:20B4C0004F40000A4F36000A4F7C000A4F72000A4F68000A4F5E000A5295000A528B000A54
:20B4D0005281000A5277000A533F000A535D000A5353000A5349000A530D000A532B000A0E
:20B4E0005321000A5317000A526D000A5263000A5259000A524F000A5245000A523B000A3A
:20B4F0005231000A5227000A4E00000A4DF6000A4DEC000A4FA4000A4FA4000A4E28000ACA
:20B50000504E000A5044000A4FA4000A4FA4000A4FA4000A4FA4000A5008000A4FFE000A38
:20B510004FF4000A4FEA000A5080000A515C000A5148000A5134000A4FA4000A4FA4000ACE
:20B520004FA4000A4FA4000A508A000A5166000A5152000A513E000A4FA4000A4FA4000A2C
:20B530004FA4000A4FA4000A4FA4000A4FA4000A4FA4000A4FA4000A4FA4000A4FA4000A13
:20B540004FA4000A4FA4000A4F2C000A4F22000A4FA4000A4FA4000A4FA4000A4FA4000AFD
:20B550004FA4000A4FA4000A4EF0000A4EE6000A4FA4000A4FA4000A4FA4000A4FA4000A67
:20B560004FA4000A4FA4000A4FA4000A4FA4000A4FA4000A4FA4000A4FA4000A4FA4000AE3
:20B570004FA4000A4FA4000A4FA4000A4FA4000A4FA4000A4FA4000A4FA4000A4FA4000AD3
:20B580004EB4000A4FA4000A4FA4000A4FA4000A4FA4000A4FA4000A4FA4000A4FA4000AB4
:20B590004EAA000A4FA4000A52DB000A52F9000A52EF000A52E5000A52A9000A52C7000A5C
:20B5A00052BD000A52B3000A4FA4000A4FA4000A4FA4000A4FA4000A4FA4000A4FA4000A75
:20B5B0004FA4000A4FA4000A5187000A4F90000A5058000A4F9A000A4EDC000A529F000AE2
:20B5C000521D000A5213000A82383DD48C15BD8AC9EFBE23E704BE0C3261BE75A027BE79BE
:20B5D0007829BE7AD9E83C2CC28FBB7598C8BC3B2DE0BB908312BC40346EBC00E62EBBE784
:20B5E0006199BBA319653BE2E83E3C59D14E3C91A1623CD606253D0129353D05D65EBC445F
:20B5F00034D73BEFFF973C908D503C9700D23CDE7E283D0C1BC13D12857FBC4C17553BF04B
:20B60000660E3C93EFE13C977EA63CDE423E3D0DF9013D12BBE03CCD2DE0BC904C30BD2697
:20B610001F21BCF49DB2BD6F7247BD79517ABD7BD4AEBA33D2893B5E80343BB739583C34B3
:20B6200003B03C67E9E23C95779A3C9C6199BBA319653BE2E83E3C59D14E3C91A1623CD680
:20B6300006253D0129353D05D65EBC4434D73BEFFF973C908D503C9700D23CDE7E283D0C9B
:20B640001BC13D12857FBC4C17553BF0660E3C93EFE13C977EA63CDE423E3D0DF9013D12E5
:20B650007560BB6449523A1D80343B3702753C1A34D73BEF80343BB7E24C3BAC560CBB9C58
:20B660009BA63BC454CA3C41FCB93C8783123CC0BCD33CE372653CEA6199BBA319653BE248
:20B67000E83E3C59D14E3C91A1623CD606253D0129353D05D65EBC4434D73BEFFF973C902A
:20B680008D503C9700D23CDE7E283D0C1BC13D12857FBC4C17553BF0660E3C93EFE13C976B
:20B690007EA63CDE423E3D0DF9013D122A30BD29C28FBBF54F0E3C2F4F0E3C2FE9E23C95DC
:20B6A000C28F3C7574583C6BE32EBC2619653BE2E4263C8361E53CA1A4403CDF154D3D0CF1
:20B6B00077213D11D70ABBA35F073C1843963C8BAB9F3CADEDFA3CEB30BE3D19E64F3D1FE5
:20B6C000045CBBC6C1553C28779A3C9C39583CB4068E3CF0779A3D1C68F13D23472CBBC8CC
:20B6D000DA593C299D343C9DA87E3CB44BC23CF0AF2D3D1CA4B53D23AAAC3C17E2823BC7CC
:20B6E0002DE03B90B8BB3C8DB9F53CDAEDFA3C6B8AB93C457193BB0CC1553C2843963C8B3B
:20B6F000C9EF3CC363203CEEB5DD3D04496B3D077B24BB8439583C34779A3C9CCCCD3CCCA2
:20B70000A9FC3CF1FF973D109A313D152635BBC4DCC63C354C303CA62F1B3CDDC56D3CFE3D
:20B710009F563D2B0C413D346057BBC8FA223C35F3F53CA646063CDEA5D33CFF655E3D2D27
:20B7200014593D36CBD53F0382AA3E11068EBD7099313DAAB6AE3DE2A0273C09A20EBC352A
:20B7300054693DA073EB3D35FDF43CD4F6943D86EBEE3D40EDFA3C6BDFA83C052C9D3BB5DC
:20B7400060423CE53FE63D2406253D8181063D1550483C7C77603C3A67ECBBB1779A3C9C99
:20B750004D013D04B22D3D9D1D153D4996533DA1362F3DAD539CBBC99BFE3C972BBF3D02BB
:20B760009B563D9F8DE33D4C41A23DAA34B53DB701D63E0069443CEF1759BCB72B02BE277A
:20B77000126F3A033E42BDA87C20BDC837B93C3FA3053B9249523A1D902E3BA045A23CB6B1
:20B78000E2823C47869C3C2884F9BBEC803439B7FF973B90DC5D3D06F7CF3CD3C2F83CE4E8
:20B79000F4DC3CE71CF33C9153263C85F3B63C7D52BD3D56F62B3D57F6943D861A8B3D8C1C
:20B7A000BA6B3C9E06533C8E058E3C859E8C3D5B4B1F3D5F26143D8C93713D9144D03C58CE
:20B7B0004952BB1DF27CBC304674BD141DE7BCA70B0FBD359C41BD47EB68B9E08A723C8E1B
:20B7C0002F1B3CDDDB233D79DCC63DB5C56D3DFE54503E06F27CBB30930C3CA965953D084D
:20B7D0001B093D9E22D13DDB28F63E1C08F63E25AA47BB6F31F93CE623A33D3916F03DC8C8
:20B7E000A3053E12E9E23E55BA5A3E62DC05BB733BDE3CEA63283D3CE3A43DCA1B933E155E
:20B7F000C38B3E59D7623E66ED81BCE0BCD3BC6344D0BBD8D70A3C236042BCE5096CBCF96B
:20B80000C7D2BCFC3C97BB9E0B0F3CB5E9E23D15B50B3DA66C8B3DE72A303E2958B03E338B
:20B810008B09BA8A31F93CE667A13D3314123DBFC6A83E0B8C153E4A80E03E5640B3BC3B9C
:20B82000B5DD3D0460423D65E1B13DE9538F3E3494AF3E85D9C23E8D92F7BC46E2CE3D05FC
:20B83000B4C03D68BC063DEC079E3E37BC1B3E87283D3E9038653C1E64C33AAAB717BB512F
:20B84000F3B6BC7DA8C1BD24779ABD9C9692BDAA126FBB0341F23CCFD70A3D23020C3DAB0F
:20B85000C28F3DF520C53E30454E3E3A3448BB81068E3CF054CA3D41CCCD3DCC38863E162F
:20B8600085883E5A88123E67F78CBC6396BC3D1021FF3D7D2E493DFF8F5C3E42B7173E910E
:20B87000F0E13E9ADCC2BC6E3A2A3D128F213D80450F3E01842B3E45254A3E948D7A3E9D3F
:20B88000014B3CE9B71739D1D845BC709D49BC80C7E3BD18A71EBDE8354CBE03DD5D3AB1A4
:20B890008BAC3CDBE3543D25F8A13DB1EBEE3E001D7E3E38A0EC3E42E5ACBB4E97243CFF66
:20B8A000923A3D4BFDF43DD4C63F3E1C30553E6AEF353E783138BCA496BC3D1053263D8529
:20B8B0007E913DFB9A023E4843FE3E9A8B653EA46A9CBCADB4FE3D116D983D870F803DFE22
:20B8C00085E83E4BBE623E9C37763EA77DBF3E5DE704BC0CD014BE04FF97BC90FCB9BC075C
:20B8D000A090BEF8966CBF1311B63D0F367A3D2B5E353D3A9A6B3DF7566D3E3DFE5D3E83D6
:20B8E0001A6D3E8B02753B9A9E843D4DFC503D9874BC3E134F763E5E6E2F3EC37B8D3ED346
:20B8F0008FD2BDA696BC3D10E8A73DC8A1623DD682413E82C5053EEF4A6B3F024E9CBDB262
:20B90000857F3D0C1A8B3DCC476B3DD1CC8E3E83B9B23EF2ED633F0382383DD48C15BD8A71
:20B91000C9EFBE23E704BE0C3261BE75A027BE797829BE7AD9E83C2CC28FBB7598C8BC3B2B
:20B920002DE0BB908312BC40346EBC00E62EBBE76199BBA319653BE2E83E3C59D14E3C9170
:20B93000A1623CD606253D0129353D05D65EBC4434D73BEFFF973C908D503C9700D23CDE72
:20B940007E283D0C1BC13D12857FBC4C17553BF0660E3C93EFE13C977EA63CDE423E3D0D3C
:20B95000F9013D12BBE03CCD2DE0BC904C30BD261F21BCF49DB2BD6F7247BD79517ABD7BD5
:20B96000D4AEBA33D2893B5E80343BB739583C3403B03C67E9E23C95779A3C9C6199BBA38A
:20B9700019653BE2E83E3C59D14E3C91A1623CD606253D0129353D05D65EBC4434D73BEFEE
:20B98000FF973C908D503C9700D23CDE7E283D0C1BC13D12857FBC4C17553BF0660E3C93A9
:20B99000EFE13C977EA63CDE423E3D0DF9013D127560BB6449523A1D80343B3702753C1ACA
:20B9A00034D73BEF80343BB7E24C3BAC560CBB9C9BA63BC454CA3C41FCB93C8783123CC0FA
:20B9B000BCD33CE372653CEA6199BBA319653BE2E83E3C59D14E3C91A1623CD606253D01B4
:20B9C00029353D05D65EBC4434D73BEFFF973C908D503C9700D23CDE7E283D0C1BC13D1246
:20B9D000857FBC4C17553BF0660E3C93EFE13C977EA63CDE423E3D0DF9013D122A30BD293D
:20B9E000C28FBBF54F0E3C2F4F0E3C2FE9E23C95C28F3C7574583C6BE32EBC2619653BE217
:20B9F000E4263C8361E53CA1A4403CDF154D3D0C77213D11D70ABBA35F073C1843963C8B22
:20BA0000AB9F3CADEDFA3CEB30BE3D19E64F3D1F045CBBC6C1553C28779A3C9C39583CB44B
:20BA1000068E3CF0779A3D1C68F13D23472CBBC8DA593C299D343C9DA87E3CB44BC23CF0AC
:20BA2000AF2D3D1CA4B53D23AAAC3C17E2823BC72DE03B90B8BB3C8DB9F53CDAEDFA3C6BA3
:20BA30008AB93C457193BB0CC1553C2843963C8BC9EF3CC363203CEEB5DD3D04496B3D071E
:20BA40007B24BB8439583C34779A3C9CCCCD3CCCA9FC3CF1FF973D109A313D152635BBC4D1
:20BA5000DCC63C354C303CA62F1B3CDDC56D3CFE9F563D2B0C413D346057BBC8FA223C35B4
:20BA6000F3F53CA646063CDEA5D33CFF655E3D2D14593D36CBD53F0382AA3E11068EBD70B8
:20BA700099313DAAB6AE3DE2A0273C09A20EBC3554693DA073EB3D35FDF43CD4F6943D861D
:20BA8000EBEE3D40EDFA3C6BDFA83C052C9D3BB560423CE53FE63D2406253D8181063D1536
:20BA900050483C7C77603C3A67ECBBB1779A3C9C4D013D04B22D3D9D1D153D4996533DA18A
:20BAA000362F3DAD539CBBC99BFE3C972BBF3D029B563D9F8DE33D4C41A23DAA34B53DB7C2
:20BAB00001D63E0069443CEF1759BCB72B02BE27126F3A033E42BDA87C20BDC837B93C3F65
:20BAC000A3053B9249523A1D902E3BA045A23CB6E2823C47869C3C2884F9BBEC803439B758
:20BAD000FF973B90DC5D3D06F7CF3CD3C2F83CE4F4DC3CE71CF33C9153263C85F3B63C7D5F
:20BAE00052BD3D56F62B3D57F6943D861A8B3D8CBA6B3C9E06533C8E058E3C859E8C3D5BFC
:20BAF0004B1F3D5F26143D8C93713D9144D03C584952BB1DF27CBC304674BD141DE7BCA7F4
:20BB00000B0FBD359C41BD47EB68B9E08A723C8E2F1B3CDDDB233D79DCC63DB5C56D3DFE6E
:20BB100054503E06F27CBB30930C3CA965953D081B093D9E22D13DDB28F63E1C08F63E252E
:20BB2000AA47BB6F31F93CE623A33D3916F03DC8A3053E12E9E23E55BA5A3E62DC05BB733E
:20BB30003BDE3CEA63283D3CE3A43DCA1B933E15C38B3E59D7623E66ED81BCE0BCD3BC63A9
:20BB400044D0BBD8D70A3C236042BCE5096CBCF9C7D2BCFC3C97BB9E0B0F3CB5E9E23D15EC
:20BB5000B50B3DA66C8B3DE72A303E2958B03E338B09BA8A31F93CE667A13D3314123DBF1F
:20BB6000C6A83E0B8C153E4A80E03E5640B3BC3BB5DD3D0460423D65E1B13DE9538F3E34E4
:20BB700094AF3E85D9C23E8D92F7BC46E2CE3D05B4C03D68BC063DEC079E3E37BC1B3E8712
:20BB8000283D3E9038653C1E64C33AAAB717BB51F3B6BC7DA8C1BD24779ABD9C9692BDAA71
:20BB9000126FBB0341F23CCFD70A3D23020C3DABC28F3DF520C53E30454E3E3A3448BB8148
:20BBA000068E3CF054CA3D41CCCD3DCC38863E1685883E5A88123E67F78CBC6396BC3D1050
:20BBB00021FF3D7D2E493DFF8F5C3E42B7173E91F0E13E9ADCC2BC6E3A2A3D128F213D804F
:20BBC000450F3E01842B3E45254A3E948D7A3E9D014B3CE9B71739D1D845BC709D49BC80C9
:20BBD000C7E3BD18A71EBDE8354CBE03DD5D3AB18BAC3CDBE3543D25F8A13DB1EBEE3E0080
:20BBE0001D7E3E38A0EC3E42E5ACBB4E97243CFF923A3D4BFDF43DD4C63F3E1C30553E6AB6
:20BBF000EF353E783138BCA496BC3D1053263D857E913DFB9A023E4843FE3E9A8B653EA464
:20BC00006A9CBCADB4FE3D116D983D870F803DFE85E83E4BBE623E9C37763EA77DBF3E5DC9
:20BC1000E704BC0CD014BE04FF97BC90FCB9BC07A090BEF8966CBF1311B63D0F367A3D2B7C
:20BC20005E353D3A9A6B3DF7566D3E3DFE5D3E831A6D3E8B02753B9A9E843D4DFC503D98FE
:20BC300074BC3E134F763E5E6E2F3EC37B8D3ED38FD2BDA696BC3D10E8A73DC8A1623DD64E
:20BC400082413E82C5053EEF4A6B3F024E9CBDB2857F3D0C1A8B3DCC476B3DD1CC8E3E8345
:20BC5000B9B23EF2ED633F034268BC13FC48BC0AAD08BC0798FEBBD631D7BB2EE18BB96A05
:20BC60009F66BB477681BB071349386FDDA93BAF6DF4BBC1F8A5BBF8980FBC072614BC0CF8
:20BC7000229FBC07A9B9BC012B99BC03051DBC08AD79BC04A4C2BBF8FE69BB985F14BBEDD4
:20BC80008FACBC0749E9BC19C515BC2B0F67BC34AD19BC23E1B5BC301F4BBC3A3943BC5168
:20BC9000876ABBBFBFF0BC155808BC2B5921BC406207BC59EF28BC63F5DCBC523116BC6CEA
:20BCA000D51BBC69EF28BC63CBEABBD24824BC253C36BC3DE0BDBC53307FBC70DF09BC7B99
:20BCB0009A3DBC6AEC63BC84D802BC804A1BBC6D6230381F803439B7096C39F93F3E3A0C4D
:20BCC0001C823A1415383A29719F39E19BA639C40111BA079192BB33B71739D180343AB7FF
:20BCD000EDFA3AEB8EC93B0D13D33B16DFB93B21E9CD3B32E2823B475EDD3B5295C03B6CB1
:20BCE000DE553A0E8D113AEEB2EA3B1827FA3B384C1B3B43B7173B5134D73B6F01113B87B8
:20BCF00002753B9A85F03BC980343A37BB993B16AD043B40A71E3B686A553B7661FA3B8487
:20BD0000BFF03B95C5AC3BA747C33BC4C67E3C05F2B23A4B76213B26AA113B5473583B80D2
:20BD1000FCB93B8725313B92D2B33BA427FA3BB86A6A3BD94A5A3C16A8D63B8708463B8FCB
:20BD2000FB403B9116723B7609C03B05509C3A88BA343B03A4553AC2295FBA4B88CEBBD27B
:20BD3000F99C3B55E5753BB30F523BD15BEA3BE6FF583BE79A173BEB5D4F3BF9833C3C0682
:20BD4000CE703C088A723C0E09963B3FA4553BC24A8C3BEAA47F3C08182B3C151B093C1E98
:20BD500061E53C2195EA3C329BA63C44A9FC3C71D8453B70C28F3BF5F2913C1308313C2C74
:20BD60006A7F3C3CE2823C47CCCD3C4C60423C65096C3C79182B3C95DFCE3B84A8D63C07AC
:20BD700059363C23BA0A3C3D13A93C50C63F3C5C82413C62C56D3C7EA0273C8939C13CA3F1
:20BD800034403BF3487C3BF850943BFA74473BCFD8A53B51BBCF3AB1909B3B5684553B1BC3
:20BD9000D802BA809136BC19177F3BB68E7E3C0F8F973C2402F73C33C83F3C32AABD3C33CC
:20BDA000A5373C3C25533C4A2D6B3C4C41A73C51A5983B9D52973C1752833C3420193C5140
:20BDB0004F7B3C65A5A43C72A5A43C72B9E93C8525313C9231663CB169053BC609963C3F86
:20BDC000C5373C6390433C83EED03C906B763C995EBB3C9AE24C3CACE0873CB8DC1A3CD68E
:20BDD000CABC3BDAE5153C527E913C7B105E3C91125A3CA077C93CA9E4B03CAA767D3CC059
:20BDE0003E323CCCB1753CE9219A4622219A46221333462004CD461E779A461BEA66461839
:20BDF000246646165E66461310664611C2CD460E30CD460D9E66460B0A66460A76664608F1
:20BE0000F4CD460672CD460500CD46048ECD46028C664600140045FD2A6645F9400045F5FB
:20BE1000059A45F1CA6645EC699A45D3699A45D3F99A45D288CD45D2D8CD45D1280045D197
:20BE2000526645D07C0045CF7A6645CE78CD45CD533345CC2E6645CBF00045C9B26645C8FD
:20BE30005D9A45C708CD45C68D9A45C4119A45C37B3345C1E40045BFFE6645BD18CD45BC44
:20BE4000259A45BA326645B81A6645C31A6645C38C0045C2FD9A45C1433345BF88CD45BC7F
:20BE5000766645B8633345B4F8CD45B08D9A45AD9CCD45AAAB3345A7BA6645A4C99A45A123
:20BE6000099A459F4A66459CA3334599FC00459674CD4594ED9A4591899A458F24CD458DEE
:20BE7000E59A458AA59A45886F3345C46F3345C4180045C5C0CD45C5C99A45C4D19A45C36A
:20BE8000966645C25C0045C1319A45C4080045C77C0045C7F0CD45C7299A45C3619A45BE3B
:20BE9000619A45B9626645B410CD45B0BF3345ABE33345A7080045A484CD45A0019A459D7E
:20BEA000CF3345999D9A45963E0046233E00462388004622D20046213D33461FA800461C3A
:20BEB00039334619CA66461567334613039A46117266460EE19A460B7C664609179A46070E
:20BEC000BF9A46046800460227334600CCCD45FB840045F73B3345F3319A45EF280045EBD9
:20BED000D4CD45E6826645E2953346209533462094664620933346202E00461FC866461D6B
:20BEE0007A00461B2B9A461994CD4616FE0046130A00461316004612CCCD4612839A4613F7
:20BEF000859A4613879A461340664612F93346109933460D38CD460A2ACD46071C6646043C
:20BF00005866460128CD45FDDA334683DA3346831CCD46835F664682B10046820266468350
:20BF1000D2664682A29A4682F39A4681449A4681959A4680CD33467F44334680A19A46801C
:20BF2000F39A467FA400467E00000000000000000000000000000000000000000000000047
:20BF30000000000000000000DA334683DA3346831CCD46835F664682B1004682026646835C
:20BF4000D2664682A29A4682F39A4681449A4681959A4680CD33467F44334680A19A4680EC
:20BF5000F39A467FA400467E00000000000000000000000000000000000000000000000017
:20BF600000000000000000008B9CBE7F8B9CBE7F7F45BEA838DEBED10A91BEEB6E11BF02A6
:20BF70003FEEBF0A11CBBF1241EABF197219BF204A90BF292307BF322125BF391F32BF4036
:20BF8000BFCFBF45606BBF4BDB3CBF4F560CBF549C28BF55E254BF565643BF57CA32BF57BC
:20BF90006ECABF561362BF5538E3BDB038E3BDB023A7BE002B1FBE28F1CCBE4AB878BE6DD3
:20BFA00020EFBE8665A1BE95938EBEA2C17BBEAF0EC3BEBB5C2DBEC61712BED0D218BED91C
:20BFB00018BDBEE25F42BEEAEC53BEF07942BEF7996BBEFCDCCABF0037BDBF0292B0BF037A
:20BFC0006680BF043A3FBF05A21FBDF1A21FBDF1110ABE205105BE471D8ABE5DEA53BE721A
:20BFD0009D9DBE7C2874BE83C1BEBE875B08BE8CB157BE9007A7BE95DDECBE97B453BE9ABB
:20BFE000B168BE9CAE9FBE9ED417BE9FF9B1BEA08394BEA10D78BEA22835BEA242D0BEA24B
:20BFF0000EC7BEA2DA9DBEA1FE69BDB8FE69BDB88180BE008388BE248FFCBE3C9CB2BE54DD
:20C0000030E4BE68C515BE7BEA9ABE91F288BEA512F1BEB43359BEC29A17BEC300F7BEC5F6
:20C010001334BEC42570BEC32A4EBEC22F4DBEC1FAA0BEBFC5F4BEBE54B9BEBDE37EBEBB90
:20C0200053FCBEBAC49CBEB8A4F4BE4CA4F4BE4C6E44BE8689ECBEA6A461BEB7BED7BEC8BB
:20C03000FB87BED03858BED9D167BEE36A98BEEE4174BEF51872BEFC895DBF000681BF0398
:20C040008CC5BF0412F9BF06E792BF06BC2CBF071238BF086845BF0864EDBF086195BF08B6
:20C050006641BF076AECBF060A20BE260A20BE2638E3BE6033D3BE8D6FD2BE9FABB0BEB13A
:20C06000204FBEBC94CDBEC60119BECD6D44BED3E8A7BEE0642CBEEEDF01BF018BDBBF0CD1
:20C07000B3C4BF14DBBEBF1C289EBF21756DBF252603BF24D688BF2260C8BF21EAF7BF1F74
:20C080006666BF1EE1C6BF1C737EBE3F737EBE3F8A69BE70D0CCBE907F28BEAF2D84BECE3D
:20C09000B91BBEE64491BEFF398ABF08D0BBBF1067FDBF19FF3FBF2144FABF2E8AC6BF3AD4
:20C0A0004AB2BF410AAFBF48000000000000000000000000000000000000000000000000C4
:20C0B0000000000000000000737EBE3F737EBE3F8A69BE70D0CCBE907F28BEAF2D84BECE38
:20C0C000B91BBEE64491BEFF398ABF08D0BBBF1067FDBF19FF3FBF2144FABF2E8AC6BF3AA4
:20C0D0004AB2BF410AAFBF4800000000000000000000000000000000000000000000000094
:20C0E0000000000000000000DF3B3EAFDF3B3EAF46743EB4ADAC3EB8D35B3EBC06253EC1E5
:20C0F000EA4B3EC4CE703EC8710D3ECC13A93ED067A13ED3BB993ED6C0EC3ED9D35B3EDCD7
:20C1000097243EDF5AEE3EE2EA4B3EE479A73EE7C0833EEA075F3EEE34053EF160AA3EF4A2
:20C1100080343EF79FBE3EFADF3B3EAFDF3B3EAF46743EB4ADAC3EB8D35B3EBC06253EC136
:20C12000EA4B3EC4CE703EC8710D3ECC13A93ED067A13ED3BB993ED6C0EC3ED9D35B3EDCA6
:20C1300097243EDF5AEE3EE2EA4B3EE479A73EE7C0833EEA075F3EEE34053EF160AA3EF472
:20C1400080343EF79FBE3EFAF6FD3F05F6FD3F05240B3F08511A3F0A84B63F0CB8523F0EED
:20C15000E5603F10126F3F1338EF3F155F703F1778D53F19923A3F1B9E843F1DAACE3F1FA9
:20C16000A36E3F219C0F3F2366CF3F25381D3F27EF353F28A64C3F2A432D3F2CE69B3F2D3F
:20C170006FD23F2FF9093F30F6FD3F05F6FD3F05240B3F08511A3F0A84B63F0CB8523F0E1B
:20C18000E5603F10126F3F1338EF3F155F703F1778D53F19923A3F1B9E843F1DAACE3F1F79
:20C19000A36E3F219C0F3F2366CF3F25381D3F27EF353F28A64C3F2A432D3F2CE69B3F2D0F
:20C1A0006FD23F2FF9093F30FF973F00FF973F00D70A3F03B50B3F06999A3F09779A3F0CB6
:20C1B0005C293F0F40B83F1225463F1503473F18E1483F1AB8BB3F1DD8AE3F1FF2133F2159
:20C1C000DD983F23C28F3F258D503F275E9E3F2915B53F2BC63F3F2C63203F2E00003F3029
:20C1D00082AA3F3105533F33FF973F00FF973F00D70A3F03B50B3F06999A3F09779A3F0C40
:20C1E0005C293F0F40B83F1225463F1503473F18E1483F1AB8BB3F1DD8AE3F1FF2133F2129
:20C1F000DD983F23C28F3F258D503F275E9E3F2915B53F2BC63F3F2C63203F2E00003F30F9
:20C2000082AA3F3105533F33EDFA3F2BEDFA3F2BAE143F276E2F3F23559B3F1F3D083F1B02
:20C210001D7E3F1804813F15DE6A3F11B8523F0E63F13F0C0F913F0A6C223F08C8B43F0636
:20C22000F0D83F04126F3F0300000000000000000000000000000000000000000000000030
:20C230000000000000000000EDFA3F2BEDFA3F2BAE143F276E2F3F23559B3F1F3D083F1B38
:20C240001D7E3F1804813F15DE6A3F11B8523F0E63F13F0C0F913F0A6C223F08C8B43F0606
:20C25000F0D83F04126F3F0300000000000000000000000000000000000000000000000000
:20C26000000000000000000030BE3F7930BE3F79F4F13FBA161E3FDA7A783FE5154D3FECA4
:20C27000AACE3FEF09033FF26E2F3FF33FE63FF484B63FF49BA63FF4CCCD3F0CCCCD3F0CFB
:20C28000D07D3F9BC5053FC7BAC73FD84DD33FE2E8A73FE881063FED93753FF095EA3FF27E
:20C290001C433FF34A233FF35CFB3F6D5CFB3F6D78D53FA921FF3FC57F633FD1126F3FDB72
:20C2A000126F3FE316873FE966CF3FED09D53FF0C1553FF002DE3FF102753F8A02753F8AD3
:20C2B000FEC53FB22B6B3FC6ADAC3FD01D7E3FD8DED33FE005533FEB2FEC3FF35BC03FF814
:20C2C000D14E3FF93D713FFAA2344000A2344000BE773FE740B83FDA13403FD9367A3FDB53
:20C2D00096BC3FE0205C3FE9C77A3FF1EF9E3FF7C4333FF94DD33FFAE426402FE426402F8B
:20C2E0001B7140097BB33FEA75F73FE01E4F3FDEF27C3FE0A7873FE748173FF0F9DB3FF685
:20C2F0000FF93FF9AD433FF90553403F0553403FA29C400B2F1B3FE5559B3FD7020C3FD3FB
:20C30000E0763FD4B3683FDA161E3FE2E2823FE77F633FE905BC3FEA2DE040542DE040546B
:20C31000FC504014E4263FEBB7173FD9404F3FD37B4A3FD3793E3FD8EF9E3FDF0AA63FE68D
:20C32000B15B3FE741893FE897244063972440639581401BEF9E3FEFDABA3FDAFEC53FD271
:20C3300075253FD29E1B3FD604193FDE50483FE4FA443FE58A723FE640B8406E40B8406EB0
:20C34000E5C9401F36E33FF20F283FDB12D73FD2FC503FD0D9E83FD42F833FDCA64C3FE22C
:20C350005A1D3FE4ED913FE4604240756042407576C94022020C3FF375253FDA93753FD039
:20C360000A3D3FCFC0833FD23A2A3FDADED33FE0A64C3FE239C13FE3F06F4079F06F407968
:20C370006C8B40233A2A3FF2CB293FD8BEE03FCEB5DD3FCC2DE03FD0D5673FD7BB993FDE8C
:20C380009A023FE0374C3FE1E69B40C9893740C930BE40C9B29640C8481740C8CAC140C7AC
:20C39000E28240C7D7DC40C7E28240C71D7E40C8FA4440C7FA4440C7D91740BE9A0240BE48
:20C3A000AA6540BEBB9940BE23A340BFD2F240BF7FCC40C04D6A40C131F940C2D9E840C2A4
:20C3B00039C140C339C140C32A3040AB916840AB4EA540ACEA4B40AE659540B2B4A240B511
:20C3C00001A340B80B7840BADBF540BB8A7240BC993140BC993140BC88CE40A0C36140A1BA
:20C3D00079A740A364C340A82B0240AF2DE040B8AACE40C112D740CAFB1640CFEE6340D22B
:20C3E00036E340D436E340D4FF97408C76C9408E6F694090147B4096BF48409D8C7E40A792
:20C3F000CBFB40B204EA40BE9BA640C6CD9F40CA7FCC40CC7FCC40CCB9F5407ADE6A407DB1
:20C40000FF974080E3BD40861759408FA92A4099C91D40A5B43940B24FDF40BDA4A940C251
:20C4100024DD40C424DD40C4A64C405A4E3C405DF0D8406034D7406B7A784079D97F408569
:20C42000E83E408FB98C40994A2340A1C22740A450B140A550B140A5803440471FF3404A2B
:20C43000AD43404DD3C340573D71406681064079DCC64087BB994092119D409B30BE409FC9
:20C44000D495409FD495409F8034403705BC403A66CF403D212D4047412040559D494068DB
:20C4500036E340804D01408C58E240952824409AFAAD409AFAAD409AF6FD40295D64402C19
:20C460008A09402FBC6A40383A2A404630BE4059BC024071233A4086240B409073EB4095E7
:20C470009A0240969A0240965FD9401EA09040209C0F40234189402C013B40394D6A404B67
:20C48000A29C40630EBF40801412408B0A3D4091745440927454409256D6401476C94016DC
:20C49000460B40195E9E40216873402DC711403E82414056F972407311344086AB36408CB8
:20C4A0005604408E5604408E0000002F005E007100BC009300E200CD005700780009002632
:20C4B00000EB00C400B5009A00AE008100F000DF0012003D004C006300F900D600A7008874
:20C4C0000045006A001B00340073005C002D000200CF00E0009100BE0024000B007A005564
:20C4D000009800B700C600E900DD00F2008300AC0061004E003F0010008A00A500D400FB54
:20C4E000003600190068004700E600C900B80097005A00750004002B00B1009E00EF00C044
:20C4F000000D00220053007C004800670016003900F400DB00AA0085001F00300041006E34
:20C5000000A3008C00FD00D2009500BA00CB00E4002900060077005800C200ED009C00B323
:20C51000007E00510020000F003B00140065004A008700A800D900F6006C00430032001D13
:20C5200000D000FF008E00A100E300CC00BD0092005F00700001002E00B4009B00EA00C503
:20C530000008002700560079004D00620013003C00F100DE00AF0080001A00350044006BF3
:20C5400000A6008900F800D7009000BF00CE00E1002C00030072005D00C700E8009900B6E3
:20C55000007B00540025000A003E00110060004F008200AD00DC00F30069004600370018D3
:20C5600000D500FA008B00A40005002A005B007400B9009600E700C80052007D000C0023C3
:20C5700000EE00C100B0009F00AB008400F500DA001700380049006600FC00D300A2008DB3
:20C580000040006F001E0031007600590028000700CA00E5009400BB0021000E007F0050A3
:20C59000009D00B200C300EC00D800F7008600A90064004B003A0015008F00A000D100FE93
:20C5A0000033001C006D0042F056BD5B2E5EBCE29F66BAC7908EBC81FACA3C4D1C58BB4E4A
:20C5B000D85EBC1AB799BBEABE77BB9FEFAABBFC68E43C8E71B93C8B1E6D3C072B4E3A857E
:20C5C000AF96BBCBCCF7BB922DE83C9E87723CCD7D3DBC84D1E53A0D58433C8D3E9A3CBB65
:20C5D0001DF73C4351CA3C80815EBCE8DBF9399E7A573CED9B3D3D157F0B3C0670043C33E0
:20C5E000AB2EBC30F1FABB97C9A33AC5AF9BBC128A5D3BABB8A63B2A1F15BB1FD2563C0AAA
:20C5F000B6393C9E4B8C3D15509C3D88057D3DA999803A6FBD453C6040793CD9AEBC3D5FEC
:20C600008D653DBA7EFA3DEA2A20BC0D893B3C88D3C33D2BCFAB3D951FB43DE9FB553E1412
:20C610003BFBBC5B9E883C946D873D4BCBD13DA8346E3E00D9403E24CCF73A9268F13AE36A
:20C6200002753B1A03B0BBE7B7173B51A0273B89A882B9FBE1093C51CFAB3CD579A73D4770
:20C630003FE63DA43BCD3DCECCF7BA923AE73C8DD14E3D1168733D9153F83DE3A4A93E0EBE
:20C64000A5B9BBD52DCB3CADE2823D47617C3DB282AA3E11DB233E390F7CBC17273D3CBDAC
:20C65000EB1C3D62DE013DC26F003E2176603E4FA1343CC978AF3C6A66513B83CF5FBB57B9
:20C66000E8D5BA55C77E3BF087553B5C10233CAF47AE3D21421C3D9562413DDBD6E93E0BA7
:20C670003B1DBBA830663CC638D63D5BA8A43DD3E7323E19C3D23E402C1BBB1C7F733CF591
:20C6800043423D7FC4B53DEAA5403E4A511E3E811EDEBA8494033D06A3F93D8852BD3DF667
:20C6900004473E63C8C93E91000043520000000000003F800000000074113ADA0000000051
:20C6A00000004416918932454D8437F8C4A7B504A71C359521BB31FC8F3B312100000000B9
:20C6B0004F193E9D000000000000000000004000E47A3F1840503C2A58C4B8B700000000B1
:20C6C0000000422086DC3F2E95763BE65B1DB88B43F33474000042C80FCC3F6DC76D397AEC
:20C6D0003F6FB43700000000762543E6C9E33EAD2A093AAD00004000000043FA0000431666
:20C6E00033333F33AFCDBA6697243A7F564E361897893DA7333C3D41AB9F3DAD779A3D1CD1
:20C6F000593E4002F5303E4300040000DD6C0009DB080009000000004D8437F8C4A7B50445
:20C70000A71C359521BB31FC8F3B3121000000002A943D06AF0EBA420000000000004190DC
:20C710005FDC3E2218CC3C705436B96A00000000000041F07AF23EA8F0AB3B0E00000000CA
:20C7200000000000000042C878FC3ECB746D3AD349FAB588000000000000441668913D85EF
:20C73000391C3BCC00004080000043160000431666663F66B717BAD18EC93A8D241035AD1D
:20C74000DC593E1FC1CE3D3345A23DB6C7113D3A2FA93E8387D73CF500040000DD640009A9
:20C75000DAE80009C28F3CF5D70A3D2300000000000043520000000000003F8000000000E7
:20C7600074113ADA0000000000004416918932454D8437F8C4A7B504A71C359521BB31FC7B
:20C770008F3B3121000000004F193E9D000000000000000000004000E47A3F1840503C2A5F
:20C7800058C4B8B7000000000000422086DC3F2E95763BE65B1DB88B43F33474000042C80E
:20C790000FCC3F6DC76D397A3F6FB43700000000762543E6C9E33EAD2A093AAD00004000CD
:20C7A000000043FA0000431633333F33AFCDBA6697243A7F564E361878D53DE90000000096
:20C7B0008A093D9F52BD3D16000000000000000000020000DDA20009DC78000900000000B1
:20C7C0004D8437F8C4A7B504A71C359521BB31FC8F3B3121000000002A943D06AF0EBA42C9
:20C7D00000000000000041905FDC3E2218CC3C705436B96A00000000000041F07AF23EA81D
:20C7E000F0AB3B0E0000000000000000000042C878FC3ECB746D3AD349FAB5880000000060
:20C7F0000000441668913D85391C3BCC00004080000043160000431666663F66B717BAD17C
:20C800008EC93A8D241035AD08313E2C00000000D9E83DAC54CA3D410000000000000000FB
:20C8100000020000DD9E0009DC68000900003F8000003F800000000000004315000000005F
:20C8200000003F800000000000000000000000000000000000000000000000000000000039
:20C830000000000000000000000000000000000000000000000000000000000000000000E8
:20C840000000000000000000000000000000000000000000000000000000000000000000D8
:20C850000000000000000000000000000000000000000000000000000000000000000000C8
:20C86000000000000000000000000000000043161EB83F45509CBA888EC93B8D1216375504
:20C87000DBC83DD9557B3CB9DCC63DB5DCC63D35AE743F350C6D3D3500060000DCD800093E
:20C88000D82000090000000000000000000000000000000000000000000000000000000097
:20C89000000000000000000000000000000000000000000000000000000000000000000088
:20C8A000000000000000000000000000000000000000000000000000000000000000000078
:20C8B00000000000000000000000000000000000000000000000000000000000000043160F
:20C8C000CCCD3F4CB717BAD1FB2B3B2EA3B63693EDE23E12C64D3C72E7043D8C559B3D1F4A
:20C8D0004D603EBA36583D8A00060000DCCC0009D7F0000974BC3C93D70A3CA30000000008
:20C8E00000004315999A3E1900003F00000000000000000000000000000000000000000017
:20C8F000000000000000000000000000000000000000000000000000000000000000000028
:20C90000000000000000000000000000000000000000000000000000000000000000000017
:20C91000000000000000000000000000000000000000000000000000000000000000000007
:20C920000000000000000000000000000000000000000000000043161EB83F45509CBA8816
:20C930008EC93B8D1216375502DD3DDA39C43D01A2343DB4DCC63D3597033F2CD42F3D01C2
:20C9400000060000DCF00009D880000900000000000000000000000000000000000000009B
:20C950000000000000000000000000000000000000000000000000000000000000000000C7
:20C960000000000000000000000000000000000000000000000000000000000000000000B7
:20C970000000000000000000000000000000000000000000000000000000000000000000A7
:20C980000000000000004316CCCD3F4CB717BAD1FB2B3B2EA3B6369316833E1383343CF043
:20C99000A57A3DAC559B3D1F554E3EB083203D0B00060000DCE40009D850000974BC3C93B8
:20C9A000D70A3CA3000000000000000061A63E9861A63F1892793F6461A63F987A103FBE69
:20C9B00092253FE430D33FECCF2D3FF36DDB3FFB861A400155474005249E4009F3CB400CD8
:20C9C000C2F84010924F4014617C401830D3401C00004020CF2D40239E8440276DB1402BB3
:20C9D0003D08402F0C354033DB624036AAB9403A79E6403E49134042186A4046E796404986
:20C9E000B6ED404D861A405155474055249E4059F3CB405CC2F84060924F4064617C40688C
:20C9F00030D3406C00004070CF2D40739E8440776DB1407B3D08407F861A40816DB1408321
:20CA0000555C40853CF34087248940890C35408BF3CB408CDB77408EC30D4090AAA44092BE
:20CA1000924F409479E64096617C40984928409A30BE409C186A409E000040A0E79640A1B4
:20CA2000CF4240A3B6D840A59E8440A7861A40A96DB140AB555C40AD3CF340AF248940B19A
:20CA30000C3540B3F3CB40B4DB7740B6C30D40B8AAA440BA924F40BC79E640BE617C40C091
:20CA4000492840C230BE40C4186A40C6000040C8E79640C9CF4240CBB6D840CD9E8440CF73
:20CA5000861A40D16DB140D3555C40D53CF340D7248940D90C3540DBF3CB40DCDB7740DE6C
:20CA6000C30D40E0AAA440E2924F40E40000000061A63E9861A63F1892793F6461A63F988A
:20CA70007A103FBE92253FE430D33FECCF2D3FF36DDB3FFB861A400155474005249E40099A
:20CA8000F3CB400CC2F84010924F4014617C401830D3401C00004020CF2D40239E84402771
:20CA90006DB1402B3D08402F0C354033DB624036AAB9403A79E6403E49134042186A404642
:20CAA000E7964049B6ED404D861A405155474055249E4059F3CB405CC2F84060924F40644A
:20CAB000617C406830D3406C00004070CF2D40739E8440776DB1407B3D08407F861A4081BC
:20CAC0006DB14083555C40853CF34087248940890C35408BF3CB408CDB77408EC30D40903D
:20CAD000AAA44092924F409479E64096617C40984928409A30BE409C186A409E000040A032
:20CAE000E79640A1CF4240A3B6D840A59E8440A7861A40A96DB140AB555C40AD3CF340AF1A
:20CAF000248940B10C3540B3F3CB40B4DB7740B6C30D40B8AAA440BA924F40BC79E640BE10
:20CB0000617C40C0492840C230BE40C4186A40C6000040C8E79640C9CF4240CBB6D840CD06
:20CB10009E8440CF861A40D16DB140D3555C40D53CF340D7248940D90C3540DBF3CB40DCEA
:20CB2000DB7740DEC30D40E0AAA440E2924F40E4DC7DC132EDDBC12F10A1C12A335DC1240B
:20CB30005619C11E78D5C1189B91C112BE4DC10CE109C10603C5C1014D01C0F69279C0EAA6
:20CB4000D7F1C0DE1D69C0D362F6C0C7A86DC0BBEDE5C0AF335DC0A478D5C098BE4DC08CB6
:20CB500003C5C0819279C06A1D69C053A858C03B3348C024BE38C00C92A3BFEAA882BFBB50
:20CB6000BE62BF8CA882BF3BBE62BF0CA882BEBBA882BE3B00000000A8823E3BA8823EBBAF
:20CB7000BE623F0CA8823F3B92A33F6A33723FA41D933FD303DA400178C04018EDD0402F94
:20CB800062E14047D7F1405E4D014076E10940869B9140925619409E10A140AACB2940B5E2
:20CB900085B240C1403A40CDFAAD40D8B53540E46FBD40F02A4540FCF2674103CFAB410991
:20CBA000ACEF410F8A3341156777411B44BB412121FF4127FF39412CDC7D4132DC7DC13297
:20CBB000EDDBC12F10A1C12A335DC1245619C11E78D5C1189B91C112BE4DC10CE109C106A0
:20CBC00003C5C1014D01C0F69279C0EAD7F1C0DE1D69C0D362F6C0C7A86DC0BBEDE5C0AFE3
:20CBD000335DC0A478D5C098BE4DC08C03C5C0819279C06A1D69C053A858C03B3348C02424
:20CBE000BE38C00C92A3BFEAA882BFBBBE62BF8CA882BF3BBE62BF0CA882BEBBA882BE3BB1
:20CBF00000000000A8823E3BA8823EBBBE623F0CA8823F3B92A33F6A33723FA41D933FD328
:20CC000003DA400178C04018EDD0402F62E14047D7F1405E4D014076E10940869B91409258
:20CC10005619409E10A140AACB2940B585B240C1403A40CDFAAD40D8B53540E46FBD40F04B
:20CC20002A4540FCF2674103CFAB4109ACEF410F8A3341156777411B44BB412121FF4127C7
:20CC3000FF39412CDC7D4132DC7DC132EDDBC12F10A1C12A335DC1245619C11E78D5C118EA
:20CC40009B91C112BE4DC10CE109C10603C5C1014D01C0F69279C0EAD7F1C0DE1D69C0D38A
:20CC500062F6C0C7A86DC0BBEDE5C0AF335DC0A478D5C098BE4DC08C03C5C0819279C06AE6
:20CC60001D69C053A858C03B3348C024BE38C00C92A3BFEAA882BFBBBE62BF8CA882BF3BEE
:20CC7000BE62BF0CA882BEBBA882BE3B00000000A8823E3BA8823EBBBE623F0CA8823F3B1E
:20CC800092A33F6A33723FA41D933FD303DA400178C04018EDD0402F62E14047D7F1405E62
:20CC90004D014076E10940869B9140925619409E10A140AACB2940B585B240C1403A40CD42
:20CCA000FAAD40D8B53540E46FBD40F02A4540FCF2674103CFAB4109ACEF410F8A33411541
:20CCB0006777411B44BB412121FF4127FF39412CDC7D4132DC7DC132EDDBC12F10A1C12A30
:20CCC000335DC1245619C11E78D5C1189B91C112BE4DC10CE109C10603C5C1014D01C0F655
:20CCD0009279C0EAD7F1C0DE1D69C0D362F6C0C7A86DC0BBEDE5C0AF335DC0A478D5C098C7
:20CCE000BE4DC08C03C5C0819279C06A1D69C053A858C03B3348C024BE38C00C92A3BFEA0C
:20CCF000A882BFBBBE62BF8CA882BF3BBE62BF0CA882BEBBA882BE3B00000000A8823E3B9D
:20CD0000A8823EBBBE623F0CA8823F3B92A33F6A33723FA41D933FD303DA400178C040180B
:20CD1000EDD0402F62E14047D7F1405E4D014076E10940869B9140925619409E10A140AA0D
:20CD2000CB2940B585B240C1403A40CDFAAD40D8B53540E46FBD40F02A4540FCF2674103DA
:20CD3000CFAB4109ACEF410F8A3341156777411B44BB412121FF4127FF39412CDC7D41328D
:20CD40006F69C0F0B50BC0E4D845C0DE1D15C0D3404FC0CD85F0C0C1A858C0BBCAC1C0B5DA
:20CD5000EDFAC0AF339CC0A45604C09E9BA6C092BE0EC08C03B0C0814DD3C076D773C05E25
:20CD60001DE7C053A92AC03BEDFAC02F32CAC024793EC018BE0EC00C0481C00192A3BFEACD
:20CD70001C43BFD3A92ABFBB32CABFA4BFB1BF8C92A3BF6AA5E3BF3BBFB1BF0CA5E3BEBB2F
:20CD8000B2FFBE3B00000000B2FF3E3BA5E33EBBBFB13F0CA5E33F3B92A33F6ABFB13F8C68
:20CD900032CA3FA4A92A3FBB1C433FD392A33FEA04814001BE0E400C793E401832CA4024BB
:20CDA000A92A403B62B740471DE7405392A3406A03B04081E14840869BA640925604409E61
:20CDB000339C40A4106240AACAC140B5A85840BB85F040C1404F40CD1D1540D3D84540DE47
:20CDC000B50B40E46F6940F06F69C0F0B50BC0E4D845C0DE1D15C0D3404FC0CD85F0C0C1E9
:20CDD000A858C0BBCAC1C0B5EDFAC0AF339CC0A45604C09E9BA6C092BE0EC08C03B0C081E8
:20CDE0004DD3C076D773C05E1DE7C053A92AC03BEDFAC02F32CAC024793EC018BE0EC00CB3
:20CDF0000481C00192A3BFEA1C43BFD3A92ABFBB32CABFA4BFB1BF8C92A3BF6AA5E3BF3BC7
:20CE0000BFB1BF0CA5E3BEBBB2FFBE3B00000000B2FF3E3BA5E33EBBBFB13F0CA5E33F3BC4
:20CE100092A33F6ABFB13F8C32CA3FA4A92A3FBB1C433FD392A33FEA04814001BE0E400C90
:20CE2000793E401832CA4024A92A403B62B740471DE7405392A3406A03B04081E1484086BC
:20CE30009BA640925604409E339C40A4106240AACAC140B5A85840BB85F040C1404F40CDFB
:20CE40001D1540D3D84540DEB50B40E46F6940F0A858C0BBCAC1C0B5EDFAC0AF1062C0AAB9
:20CE5000339CC0A45604C09E786CC0989BA6C092BE0EC08CE148C08603B0C0814DD3C07637
:20CE600092A3C06AD773C05E1DE7C05362B7C047A92AC03BEDFAC02F32CAC024793EC018A1
:20CE7000BE0EC00C0481C00192A3BFEA1C43BFD3A92ABFBB32CABFA4BFB1BF8C92A3BF6A30
:20CE8000A5E3BF3BBFB1BF0CA5E3BEBBB2FFBE3B00000000B2FF3E3BA5E33EBBBFB13F0CC4
:20CE9000A5E33F3B92A33F6ABFB13F8C32CA3FA4A92A3FBB1C433FD392A33FEA0481400126
:20CEA000BE0E400C793E401832CA4024EDFA402FA92A403B62B740471DE74053D773405E28
:20CEB00092A3406A4DD3407603B04081E1484086BE0E408C9BA64092786C40985604409EAB
:20CEC000339C40A4106240AAEDFA40AFCAC140B5A85840BBA858C0BBCAC1C0B5EDFAC0AF21
:20CED0001062C0AA339CC0A45604C09E786CC0989BA6C092BE0EC08CE148C08603B0C08131
:20CEE0004DD3C07692A3C06AD773C05E1DE7C05362B7C047A92AC03BEDFAC02F32CAC0245A
:20CEF000793EC018BE0EC00C0481C00192A3BFEA1C43BFD3A92ABFBB32CABFA4BFB1BF8C7F
:20CF000092A3BF6AA5E3BF3BBFB1BF0CA5E3BEBBB2FFBE3B00000000B2FF3E3BA5E33EBBA0
:20CF1000BFB13F0CA5E33F3B92A33F6ABFB13F8C32CA3FA4A92A3FBB1C433FD392A33FEAB0
:20CF200004814001BE0E400C793E401832CA4024EDFA402FA92A403B62B740471DE74053C9
:20CF3000D773405E92A3406A4DD3407603B04081E1484086BE0E408C9BA64092786C40987A
:20CF40005604409E339C40A4106240AAEDFA40AFCAC140B5A85840BB335DC1245619C11E76
:20CF500078D5C1189B91C112BE4DC10CE109C10603C5C1014D01C0F69279C0EAD7F1C0DE6A
:20CF60001D69C0D362F6C0C7A86DC0BBEDE5C0AF335DC0A478D5C098BE4DC08C03C5C081EF
:20CF70009279C06A1D69C053A858C03B3348C024BE38C00C92A3BFEAA882BFBBBE62BF8CCA
:20CF8000A882BF3BA882BEBB00000000A8823EBBA8823F3BBE623F8CA8823FBB92A33FEA96
:20CF9000BE38400C33484024A858403B1D6940539279406A03C54081BE4D408C78D5409892
:20CFA000335D40A4EDE540AFA86D40BB62F640C71D6940D3D7F140DE927940EA4D0140F695
:20CFB00003C54101E1094106BE4D410C9B91411278D541185619411E335D4124335DC12471
:20CFC0005619C11E78D5C1189B91C112BE4DC10CE109C10603C5C1014D01C0F69279C0EA12
:20CFD000D7F1C0DE1D69C0D362F6C0C7A86DC0BBEDE5C0AF335DC0A478D5C098BE4DC08C22
:20CFE00003C5C0819279C06A1D69C053A858C03B3348C024BE38C00C92A3BFEAA882BFBBBC
:20CFF000BE62BF8CA882BF3BA882BEBB00000000A8823EBBA8823F3BBE623F8CA8823FBB19
:20D0000092A33FEABE38400C33484024A858403B1D6940539279406A03C54081BE4D408CE8
:20D0100078D54098335D40A4EDE540AFA86D40BB62F640C71D6940D3D7F140DE927940EA83
:20D020004D0140F603C54101E1094106BE4D410C9B91411278D541185619411E335D4124F1
:20D03000D7F1C05E1D69C05362E1C047A858C03BEDD0C02F3348C02478C0C018BE38C00C3F
:20D0400003DAC00192A3BFEA1D93BFD3A882BFBB3372BFA4BE62BF8C92A3BF6AA882BF3B79
:20D05000BE62BF0CA882BEBBE4B8BEA820EFBE965BD5BE833016BE61A882BE3B20EFBE16F1
:20D0600032B5BDE11E4FBD961E4FBD16000000001E4F3D161E4F3D9632B53DE120EF3E16C3
:20D07000A8823E3B30163E615BD53E8320EF3E96E4B83EA8A8823EBBBE623F0CA8823F3B90
:20D0800092A33F6ABE623F8C33723FA4A8823FBB1D933FD392A33FEA03DA4001BE38400C9B
:20D0900078C0401833484024EDD0402FA858403B62E140471D694053D7F1C05E1D69C05308
:20D0A00062E1C047A858C03BEDD0C02F3348C02478C0C018BE38C00C03DAC00192A3BFEAD2
:20D0B0001D93BFD3A882BFBB3372BFA4BE62BF8C92A3BF6AA882BF3BBE62BF0CA882BEBBF7
:20D0C000E4B8BEA820EFBE965BD5BE833016BE61A882BE3B20EFBE1632B5BDE11E4FBD96CA
:20D0D0001E4FBD16000000001E4F3D161E4F3D9632B53DE120EF3E16A8823E3B30163E6110
:20D0E0005BD53E8320EF3E96E4B83EA8A8823EBBBE623F0CA8823F3B92A33F6ABE623F8CDF
:20D0F00033723FA4A8823FBB1D933FD392A33FEA03DA4001BE38400C78C040183348402485
:20D10000EDD0402FA858403B62E140471D6940539B8CC21246F7C20BF261C2033B99C1F9DA
:20D11000926FC1EAE944C1DB401AC1CD96F0C1BEEDC6C1AF44D0C1A19BA6C192F27CC183BE
:20D1200092A3C16A404FC14DEDFAC12F44D0C1219BA6C112F27CC10392A3C0EA404FC0CDE4
:20D13000EDFAC0AF9BA6C09292A3C06AEDFAC02F92A3BFEA92A3BF6A0000000092A33F6AA7
:20D1400092A33FEAEDFA402F92A3406A9BA64092EDFA40AF404F40CD92A340EAF27C4103A6
:20D150009BA6411244D04121EDFA412F404F414D92A3416AF27C41839BA6419244D041A125
:20D16000EDC641AF96F041BE401A41CDE94441DB926F41EA3B9941F9F261420346F7420B7A
:20D170009B8C42129B8CC21246F7C20BF261C2033B99C1F9926FC1EAE944C1DB401AC1CD1C
:20D1800096F0C1BEEDC6C1AF44D0C1A19BA6C192F27CC18392A3C16A404FC14DEDFAC12FD7
:20D1900044D0C1219BA6C112F27CC10392A3C0EA404FC0CDEDFAC0AF9BA6C09292A3C06A00
:20D1A000EDFAC02F92A3BFEA92A3BF6A0000000092A33F6A92A33FEAEDFA402F92A3406AEC
:20D1B0009BA64092EDFA40AF404F40CD92A340EAF27C41039BA6411244D04121EDFA412F68
:20D1C000404F414D92A3416AF27C41839BA6419244D041A1EDC641AF96F041BE401A41CD86
:20D1D000E94441DB926F41EA3B9941F9F261420346F7420B9B8C42120000000009573D96EC
:20D1E00009573E160E023E6109573E968BAC3EBB0E023EE10E6B3EF010233EFF08463F078E
:20D1F00089223F0E09573F16898B3F1D0A673F258A9C3F2C0B783F348BAC3F3B0BE13F4387
:20D200008CBD3F4A0CF23F528DCE3F590E023F618E373F680F133F708F473F7710233F7F50
:20D21000482C3F83089A3F87C8B43F8A88CE3F8E493D3F9209573F96C9C53F9989DF3F9DC2
:20D2200049F93FA10A673FA5CA823FA88AF03FAC4B0A3FB00B243FB4CB923FB78BAC3FBBF5
:20D230004C1B3FBF0C353FC3CC4F3FC68CBD3FCA4CD73FCE0D453FD2CD603FD58D7A3FD9D1
:20D240004DE83FDD0E023FE10000000009573D9609573E160E023E6109573E968BAC3EBB53
:20D250000E023EE10E6B3EF010233EFF08463F0789223F0E09573F16898B3F1D0A673F25F2
:20D260008A9C3F2C0B783F348BAC3F3B0BE13F438CBD3F4A0CF23F528DCE3F590E023F6104
:20D270008E373F680F133F708F473F7710233F7F482C3F83089A3F87C8B43F8A88CE3F8EDE
:20D28000493D3F9209573F96C9C53F9989DF3F9D49F93FA10A673FA5CA823FA88AF03FAC49
:20D290004B0A3FB00B243FB4CB923FB78BAC3FBB4C1B3FBF0C353FC3CC4F3FC68CBD3FCA7A
:20D2A0004CD73FCE0D453FD2CD603FD58D7A3FD94DE83FDD0E023FE180343AB7EDFA3AEB49
:20D2B0008EC93B0D13D33B16DFB93B21E9CD3B32E2823B475EDD3B528D113AEEB2EA3B180E
:20D2C00027FA3B384C1B3B43B7173B5134D73B6F01113B8702753B9ABB993B16AD043B40D5
:20D2D000A71E3B686A553B7661FA3B84BFF03B95C5AC3BA747C33BC4E5753BB30F523BD1BC
:20D2E0005BEA3BE6FF583BE79A173BEB5D4F3BF9833C3C06CE703C08A4553BC24A8C3BEA24
:20D2F000A47F3C08182B3C151B093C1E61E53C2195EA3C329BA63C44C28F3BF5F2913C1301
:20D3000008313C2C6A7F3C3CE2823C47CCCD3C4C60423C65096C3C790000000009573D9663
:20D3100009573E160E023E6109573E968BAC3EBB0E023EE1482C3F0309573F16CA823F28E9
:20D320008BAC3F3B4CD73F4E0E023F618E373F680F133F708F473F7710233F7F482C3F83EC
:20D33000089A3F87C8B43F8A88CE3F8E493D3F9209573F96C9C53F9989DF3F9D49F93FA1B5
:20D340000A673FA5CA823FA88AF03FAC4B0A3FB00B243FB4CB923FB78BAC3FBB4C1B3FBF91
:20D350000C353FC3CC4F3FC68CBD3FCA4CD73FCE0D453FD2CD603FD58D7A3FD94DE83FDDC4
:20D360000E023FE1CE703FE48E8A3FE84EA53FEC0F133FF0CF2D3FF30000000009573D960D
:20D3700009573E160E023E6109573E968BAC3EBB0E023EE1482C3F0309573F16CA823F2889
:20D380008BAC3F3B4CD73F4E0E023F618E373F680F133F708F473F7710233F7F482C3F838C
:20D39000089A3F87C8B43F8A88CE3F8E493D3F9209573F96C9C53F9989DF3F9D49F93FA155
:20D3A0000A673FA5CA823FA88AF03FAC4B0A3FB00B243FB4CB923FB78BAC3FBB4C1B3FBF31
:20D3B0000C353FC3CC4F3FC68CBD3FCA4CD73FCE0D453FD2CD603FD58D7A3FD94DE83FDD64
:20D3C0000E023FE1CE703FE48E8A3FE84EA53FEC0F133FF0CF2D3FF30000000061A63E1883
:20D3D00061A63E9892793EE461A63F187A103F3E92793F6455713F8561A63F986DDB3FAB86
:20D3E0007A103FBE85F03FD192253FE430D33FECCF2D3FF36DDB3FFB861A400155474005A7
:20D3F000249E4009F3CB400CC2F84010924F4014617C401830D3401C00004020CF2D402376
:20D400009E8440276DB1402B3D08402F0C354033DB624036AAB9403A79E6403E4913404247
:20D41000186A4046E7964049B6ED404D861A405155474055249E4059F3CB405CC2F840604D
:20D42000924F4064617C406830D3406C00004070CF2D40739E8440770000000061A63E189E
:20D4300061A63E9892793EE461A63F187A103F3E92793F6455713F8561A63F986DDB3FAB25
:20D440007A103FBE85F03FD192253FE430D33FECCF2D3FF36DDB3FFB861A40015547400546
:20D45000249E4009F3CB400CC2F84010924F4014617C401830D3401C00004020CF2D402315
:20D460009E8440276DB1402B3D08402F0C354033DB624036AAB9403A79E6403E49134042E7
:20D47000186A4046E7964049B6ED404D861A405155474055249E4059F3CB405CC2F84060ED
:20D48000924F4064617C406830D3406C00004070CF2D40739E8440770000000025AF3E2465
:20D4900025AF3EA42B6B3EF61F213F24288D3F4D31F93F769A6B3F8F1F213FA4A3D73FB8D2
:20D4A000288D3FCDAD433FE12EB23FF659B440059C0F400FDE6A40191F214024617C402EAA
:20D4B000A3D74038E6324042288D404D69444057AB9F4061EDFA406B305540763886408014
:20D4C00059B440857AE1408A9C0F408FBC6A4094DD984099FEC5409E1FF340A4412040A9B2
:20D4D000617C40AE82AA40B30000000025AF3E2425AF3EA42B6B3EF61F213F24288D3F4DB8
:20D4E00031F93F769A6B3F8F1F213FA4A3D73FB8288D3FCDAD433FE12EB23FF659B44005AE
:20D4F0009C0F400FDE6A40191F214024617C402EA3D74038E6324042288D404D6944405780
:20D50000AB9F4061EDFA406B305540763886408059B440857AE1408A9C0F408FBC6A40946A
:20D51000DD984099FEC5409E1FF340A4412040A9617C40AE82AA40B326AC26AC210C1F0EE4
:20D520001D7E1BEE1AAE196E184C1734162615181432134C128411BC1108105E0FC80F3239
:20D530000EA60E240DB60D52145A145A131A11E410EA0FF00F280E600DAC0CF80C580BB853
:20D540000B2C0AAA0A3209BA095608F20898084807F807A8076C072621FC21FC1FEA1DCE1C
:20D550001C2A1A86193217DE16A81568146413561270119410CC100E0F640EC40E2E0DA228
:20D560000D200C9E0C3A0BD662B7C0C7A858C0BBEDFAC0AF339CC0A4786CC098BE0EC08CB5
:20D5700003B0C08192A3C06A1DE7C053A92AC03B32CAC024BE0EC00C92A3BFEAA92ABFBBC0
:20D58000BFB1BF8CA5E3BF3BA5E3BEBB00000000A5E33EBBA5E33F3BBFB13F8CA92A3FBBC2
:20D5900092A33FEABE0E400C32CA4024A92A403B1DE7405392A3406A03B04081BE0E408CD5
:20D5A000786C4098339C40A4EDFA40AFA85840BB62B740C762B7C0C7A858C0BBEDFAC0AF9A
:20D5B000339CC0A4786CC098BE0EC08C03B0C08192A3C06A1DE7C053A92AC03B32CAC024BC
:20D5C000BE0EC00C92A3BFEAA92ABFBBBFB1BF8CA5E3BF3BA5E3BEBB00000000A5E33EBBC9
:20D5D000A5E33F3BBFB13F8CA92A3FBB92A33FEABE0E400C32CA4024A92A403B1DE7405376
:20D5E00092A3406A03B04081BE0E408C786C4098339C40A4EDFA40AFA85840BB62B740C7E0
:20D5F0001F213CF489373F01C49C3F1000003F203B643F2F76C93F3EB8BB3F4DF41F3F5C27
:20D600002F833F6C6AE83F7B566D3F85F41F3F8C91D13F942F833F9CD07D3FA36E2F3FABC4
:20D610000BE13FB3A9933FBAE83E3FC923A33FD9624E3FE89DB23FF76E2F4003F41F400C40
:20D620007A104016E83E40216E2F402BF41F40347A10403E0000404885F0405191D1406458
:20D630001F213CF489373F01C49C3F1000003F203B643F2F76C93F3EB8BB3F4DF41F3F5CE6
:20D640002F833F6C6AE83F7B566D3F85F41F3F8C91D13F942F833F9CD07D3FA36E2F3FAB84
:20D650000BE13FB3A9933FBAE83E3FC923A33FD9624E3FE89DB23FF76E2F4003F41F400C00
:20D660007A104016E83E40216E2F402BF41F40347A10403E0000404885F0405191D1406418
:20D67000D2563C0AB6393C9E4B8C3D15509C3D88057D3DA9BD453C6040793CD9AEBC3D5FAF
:20D680008D653DBA7EFA3DEA893B3C88D3C33D2BCFAB3D951FB43DE9FB553E14E1093C511E
:20D69000CFAB3CD579A73D473FE63DA43BCD3DCE3AE73C8DD14E3D1168733D9153F83DE3C7
:20D6A000A4A93E0E2DCB3CADE2823D47617C3DB282AA3E11DB233E3900000000BCD33CE39E
:20D6B000CD9F3D2ABCD33D6321963D8E10CB3DC788663DE300003E003BCD3E0E779A3E1CEC
:20D6C000EF353E3810CB3E474C983E55C4333E7100003E801DE73E8759B43E95779A3E9CE1
:20D6D00088663EA3C4333EB1E2193EB800003EC01DE73EC73BCD3ECE779A3EDC88663EE33F
:20D6E000A64C3EEAC4333EF100003F0000000000BCD33CE3CD9F3D2ABCD33D6321963D8E79
:20D6F00010CB3DC788663DE300003E003BCD3E0E779A3E1CEF353E3810CB3E474C983E55BF
:20D70000C4333E7100003E801DE73E8759B43E95779A3E9C88663EA3C4333EB1E2193EB86B
:20D7100000003EC01DE73EC73BCD3ECE779A3EDC88663EE3A64C3EEAC4333EF100003F0025
:20D7200000000000205C3DC1205C3E41CB293E9013403EC15B573EF1D1B73F10F5C33F2889
:20D7300013403F41374C3F595B573F71BFB13F84D1B73F90E3BD3F9CF27C3FA804813FB5B6
:20D7400016873FC1288D3FCD3A933FD949523FE55B573FF16D5D3FFDBFB14004C8B4400A65
:20D75000D0144010D917401600000000205C3DC1205C3E41CB293E9013403EC15B573EF1D5
:20D76000D1B73F10F5C33F2813403F41374C3F595B573F71BFB13F84D1B73F90E3BD3F9C5E
:20D77000F27C3FA804813FB516873FC1288D3FCD3A933FD949523FE55B573FF16D5D3FFDE1
:20D78000BFB14004C8B4400AD0144010D9174016000000000B783DA425AF3E242B6B3E76B1
:20D7900025AF3EA4288D3ECD2B6B3EF69DB23F0F1F213F24A0903F38288D3F4DA9FC3F61CC
:20D7A00031F93F7659B43F859A6B3F8FDE6A3F991F213FA463203FAEA3D73FB8E48F3FC24E
:20D7B000288D3FCD69443FD7AD433FE1EDFA3FEB2EB23FF639584000000000000B783DA46A
:20D7C00025AF3E242B6B3E7625AF3EA4288D3ECD2B6B3EF69DB23F0F1F213F24A0903F38A2
:20D7D000288D3F4DA9FC3F6131F93F7659B43F859A6B3F8FDE6A3F991F213FA463203FAE7D
:20D7E000A3D73FB8E48F3FC2288D3FCD69443FD7AD433FE1EDFA3FEB2EB23FF639584000B9
:20D7F00000050007DD320009DC880009B5C4000900050007DD320009DC880009B60A0009AC
:20D8000000050007DD320009DC880009B650000900050007DD320009DC880009B696000982
:20D8100000050007DD320009DC880009B6DC000900050007DD320009DC880009B722000959
:20D8200000050007DD3C0009DC960009B768000900050007DD3C0009DC960009B7AE000900
:20D8300000050007DD3C0009DC960009B7F4000900050007DD3C0009DC960009B83A0009D7
:20D8400000050007DD3C0009DC960009B880000900050007DD3C0009DC960009B8C60009AE
:20D8500000050007DD460009DCA40009B90C000900050007DD460009DCA40009B952000954
:20D8600000050007DD460009DCA40009B998000900050007DD460009DCA40009B9DE00092C
:20D8700000050007DD460009DCA40009BA24000900050007DD460009DCA40009BA6A000902
:20D8800000050007DD500009DCB20009BAB0000900050007DD500009DCB20009BAF60009AA
:20D8900000050007DD500009DCB20009BB3C000900050007DD500009DCB20009BB82000980
:20D8A00000050007DD500009DCB20009BBC8000900050007DD500009DCB20009BC0E000957
:20D8B0000000000000003F20624E3F986E2F3FAB3B643FAF0BE13FB37A103FBEE83E3FC9CB
:20D8C000566D3FD5C49C3FE02F833FEC9DB23FF754CA4005F41F400C91D140143127401C64
:20D8D000CED940236E2F402B0BE14033AB36403A31274044B717404D0BE1405B91D14064A8
:20D8E0000000000000003F20624E3F986E2F3FAB3B643FAF0BE13FB37A103FBEE83E3FC99B
:20D8F000566D3FD5C49C3FE02F833FEC9DB23FF754CA4005F41F400C91D140143127401C34
:20D90000CED940236E2F402B0BE14033AB36403A31274044B717404D0BE1405B91D1406477
:20D91000E2EB3DB6E2EB3E3624DD3E464C983E558E8A3E64D07D3E7389373E812A303E89A2
:20D92000BE0E3E905F073E98A0F93EA7D5D03EB617C23EC659B43ED5D07D3EF323A33F0971
:20D930005F073F18A0F93F2717C23F4695183F64624E3F987A103FBE91D13FE4E2EB3DB61A
:20D94000E2EB3E3624DD3E464C983E558E8A3E64D07D3E7389373E812A303E89BE0E3E9098
:20D950005F073E98A0F93EA7D5D03EB617C23EC659B43ED5D07D3EF323A33F095F073F181E
:20D96000A0F93F2717C23F4695183F64624E3F987A103FBE91D13FE45F073E185F073E986F
:20D970008E8A3EE45F073F1876C93F3E95183F64566D3F85624E3F986E2F3FAB7A103FBE78
:20D9800085F03FD191D13FE49DB23FF754CA4005DABA400E624E4018E83E40216E2F402B1C
:20D99000F41F40347A10403E5F073E185F073E988E8A3EE45F073F1876C93F3E95183F64ED
:20D9A000566D3F85624E3F986E2F3FAB7A103FBE85F03FD191D13FE49DB23FF754CA400559
:20D9B000DABA400E624E4018E83E40216E2F402BF41F40347A10403E00000000BCD33C6321
:20D9C000BCD33CE3CD9F3D2ABCD33D6321963D8E99313DAA10CB3DC788663DE300003E0039
:20D9D0003BCD3E0E779A3E1CB3683E2AEF353E3810CB3E474C983E5588663E63C4333E714F
:20D9E00000003E8000000000BCD33C63BCD33CE3CD9F3D2ABCD33D6321963D8E99313DAA58
:20D9F00010CB3DC788663DE300003E003BCD3E0E779A3E1CB3683E2AEF353E3810CB3E47B0
:20DA00004C983E5588663E63C4333E7100003E8000000000BCD33C63BCD33CE3CD9F3D2AED
:20DA1000BCD33D6321963D8E99313DAA10CB3DC788663DE300003E003BCD3E0E779A3E1CAA
:20DA2000B3683E2AEF353E3810CB3E474C983E5588663E63C4333E7100003E8000000000FF
:20DA3000BCD33C63BCD33CE3CD9F3D2ABCD33D6321963D8E99313DAA10CB3DC788663DE3D8
:20DA400000003E003BCD3E0E779A3E1CB3683E2AEF353E3810CB3E474C983E5588663E6346
:20DA5000C4333E7100003E8000000000BCD33C63BCD33CE3CD9F3D2ABCD33D6321963D8EF2
:20DA600099313DAA10CB3DC788663DE300003E003BCD3E0E779A3E1CB3683E2AEF353E38EE
:20DA700010CB3E474C983E5588663E63C4333E7100003E8000000000BCD33C63BCD33CE3F0
:20DA8000CD9F3D2ABCD33D6321963D8E99313DAA10CB3DC788663DE300003E003BCD3E0ED2
:20DA9000779A3E1CB3683E2AEF353E3810CB3E474C983E5588663E63C4333E7100003E8024
:20DAA000BCD33C63BCD33CE3CD9F3D2ABCD33D6321963D8E99313DAA10CB3DC788663DE368
:20DAB00000003E003BCD3E0E779A3E1CB3683E2AEF353E3810CB3E474C983E5588663E63D6
:20DAC000C4333E7100003E8000000000BCD33C63BCD33CE3CD9F3D2ABCD33D6321963D8E82
:20DAD00099313DAA10CB3DC788663DE300003E003BCD3E0E779A3E1CB3683E2AEF353E387E
:20DAE00010CB3E474C983E5588663E63C4333E710005000ADD140009DC340009BC540009DF
:20DAF0000005000ADD140009DC340009BCB800090005000ADD140009DC340009BD1C000973
:20DB00000005000ADD140009DC340009BD80000900050006DD1E0009DCC00009C5A4000977
:20DB100000050006DD1E0009DCC00009C5E0000900050006DD1E0009DCC00009C61C0009F4
:20DB200000050006DD1E0009DCC00009C658000900000000205C3E4113403EC1D1B73F10E6
:20DB300013403F415B573F71D1B73F90F27C3FA816873FC13A933FD95B573FF1BFB14004DC
:20DB4000D0144010E219401CF41F40280481403500000000205C3E4113403EC1D1B73F10A1
:20DB500013403F415B573F71D1B73F90F27C3FA816873FC13A933FD95B573FF1BFB14004BC
:20DB6000D0144010E219401CF41F402804814035205C3DC106253E41CB293E9013403EC16D
:20DB70004E3C3EF1CB293F10EF353F280CB33F4130BE3F5954CA3F71B9243F84CB293F9018
:20DB8000DD2F3F9CEBEE3FA8FDF43FB4205C3DC106253E41CB293E9013403EC14E3C3EF109
:20DB9000CB293F10EF353F280CB33F4130BE3F5954CA3F71B9243F84CB293F90DD2F3F9CCA
:20DBA000EBEE3FA8FDF43FB4AE14409F0000413000004190000042000000421C000042708C
:20DBB0000000428600004294000042A2000042B0000042BE000042C8205C3DC1205C3E4162
:20DBC000CB293E9013403EC15B573EF1D1B73F10F5C33F2813403F41374C3F595B573F710A
:20DBD000BFB13F84D1B73F9000000000BCD33C63BCD33CE3BCD33D6399313DAA88663DE3E1
:20DBE0003BCD3E0EB3683E2A10CB3E4788663E63C4333E7100003E80205C3DC1205C3E4186
:20DBF000CB293E9013403EC15B573EF1D1B73F10F5C33F2813403F41374C3F595B573F71DA
:20DC0000BFB13F84D1B73F9000000000BCD33C63BCD33CE3BCD33D6399313DAA88663DE3B0
:20DC10003BCD3E0EB3683E2A10CB3E4788663E63C4333E7100003E8026AC26AC26AC26AC82
:20DC200026AC26AC26AC26AC212A212A212A212A212A212A212A212A000000000000000044
:20DC30000000000000000000000000000000437A000043AF000043E180004409800044224E
:20DC40008000443B800044548000446D0000449600100018002C004C0068009800CC00FC3A
:20DC500001300160019401C401F80228025C028C0000437A000043AF000043E18000440919
:20DC6000800044228000443B800044548000446D00030008DD7A0009DC580009D2AC000947
:20DC700000030008DD7A0009DC580009D2DC000900030005DD800009DD280009D67000096A
:20DC800000030005DD800009DD280009D68E0009000000000000430200004348000043C8C0
:20DC9000800044090000443E00004448000000000000430200004348000043C880004409F1
:20DCA0000000443E00004448000000000000430200004348000043C8800044090000443E2C
:20DCB00000004448000000000000430200004348000043C8800044090000443E0000444812
:20DCC0000000000000004348000043C80000442F0000447A000044960000C37A000041C85D
:20DCD000000042FA0000430C000043160000437A0000C37A000041C8000042FA0000430CC2
:20DCE000000043160000437A0000C37A000041C8000042FA0000430C000043160000437A27
:20DCF0000000C37A000041C8000042FA0000430C000043160000437A000000004000408F1E
:20DD0000999A999999993FC90000000000004022000000004000408F999A999999993FC954
:20DD10000000000000004022000000000000437A000043AF000043E1000043FA0000000081
:20DD20000000437A000043AF000043E1000043FA00004348000043C80000442F0000447A0C
:20DD30000000449600000000000044160000442F800044540000445700000000000044161F
:20DD40000000442F800044540000445700000000000044160000442F80004454000044571D
:20DD500000000000000044160000442F800044540000445711001200224023403340344064
:20DD600035403640374000000000C37A000041C8000043160000437A0000C37A000041C0A7
:20DD7000000042C80000437A000042C800004348000043480000437A000043AF000043E1D9
:20DD80000000437A000043AF000043E1999A3F9900003FC000003FC000004000000040C067
:20DD90000000414000220003000000000FDB3FC90FDB3F49000000000FDB3F49000041C8EE
:20DDA00000004316000041C0000042C801C201C201C201C2000200000000000300000000EE
:08DDB0006F411EDC0000400081
:20DDB400761F03A492245201ED16761F0383E2AF0000761F03B7E2AF0108761F03C28A2C62
:20DDC400E6950000E6950009764A8E7F761F03A5E2030008761F03A5E2AF0008E2AF0106DB
:20DDD400E71000407700E20300040006761F03C283303B0192C59CFF560301A907D58AA945
:20DDE400E2AF00C40006761F03A492385203EC1C761F03AAE801DBE0E2C80206E801EE6191
:20DDF400E8B0DE92E80A8240E7000080E80E6669E7000008761F03A5E88FE000E2AF0328E8
:20DE0400E70000186F05761F03A5E2AF0028E20300220006522256C20015522156C3001F3C
:20DE1400521656C2000A521456C300195205EC16520FEC146F115218EC11521FEC0F6F0C44
:20DE24005224EC0C93A99DD1530156C900085238EC055249EC039A0000069A010006B2BD96
:20DE3400761F03C859A992085202EC1B520356C00139764AC0EE5200EC14761F03C8920818
:20DE4400520356C0012F92A1524156C1012852F156C1012552F456C101229A18FFEF01225A
:20DE540092A1527856C2009E527556C30112523656C20051523656C1010C521F56C2002BB7
:20DE6400521F56C10106520F56C20015520F56C10100520156C100FD520556C100FA9CF6A7
:20DE7400520156C900F692A1520D56C100F2FFEF00EE9CEC520256C900EC92A19CE85201BE
:20DE840056C900E792A19CE4520156C900E2FFEF00DE522956C20012522956C100DA9CDF19
:20DE9400520156C900D692A1522456C100D2522756C100CFFFEF00CB522C56C100CA9CD2AF
:20DEA400520356C900C692A1523356C100C2FFEF00BE525656C20026525556C300BA524AEB
:20DEB40056C20013524956C300B49CC8520256C900B092A1524156C100B29CBD520356C9D8
:20DEC40000A8FFEF00A4524B56C100A79CB0520156C9009F92A1525356C1009BFFEF00973D
:20DED400526856C20015526656C300939CA8520156C9008F92A19CA4520256C9008A92A1FB
:20DEE4009CA0520456C90085FFEF00819C96520356C9007F92A15270EC7B5273EC796F76E9
:20DEF40052BC56C2003D52BCEC7352A556C2002552A5EC6E528F56C20012528856C3006952
:20DF0400527CEC669C82520156C9006392A108A9FF7B520156C9005D6F595292EC5908A91B
:20DF1400FF6C520756C9005592A108A9FF63520456C9004F6F4B52B656C2000B52B6EC488A
:20DF240052A7EC4852ABEC4452ADEC426F3F52B7EC4152B8EC3D52B9EC3D6F3852D756C223
:20DF3400001752D7EC3552C656C2000B52C6EC3052C1EC2E52C2EC2E52C3EC2A6F2752CDC2
:20DF4400EC2752D1EC2552D4EC236F2052F456C2000C52F156C3001D52DBEC1C52DCEC1868
:20DF540052E0EC166F1388A18F000116A8A90FA6EC0F88A18F000125A8A90FA6EC0988A125
:20DF64008F00012BA8A90FA6EC039A056F0A9A036F089A046F069A026F04761F03A4922BA6
:20DF74008BBE0006524F88A956C200D3524D56C301A6522356C20068522356C101985213A3
:20DF840056C20037521056C30192520856C2001B520756C30186520356C2000D520356C1B4
:20DF94000196520056C101AB520256C10188FFEF0174520556C1019D520656C10178FFEF88
:20DFA400016C520C56C2000D520C56C10196520956C10195520A56C1018CFFEF015E520EAC
:20DFB40056C10189520F56C10184FFEF0156521B56C2001B521A56C3015A521656C2000D5D
:20DFC400521656C10170521456C1016D521556C1016EFFEF0142521756C10149521856C1F9
:20DFD4000168FFEF013A521C56C10161521E56C1013E522056C1013B9CDF520156C90155E6
:20DFE400FFEF012B523556C20038523456C30149522E56C2001C522E56C10129522956C23B
:20DFF400000D522956C1012B522556C10128522856C10127FFEF0111522A56C101229CD5AB
:20E00400520256C9011CFFEF0108523156C2000D523156C10128522F56C10125523056C1B3
:20E01400011CFFEF00FA523256C10101523356C10106FFEF00F2523E56C2001B523E56C15D
:20E0240000F6523956C2000D523956C10106523656C100FD523756C10102FFEF00DE523BF5
:20E0340056C100ED523D56C100EAFFEF00D6523F56C100E593A69DC0530156C900EA524260
:20E0440056C100DD524956C100D2FFEF00C6529756C20069529756C100D4527356C2003A3B
:20E05400527156C300CC525D56C2001B525D56C100C6525756C2000D525756C100C25252A2
:20E0640056C100BF525456C100BCFFEF00A6525A56C100AD525B56C100B4FFEF009E52668D
:20E0740056C2000F526656C100B293A69DA0530256C900A5526456C100A2FFEF008E5268B0
:20E0840056C1009D9C97520256C90091FFEF0085528456C20018528056C30093527C56C2B4
:20E09400000C527C56C1008B527556C1008A527656C1008B6F71527E56C10085527FEC7E97
:20E0A4006F6B5288EC7B93A608A8FF74530356C900765292EC7308A9FF6C520156C9006FBA
:20E0B4006F5B52DB56C2002D52DBEC6052AB56C2001B52ABEC55529E56C2000D529D56C30C
:20E0C40000605298EC5B08A9FF67520256C900556F4393A608A8FF60530156C9005052A716
:20E0D400EC456F3A93A608A8FF49530256C9004552C2EC4252C6EC4452D1EC386F2D52F4B5
:20E0E40056C2001352F4EC3252F156C2000952F1EC3152DCEC3352E0EC2F6F1E52F2EC2052
:20E0F40052F3EC266F1980A68F000116A8A90FA7EC1B80A68F000121A8A90FA7EC1380A650
:20E104008F000125A8A90FA7EC0B88A68F00012BA8A90FA6EC039A0100069A3000069A0C53
:20E1140000069A2F00069A2B00069A0400069A2600069A2500069A1500069A0200069A0724
:20E1240000069A0D00069A1100069A030006761F03A4921F00069A1C00069A0B00069A0AD6
:20E1340000069A1800069A2300069A2000069A2400069A0600069A0500069A00000688A9AA
:20E14400761F03A456030FA6F23B41A6EF031C3B001042A6EF03921F96380006B2BDA2BDD7
:20E15400E20304BDE20305BDE20306BDE20307BDFE28761F03A456BFC83A2839012C56BFF1
:20E16400AF37761F03A1E5902B008F00F188761F03A1E592E801ECDEE591E801F6BD2B0133
:20E17400E801EE648F40EA608D40E93E8DC0F190761F03B6E801D41BBFA70F12BFA60F1242
:20E18400BFAB0F129643E59756BF7800E2030048E203004AE203004CE203004EE203005019
:20E19400E2030052A846761F03A4BFAC0F1AE809B5EE2B262B232B24BFA00F16E80851ED42
:20E1A400E80E666C761F03C756BF0A3628A91234761F03A52BC1A00AE8020D00761F03C2A4
:20E1B400A830761F03C2A22A761F03BE8A48E808937BE2030708761F03A1A808761F03A111
:20E1C400A802761F03A1A80C761F03A1A80E761F03B6A822A81E761F03A5A908AB04E20355
:20E1D400023CE203013AE2030036E203063EC316C2123A06761F03A6E2030510761F03B616
:20E1E400E2030408761F03B6E2030302761F037F5402EC04E801FC006F05E801D418E80877
:20E1F4009378761F03A6E20300009243761F03A4283B08007649DE33761F03C8960A764AD1
:20E20400DE3AE596E595761F03A1E5909243E2030012761F03A1E2030714761F03B6E20307
:20E214000622E203051E7649DF76E594E801F6E1E801FC03E80947B1E592E801E1A5E809C5
:20E22400CAC5761F03A49638761F0383E20304389243761F0383E2030154E2030152E203BE
:20E234000550E203033E761F03A452352B282B272B2A761F0384E2030200761F0383E2038F
:20E24400073C56C2001E523556C1069F523256C20011523256C107C7522E56C9002893A9E5
:20E254009DD1530156C90814523156C103D16F28523356C1077B523456C107126F215238BA
:20E2640056C2000C523856C1051A523656C105EE523756C105B36F1493A99DC7530156C936
:20E2740003B7523B56C1034A6F0B560301A988A976CAE61A06A70DA61EA7C5C77620761F15
:20E2840003A4E801ECDEE801F6BD56BFC83A2839012C56BFAF3756BF013D56BF0A2156BF3C
:20E294000A2CE801F664E801E51BE801FD9AE8020707E801FCC99243E801F260761F03A694
:20E2A400E809B5EEE80851EDE80E666CE80EB853E809999AE2030706E80CCCD1520DE80ED3
:20E2B4006668761F03A5E203063E761F03A6E2030510761F03A1E2030416761F03A1E20388
:20E2C4000318761F03A6E2030212761F03A5E2030138761F0383E2030010ED15761F03A43F
:20E2D400E801DCD9E801FEB81A3B0010761F03A5E809B541E80851E8E203013E761F03A6D9
:20E2E400E20300105219ED05761F03A41A3B8010761F03A41A3B000A56BF012656BF012397
:20E2F4000646E801DEA6E801F4C9E801FB9CE801EE63761F03C2E801D41AE801ED188F4003
:20E30400F1988F00F1A01E30E80FEFA6E595E80CCCD1761F03C2E80FBE7CA22AE80E666B4D
:20E31400E808937A761F03A4E80EB8502B24E203064EE2030154761F03C2A028761F03C274
:20E32400A82E761F03A5E2030508761F03A6E2030404761F03B6E2030308761F03B6E20338
:20E334000202FFEF08929243E801DCD8761F03A45228E801FE2FE801F666E801DD1DE801EE
:20E34400FD9CBFA70F12E801FC63E801EE62E801D41956BF013D56BF142156B00A2C56B162
:20E35400022C2B24E801FCC8E808F5C7E80E666E1A3B0026E80EB855E809999CBFA60F12DF
:20E36400E80E666BE80E666A761F03A6E8089379E801F260E2030710761F03A1E203061661
:20E37400BFA90F12761F03A1E801F170E2030518E2030052761F03A6E8020480E20304129D
:20E38400E2030304761F03B6BFA40F12E2030208E590761F03B6BFAB0F12E2030102E801AD
:20E39400E098761F03A6E203004EBDA70F12A806761F03A5E2AF044EBDA60F2EE809C6B026
:20E3A400BDA90F2AA908BFA70F12E2AF0552E80CCCD7E80E666EC33EBFA60F2EE808A3DD26
:20E3B400E2030552E80BA5E4C238BFA90F2A761F03831E1006521E54E203044EFFEF113F6E
:20E3C40092435220EC10E801F1F8E801E7E9E80BE770E80F9DB1E2030052E203014EE2038C
:20E3D40000546F0DE801F601E801EBE8E2030152E2030154E80F9DB0E203004E761F03A498
:20E3E400E801E760E801FCC9E801F817E8020B0EE801E51D283A01F456BF643956BF73378D
:20E3F40056BF0C211A3B0032E801F264BFA70F12BFAB0F16E80C7AE7E80CCCD6761F03A6C2
:20E40400E801FA62E80EB855E801FD98E801DD19E80E666CE2030710E2030606BFA90F1215
:20E41400E801FC63BFA60F16761F03A1E590E2030516E801E119BFA40F12BDA70F12761FE7
:20E424000383E80E666AE2030410761F03A5E8098DB8E80EB851BFA70F12BDA60F12BDA9B0
:20E434000F2EA808761F03A1BDAB0F2AE80EB850E809999FBFA60F12E80E666BE80CCCD6F7
:20E44400BFA90F2EC218761F03A61E12BFAB0F2A761F03A5A938FFEF0F6C9243521EEC0E62
:20E45400E801F6E0E801EBAAE801ED19E80947B0E80E147AE80EB8516F0DE801F4C8E80107
:20E46400E962E801EC79E80CCCD0E808418AE80AE149761F03A4E203024EE2030052E2030B
:20E474000054521B56BF022CE801FCCFE801FD9AE801DD1EE801F265E801FC64E801FA639D
:20E48400E801E76056B10A2C283A01F456BF643956BF733756BF013D56BF0A21BFA60F1A22
:20E49400BFA70F2EE80EB856E80E666D1A3B0032E8020A42E8098DB8E80E666CE80E666B76
:20E4A400E801F817BFAB0F1A761F03A1E2030618E801E11A761F0383BFA90F12E20305100F
:20E4B400E80C7AE7761F03A6E80EB852BDA60F2AE2030404761F03B6E2030308761F03A6B0
:20E4C400E809999EA906BDA70F26761F03B6E2030202761F03A5BFA60F2A1E3EE80CCCD5C5
:20E4D400761F03A69243E2030710C212BFA70F26521B761F03A1E2030116761F03A5C338D0
:20E4E400ED09E801F6E0E80947B0E2030052E2030054E590E2030008FFEF0EE0761F03A491
:20E4F400E801E7609243E801DD1C56BF022CBFAB0F12E802066656BF0A21521AE590E80EE6
:20E50400B854BFA40F12BDAB0F1256B10A2CE801E91D761F03A1E80E666EE8098DB8E20394
:20E514000418BFAB0F12E801E3A8E203004EE2AF044EE80E147C6F2E9243E801E760761FF9
:20E5240003A45211BFAB0F12E801DD1CE802094E56BF0C21E59056B0062C56B1022CBFA498
:20E534000F12BDAB0F12E801E51DE80EB854E80CCCD6761F03A1E8098DB8E2030418BFABC0
:20E544000F12E801E458E203004EE2AF044EE80A1CB4761F03A4E801F261E801FD9B283A3E
:20E5540001F456BF643956BF7337E801FCCA1A3B0032E801F817E80EB855BFA90F16761FEE
:20E5640003A1BFA70F1EBFA60F1AE80C7AE7E801EED9E2030516E2030152E801E119E2AF21
:20E574000552E80EB851E809168DE801FA62BDA70F127700761F03A6E2030606761F03A5F0
:20E58400E8099998A808BFA70F12A93E761F03A6E80E666AC312761F03A4E801FC6356BFC5
:20E59400013D2B24761F03A6E80E666BE2030710BDA60F2EE2030304761F03B6BDA90F2A60
:20E5A400E2030208761F03B6E2030102E80CCCD7E80E666EBFA60F2E761F03A5E2030552B6
:20E5B400BFA90F2AC238761F03831E1006521E54E203044EFFEF0F4B761F03A4E801EB8882
:20E5C400E801E43FE801FBAE56BF062156BF062C282E0400E801FB4DE203004EE801E51B6F
:20E5D400E801FCCAE801FB31E80E857F761F03A5E801E818E80E147EE80EA705E203073EEF
:20E5E400E2030050E80EB853761F03A6E80CCCD2E801D2E0E80B3331E2030610E20305003A
:20E5F400E801E00FE801FA648F003000761F03A1E203004AE203074CE801DFE5E2030318DC
:20E60400E8020406761F03A6E2030548E2AF074ABFA60F2AE2030212E8020780E2AF034EC6
:20E61400761F03A5E2AF0648E80F7347E2030138E2AF0250E80D4FE3E80A8246E2AF014C59
:20E62400E808937AE80852B9FFEF0327761F0396E801ECDFE2C4012BE80209F4761F038310
:20E63400E2030746E2030458E2AF06287680F130E801FC00E801EF8FE8511E8B761F03C2F5
:20E64400E801D41CE203075EE801F6BDE850BC36E801FD9FE801F209C22EE203045CE2034A
:20E654000760BFA00F2AE801FCCFE27400C0E801EE66E2030762E8083129E203065A761F2E
:20E6640003A5E801F267E80218B4E2030764E2030556E801FB9FE850CBC6E2030766E802DE
:20E6740014EFE801E3A8BFAB0F2EE203004EE801FA67E590E2030068E30C714EBFA90F2ED6
:20E68400E801ED18C468E80E1479E2030052E203014EC208E801F4C8761F03A4E27400E786
:20E69400E801FC0156BF0A21E2030054761F03A1BFA30F1656BF7800E8020728E2AF0358B5
:20E6A400761F03A4E801F20CE2AF0152BFAC0F12E80B333356BF0128E80EB851E2AF004656
:20E6B400E2030358E809B5E8E2030152761F03A5E2AF035AE2030046E2AF0154E80E666B3D
:20E6C400E808312CE80CCCD1E2AF0056E203035AC446E2030154E80851E8E2AF035CC23ED2
:20E6D400E2AF015EE2030056761F03A1E808937BE80D4FE1E203060EE203035CC456761FB3
:20E6E40003A6E203015EE2AF0360E809999BE2AF0164C210E2030360C458E80E6669E80235
:20E6F4000B5EE2AF0366C206E80FBE7B761F03BBE2030164C45AA23C761F03B6E203036676
:20E70400C208761F03A1E203040CC45CE801EF8D761F03B6E2AF0462C202E80CCCD4761F46
:20E7140003A1E2030462C45EE80D4FE5E809999EBDAC0F22C216761F03A6BDAB0F16C46022
:20E72400E801F20AE808312AE80E147CC212761F03BBBDA90F1E56BF0135761F0376E8081C
:20E73400A3D956BF3222C462761F03A1BFAC0F2256BF9601761F03A5E80E666BC238BFABD1
:20E744000F16761F0383C4648F00F110BDA00F22BFA90F1EC210761F03BBE00E963EC46689
:20E754008F40F10876C0F128761F03A6C204761F03B7AB30A932761F03A1E0096A10761F54
:20E7640003BB1E3A761F03A1E2030518761F03A41A3B000A761F03C2C328761F03C2A0303A
:20E77400761F03C2A82A761F03A456BF0A2C56BF012656BF0123FFEF0161761F0383E80109
:20E78400FCC9E2AF00287680F160761F03C2E801ECDFBFAC0F16E801F6BEC22EE801F78D18
:20E79400E801FD9BE850BC00761F03A4E801EE62E801F26156BF0A21E801F78C761F03A15A
:20E7A400E809B5EFBFAB0F1656BF7800BFA00F12E80851EE761F03A4E801E879E80E219DBB
:20E7B40056BF0128E8020980E809999BE203014EE80E666A761F03A5E2030046E801FB9990
:20E7C400E203073EE801ED18761F03A6BFA90F16E80E219C76C0F1588F40F1388F00F14068
:20E7D400E2030052E2030610E591761F03A1C446BFA30F16E2030516BDAC0F12761F03A6EB
:20E7E400E801F4C9E2030312761F03B6E2030154E2AF054EE80CCCD0E2030208E2AF0352A4
:20E7F400761F03A6E80EB853E2AF0254BFAC0F12C206E80AE14D761F03A5BDAB0F12E80CB1
:20E80400CCD2AB38E2030352BDA90F2EA208761F03A6E80E6668BDA00F2AE80FBE7FBFABB6
:20E814000F12BFA90F2E1E04E00D0254761F03A1E2030018FFEF0797761F03A4E801E4D01E
:20E82400E801E11DE801FD9C56BF0A21BFA70F12761F03A1E80EB855E809999CE801FCC895
:20E83400E2030518BFA60F12E801F260761F03A6BFA90F12E2030412E801F4C8E203005263
:20E84400E8020400E2AF0552BFA40F12E590E80CCCD5BFAB0F12E801DC18E203004EE2AF24
:20E85400044EE808937C6F38761F03A4E801E4D0E801E11DE801FD9C56BF0821BFA70F12A5
:20E86400761F03A1E80EB855E809999CE801FCC8E2030518BFA60F12E801F260761F03A684
:20E87400BFA90F12E2030412E801F410E2030052E8020000E2AF0552BFA40F12E590E80821
:20E884006255BFAB0F12E801E7A8E203004EE2AF044EE80E147C761F03A4E801FA2FE801E7
:20E89400FC63BDA70F1256BF022C1A3B0032E808F5C7E80E666BE80EA160E801F266761F76
:20E8A40003A1BFA70F12E801FA62E801D819E80E666EE2030616761F03A6A806761F03A516
:20E8B400A908C33E761F03A6E80E666AE2030710E2030304E8089379BDA60F2E761F03B6BC
:20E8C400E2030208BDA90F2A761F03B6E2030102E80CCCD7761F03A5E80E666EBFA60F2E30
:20E8D400E203044EE2030552BFA90F2AC238761F03831E1006521E54761F03A456BF013D74
:20E8E4002B24FFEF0C1C761F03A4E801E9A0E801E43F56BF042156BF042C56BF3C2EE8010E
:20E8F400FBAEE801FBDDE203004EE801E51BE801FCCAE80E857F761F03A5E801FB31E8019A
:20E90400E8C0E80E147EE203073EE80F5F8DE2030050E80EB853761F03A6E80CCCD2E801C7
:20E91400D148E801E4EFE801F2648F022221E80B3331E2030610E2030500E203004AE203AB
:20E92400074C761F03A1E801E4D5E8020406E2030318E2AF074A761F03A6E2030548BFA6FA
:20E934000F2AE8020580E2030212E2AF034EE80F4007761F03A5E2AF0648E8082753E2AFEB
:20E944000250E2030138E80AB2C6E80AF83AE2AF014CE8098139761F03C7E80E666C56BFF0
:20E954000A36761F03A1BFA90F12E2030416E203034EE2030250E203014CE2030648761F3B
:20E9640003A6E80209041E06BFA70F22761F03A5C236761F0383C310FFEF0B89761F03A457
:20E97400E801E780E801E43F56BF3C2EE801FBAEE801FBB5E203004EE801E51BE801FCCAB2
:20E98400761F03A5E80E857FE801FB31E801E478E80E147EE80DCCC5E203073E761F03A66C
:20E99400E2030050E80EB853E80CCCD2E801DDC7E2030610E2030500E801CF00E80B33311A
:20E9A400E801FA648F022221761F03A1E203074CE203004AE801DD85E2030318E802040659
:20E9B400761F03A6E2030548E2AF074ABFA60F2AE2030212E8020580E2AF034E761F03A5CC
:20E9C400E2AF0648E809AC87E2030138E2AF0250E8083473E80F93E6E2AF014CE80AE14A2D
:20E9D400E80C6521FFEF047D761F03A4E801ECD8E801E11DE801FD9C1A3B0032E801FC3349
:20E9E400BFA70F12761F03A1E80EB855E809999CE801FCC8E2030518BFA60F12761F03A6B7
:20E9F400E801F260E80B3333BFA90F12E2030412E801F260E2030052E8020500E2AF0552A2
:20EA0400BFA40F12E590E80E666DBFAB0F12E801E1A0E203004EE2AF044EE809CAC4FFEFB8
:20EA14000297761F03A4E801E760E801E91DE801FD99283A01F456BF643956BF733756BF92
:20EA24000A211A3B0032E801DD1CBFAB0F12E80EB855BFA70F16761F03A1E801F817E8020A
:20EA34000666E801FCC8E2030516E80EB854BFA60F12E801E119E801FA62E801F260761F29
:20EA440003A1BFA90F12E801F450E2030052E590E80C7AE7BFA40F12BDAB0F12E80E666E80
:20EA5400E80EB851E2030418E2AF0552E8098DB8E809EB8DBFAB0F12E801E4F8E203004E98
:20EA6400E2AF044EE80DF3BCFFEF02A5761F0383E2AF0628E801EE62E801ECDF761F039681
:20EA7400E801F6BDE2030254E2C4012BE20307467680F118E80209F4E801EF8A761F03C205
:20EA8400E203054E8F40F120E597E8511E8BE2030258E801FC00C230E2030762E850BC366E
:20EA9400E2030452E801D419E801FC02761F03C2E801F20DE2AF0746E2030156E2030264C3
:20EAA400A02AC462E801FD99E801FCCAE809B5EF761F03A5BFA30F2AE203015AE203025C44
:20EAB400E27400C0E2030746E80218B4E808312DE801F261E801FB9AC208E203015EE20349
:20EAC4000260E2AF074E8F09DD861AC10004761F03BBC464E8020729E80214EAE80851EF63
:20EAD400E850CBC6BFAC0F16BFAB0F1AE203074EC23CE801FA61E2AF0254E2AF0752761F54
:20EAE40003A1E80E666ABFA90F16E80B3337E2030254E2030752E2AF025CE30D4F56E2AF30
:20EAF4000558E203010EE80CCCD2E80D4FE5E808937FE27400E6E2AF015A761F03A1E203AE
:20EB04000558E2AF045EE8099999E2AF0360E203025CE2030756E80E666CE203015ABDAC94
:20EB14000F26E80FBE7BE203045EE2030360BDAB0F16E801F20BE80E147DBDA90F22E8086C
:20EB2400312BE808A3D9E203030CBFAC0F26E80E666CBFAB0F16A842E801EF8DC446761F30
:20EB340003A5E8020B5FBFA90F22C23E761F03B7AB30C44EE809999FE801F20A761F03A6A4
:20EB4400C210C452E808312A8D00F12876C0F130C206761F03B7A932C454BDA30F12E80D01
:20EB54004FE5761F03B6C208761F03BB1E3A761F03A41A3B000A56BFC83AC456761F03BB8B
:20EB6400E00C973E761F03B6C202761F03A1E0016A10761F03A4C4582839012C56BFAF3749
:20EB740056BF013D761F03A1C216761F03A1E2030518761F03A4C45A56BF0A2156BF0A2CFD
:20EB8400761F03A156BF7800761F03A6C212761F03A456BF012856BF012656BF0123761F15
:20EB940003A5C45C8F49DD748F09DD8C9A03C238761F03A42B24761F03BB56BF0135C45E8D
:20EBA400761F037656BF3222761F0383C210761F03A156BF9601761F03C23A28C460761F93
:20EBB40003C2C32E761F03A6C204764AB274E801F0C8E801E3A9E80CCCD0E80E1479E20393
:20EBC4000054E203014EE2030052FFEF0940761F03A4E801DCD8E801FE2F56BF1421E80119
:20EBD400FD9DBFA00F12761F03A6E808F5C7E801FC63E809999DE801F260E203071076C041
:20EBE400F1B87680F1C08F40F1A88F00F1B0E2030512BFAB0F12E80E666BE801ECF8E20329
:20EBF400004EBDA00F2EE80210A0E2AF054EBFA30F12E801ED18E80DF3BDE2030052E8095D
:20EC0400B547E8020000FFEF0368761F03A4E801E4D8E80208F6183BF7FF56BF082156BF4C
:20EC1400082CE801F665E801E51C1A3B4022BFAB0F12E80B3336761F03A6E801FC63E80171
:20EC2400FD98E80E666DE2030606BFA70F12E80EB854761F03A1E801FCC8E801FA2FBFA69B
:20EC34000F12E801F260E2030516BFA90F12E801F610E2030052E590E80E666BBFA40F12F5
:20EC4400BDAB0F12761F03A1E2030418761F03A5E2AF0552E809B4E8A808BFAB0F12E80117
:20EC5400E4D8E203004EBDA70F12E80C7AE5A93E761F03A6E2AF044EE8099998E80D2F1C6F
:20EC6400BFA70F12E808F5C7E801D419E801EE62C312FFEFFC49761F03A4E801ECD8E80174
:20EC7400E11DE801FD9C1A3B0026E801FC63BFA70F12761F03A1E80EB855E809999CE8016B
:20EC8400FCC8E2030518BFA60F12761F03A6E801F260E80E666BBFA90F12E2030412E80177
:20EC9400ECA8E2030052E8020580E2AF0552BFA40F12E590E80C0835BFAB0F12E801E09828
:20ECA400E203004EE2AF044EE80BA5E4761F03A4BDA70F12E801F63F56BF0C2156BF062C56
:20ECB400E80D70A7E809B1B8FFEFFBE9761F03A4E801E4D8E801FD99E801EE65E801DD1C8A
:20ECC40056BFC83A2839012C56BFAF3756BF06211A3B0022BFAB0F12E801FA2FBFA70F16B5
:20ECD400E80E666DE80207B6E801FCC8761F03A1E80EB854BFA60F12E801EE62E801D41933
:20ECE400E2030516E801F260E808F5C7BFA90F12E8020060E2030052E590E80B3336BFA4EB
:20ECF4000F12BDAB0F12761F03A1E8089379E2030418E2AF0552E809B5E8E80E666DBFAB77
:20ED04000F12E801EAA0E203004EE2AF044EE80FEFA4761F03A456BF022CFFEFF86A761F57
:20ED140003A4E801ECD8E801F265E801FD9956BFC83A2839012C56BFAF3756BF062C1A3B90
:20ED24000026E801E11CBFAB0F12E80E666DBFA70F16761F03A1E801F63FE801FCC8E80EEA
:20ED3400B854BFA60F12E2030516E801D819E801F260E802064EBFA90F12E801EB48E20350
:20ED44000052E590761F03A1BFA40F12BDAB0F12E80D70A7E8089379E2030418E2AF0552B1
:20ED5400E809B1B8E80BC6ADBFAB0F12E801DC18E203004EE2AF044EE808937CFFEF01C9AA
:20ED6400761F03A4E801ECD856BF1421E801F6BF7680F130E801F666E801E51DE801FD9CF5
:20ED7400761F03C2BFA00F12E801FC63E801EE62E80851EFC22EE801FCC8E80E666EE80E97
:20ED8400B855761F03A6E809999CBFAB0F12E80E666BE2030710E80E666A761F03A1E801C8
:20ED9400F260E2030616BFA90F12761F03A1E801E2B0E2030518E203004E8F40F1188F0033
:20EDA400F120761F03A6E80210A0E2030412E2030304761F03B6BFA30F12E2AF054EE203E5
:20EDB4000208E801ED18761F03A6E2030052E590A206E2AF0452BFAC0F12761F03A5E80D10
:20EDC4000B15E801F4C8E80EB854E2030054AB08BDA00F12E2AF0354E2030452BDAB0F2E36
:20EDD400E80CCCD3E809B5E8BDA90F2AE2030354E80CCCD7BFA00F1276C0F128E80E666EF3
:20EDE400BFAB0F2E3A3EA938BFA90F2A761F03831E10FFEF01CB761F03A4E801E318E80162
:20EDF400E43F56BF402EE801FBAEE801FB9DE203004EE801E51BE801FCCA761F03A5E80E48
:20EE0400857FE801FB31E801E1A0E80E147EE80C57A5E203073E761F03A6E2030050E80E60
:20EE1400B853E80CCCD2E801D84FE2030610E2030500E801CA88E801F2648F020000E80B4E
:20EE24003331761F03A1E203074CE203004AE801D81DE2030318E8020406761F03A6E2AF29
:20EE3400074AE2030548BFA60F2AE8020200E2030212E2AF034E761F03A5E80A8CC7E2AFC3
:20EE44000648E80DE69BE2AF0250E2030138E808937EE809CAC2E2AF014CE80E35F1761FDC
:20EE540003C7E80E666C56BF0A36761F03A1BFA90F12E2030416E203034EE2030250E203A4
:20EE6400014CE2030648761F03A6E80209041E06BFA70F22761F03A5C236761F0383C310FB
:20EE7400FFEF067F761F03A4E801E4D8E801E51D183BF7FFE801FD9CE801F8B756BFC83AC5
:20EE84002839012C56BFAF3756BF142156BF0A2CE801F4CABFA70F12E801D4191A3B402295
:20EE9400E80EB855E801FCC8E809999C761F03A1BFA60F12E80C395FE80CCCD2E8089379AF
:20EEA400E801F260E2030518BFA90F12E801F450E2030052E8020E40761F03A6BFA40F122A
:20EEB400E590E2030412BFAB0F12E801E660E203004EBDA70F12E2AF0552E809EB8DE2AF7A
:20EEC400044EE80E666CE809A978E801F666761F03A1BFA70F12E80E666EE2030616761F9D
:20EED40003A6A806761F03A5A908C33EFFEFF6B5761F03A4E801E760E801FD99E801ED1D61
:20EEE400E801DD1C283A01F456BF643956BF733756BF022C1A3B0030BFAB0F12BFA70F1686
:20EEF400E801F817E80EB855E801FCC8761F03A1E80EB854BFA60F12E8020D4EE801E1196D
:20EF0400E801F260E2030516BFA90F12E801F6B8E2030052E590E80C7AE7BFA40F12BDABA5
:20EF14000F12761F03A1E80EB851E2030418E2AF0552E8098DB8E80851EDBFAB0F12E801C3
:20EF2400EC78E203004EE2AF044EE80AE14C761F03A4E80CCCD656BF0C21FFEFF648761F5F
:20EF340003A4E801ECD8E801F6BFE801FD9D56BF0A21BFA00F12E801FB9B761F03A6E808DB
:20EF440051EFE809999DE801F26076C0F1587680F1608F40F1488F00F150E2030710E2038C
:20EF54000512E80FBE7BBFAB0F12E801E878E203004EBDA00F2EE8020980E2AF054EBFA3FC
:20EF64000F12E80AE14DE801ED18E809B5EFE2030052E801FC00761F03C2BFAC0F12E801DE
:20EF7400E51EC22EE801FCCCE801F4C8E801EE62761F03A1E80EB856E2030054E80CCCD4F1
:20EF8400E2030618E80E666A761F03A5E590BFA00F2EE2030438761F03A6BDAB0F2AE20371
:20EF94000304761F03B6E2AF0452BFA90F12E2AF0354E2030208E80EB854761F03A6E80C8D
:20EFA400CCD3E80E666EA206761F03A1E2030452E2030354AB16BFAB0F2A761F03A51E08C5
:20EFB4003A3E761F0383A910E801D419761F03B6E203054EE8089379E2030102FFEFF7A824
:20EFC400E801F267E801F332E801ECD8E801FC61E805EF73E801E51EBFA50F2EBFAB0F1A7B
:20EFD400BFA00F12BFA70F16E801FD9DE801FCCCBFA40F1E761F03A6E801F6BFE801E5A202
:20EFE400E8020700E801EE61E80EB856E805F073E80851EFE203024EBFA30F12E809999D81
:20EFF400BFA60F16E80CCCD4E2030710E801F578E801FDA9E801FD9AE809C723761F03A16A
:20F00400E2030052E2030154E2030618E801FC00761F03A6E809999AE801D419E20305125F
:20F01400BFAC0F12761F03A5E2030438E2030308BFA90F16761F03A1BDA00F12E2AF044EDB
:20F02400E2AF0352E2030208E809CAC4E808D503E809B5E8E2AF0254761F03A1BFA00F1282
:20F03400BDA50F12E80D0E5AE203044EBDA40F16E2030352E80E6668E2030254BFA50F1261
:20F04400E80C6889BDAB0F12BFA40F16E805FD51BDA70F2EE80CFDF1E80C04E8E203010230
:20F05400761F03A6BDA60F2AE80E666FA206BFAB0F12761F03A1BDA90F26AB16761F03A5F2
:20F06400E80E666EBFA70F2E3A3EE808937D761F0383BFA60F2AA010761F03A5BFA90F2664
:20F07400A93AA83C761F03A6C304761F03B6C208FFEF02BB761F03A42B3D56BF042156BFFA
:20F08400402EE801E4D8E801FABFE801FBD6E801F265761F03C7E801E51C8F020000BFA97B
:20F094000F12E801FCCB56BF0C36E801FC62E80851EFE80A0A4EE801F261E801E1A0761F38
:20F0A40003A6E80E666DE203004EE80EB854A802E2030710E2030600E801E028E80CCCD390
:20F0B400761F03A1E80E666AE2030050E801D8D7E8020406E80E6669E2030516761F03A17E
:20F0C400E801C6D0E203074CBFA60F2AE2030418E801D8B5E203004A761F03A6E2AF06500C
:20F0D400E2030548BDA90F2EE8020580E2030312761F03A5E8099D8EE2AF054AE2AF044EC2
:20F0E400E2030238BFA70F12E2AF034C761F0383E80FCB05E809B4EFE2030110E2030650DF
:20F0F400E8098B7BE809CAC4E2AF0248761F03A6E203054AE80DDCCABFA90F2EE203034CC5
:20F10400C306761F03A5E20302481E3EC236FFEFF2B5761F03C7E801FABFE802066E56BF59
:20F114000C36E801FB7DE801E4D8E801F264E801E51BE801FC62761F03A6E80851EFE808C6
:20F12400F5C6E801F261E80F5055BFA60F12E80E666CE2030710E2030606E2030500E8012A
:20F13400FCC8E80EB853E80E666A761F03A1BFA90F12E80E6669E801DC7FE2030416E8017D
:20F14400E5E0761F03A1E203004EE2030748E2030318E801E478761F03A5E2030050E203AA
:20F154000238E801D0A0761F0383E203004AE2AF0450E2030110E2AF0248E8020400E80A28
:20F16400E14CE2AF074ABFA70F12761F03A5E80991C2E801DCC0E203004CE2030450E80E8F
:20F174005247E2AF034CBDA60F12E2030248BDA90F2AC336E80E60ABE809B4E8E203034CF5
:20F18400E80CCCD6BFA60F12E2AF054EE80B53FDE203054EC23EBFA90F2A761F03A61E12E1
:20F19400FFEF0359761F03A4E801E038E801FFAFE801FBAE283A012C56BFEB3928370190F3
:20F1A400E801F265E801E51CBFA90F12E801FCCBE801FB32E80E147FE808C9A6761F03A6AC
:20F1B400E801FA61E801E918E80E666DE2030710E2030600E80EB854E203004E761F03A1EF
:20F1C400E80CCCD3E80B3332E801D8EFE801ED18E2030516E8020406E80E6669761F03A1B0
:20F1D400E2030050E203074CBFA60F2AE2030418E801D8B5E801CA88761F03A6E203004AF1
:20F1E400E2030548E2AF0650E2030312BDA90F2E761F03A5E8020200E2AF044EE20302382A
:20F1F400E2AF054A761F0383E80EB856BFA70F12E2AF034CE80EB854E2030110E80E7E6FBA
:20F20400E80FC385E2AF0248761F03A6E80B7F43E80DDCCAC306761F03A5C236FFEF023B19
:20F21400761F03A4E801E760E801E11DE801FD9C283A01F456BF643956BF733756BF0C21FB
:20F2240056BF022C1A3B0030E801F817BFA70F12E801FA62E80EB855E801E119761F03A11F
:20F23400E801FCC8E809999CE2030518BFA60F12E801F260761F03A6E80C7AE7E80E666ACB
:20F24400BFA90F12E8020128E2030052E8020900E80EB851BFA40F12E590E2030412BFAB87
:20F254000F12E801F4F0E203004EBDA70F12E2AF0552E80E147DE2AF044EE809A9FCE8091B
:20F264008DB8FFEFFC64E801ECD8E801F2617680F180761F03C2E801E7ABE2030046E203C2
:20F27400015AC22EE8020700E805EF71E203034EE801F6BFE801E51EE801FD9DE801FCCCFD
:20F28400E2030056E801FD9ABFA30F1676C0F178761F03A68F40F168E801F578E801F331C0
:20F29400E805F0738F00F170C456E2030052BFAC0F16E80851EFE80EB856E801FC00C20658
:20F2A400E809999DE801FC61761F03C2E80CCCD4E2030058E809999ABFA00F16C328E8092E
:20F2B400C723E2AF0046761F03C2E801FDA9A030E809B5E8E2030154761F03C2E801EE6166
:20F2C400E2030046A82A761F03A6BFAB0F16E2AF005AC458E2030710761F03A1E80E666860
:20F2D400E2AF0152E2030618E801D41F761F03A6E203005ABFA90F2EE2030512E808D50173
:20F2E400761F03A5E2AF0754BDA30F12E2030438E2030308761F03A1E80D0E5FE2030208C5
:20F2F400BDAC0F2A761F03A1E2030152E2AF024EE80C6888C216BDA00F26E80C04EEE80EDC
:20F30400147A761F03A5E2030754C446BDAB0F22BFAC0F2ABFA30F12C23EE80E666DE20366
:20F31400024EBDA90F1E761F03A1E805FD56E80E666CE80CFDF6C45AE2030602BFA00F262F
:20F32400E808937B761F0383BFAB0F22C210761F03A5BFA90F1EAB3AA23C761F03A63A0432
:20F33400761F03B6A908761F03A456BF0A211A3B000B761F03B61E02FFEFF437761F03A41B
:20F34400E801E4D8E801FABFE801FCCE56BFC83A2839012C56BFAF3756BF0821E801DD1DEE
:20F35400E801FC1CBFA70F12E80851EF761F03A6E80CCCD6E801DA21E801FB70E80EB855D2
:20F36400E2030710E80EB854761F03A1BFA60F12E2030616E801F260761F03A1E801E11A73
:20F37400BFA90F12E2030518E801FCC8761F03A6E80CDD31E2030052E8020B00E2030412DA
:20F38400E2AF0552BFA40F12E590E80CCCD5BFAB0F12A806E801E0D8761F03A5E203004EA9
:20F39400E2030552E2AF044EBDA70F12A908BDA60F2EE80D2F1CBDA90F2AE809B4E8E20313
:20F3A400044EE808A3DFBFA70F12E80E666EBFA60F2EE80EB852E801FBD3E80F0A43C2389D
:20F3B400BFA90F2A761F03831E1006521E54761F03A456BF013D56BF022C761F03A6E20390
:20F3C4000304761F03B6E2030208761F03B6E2030102761F03A5C33E761F03A42B24FFEFF8
:20F3D4000136761F03A4E801E438E801FBAFE80207EEE801FB8D56BFC83A2839012C56BF04
:20F3E400AF37E801F264BFA90F12E801E51BE801FCCAE80E147FE80B8526761F03A6E80E68
:20F3F4004F65E801FB31E801E860E80E666CE2030710E2030606E2030500E203004EE80E37
:20F40400B853761F03A1E80CCCD2E801E620E801DD37E8020906E2030416E801DD05E80B70
:20F414003331E2030050761F03A1E203074CBFA60F2AE801CF98E2030318E2030548761F19
:20F4240003A6E203004AE2AF044EE2AF0650BDA90F2EE2030212E8020400E2AF034C761F27
:20F4340003A5E80BF144E2AF054AE80CDD36BFA70F12E2AF0248E80ED65BE2030138E80E64
:20F44400857FE80A3585E80C8172C336761F0383C210761F03A42B3D56BF042156BF042C08
:20F4540056BF402E8F020000BFA90F2E761F03C7E2030650E203054AE203034CE2030248AE
:20F4640056BF0A36761F03A6A802761F03A51E3EFFEFF150761F03C7E801E318E801E43F34
:20F4740056BF0A36E801FBAEE801FB9DE203004EE801F264E801E51B761F03A5E80E857F7E
:20F48400E801FCCAE801FB31E801E1A0E80E147EE80C57A5E203073EE2030050E80E666C9B
:20F49400761F03A6E80EB853E801CA88E2030610E2030500E801D84FE80CCCD2E80B333100
:20F4A400761F03A1E203004AE203074CE801D81DE2030416E8020406761F03A1E8020200B2
:20F4B400E2030548BFA60F2AE2030318E2AF074A761F03A6E8020904E2AF0648BFA90F12E9
:20F4C400E2030212E2AF034E761F03A5E808937EE80A8CC7BFA70F22E2030138E80DE69B9F
:20F4D400E2AF0250761F03A6E2030648E809CAC21E06E2AF014CE203034E761F03A5E80EDC
:20F4E40035F1E2030250C236E203014C761F0383C310761F03A48F02000056BF402E761FAE
:20F4F40003A456BF042156BF042C761F03A42B3DE203074A761F03A6A802761F03A456BFBF
:20F50400C83A2839012C56BFAF37761F03A492297649E14392437649DE0E963F5200EC07E8
:20F51400761F03A99214EC031AC10002761F03A492C1E2C40437E2C40621E802064A761F18
:20F5240003839002E2AF0728E801FC0528AC00C8FF81761F03A4E850BC23E8087EDAE2C4A8
:20F534000139983BE2C4003AE274019BBFA70F22BFA60F263037E70001E7BFAB0F16BFA380
:20F544000F1EBDA90F1EBFA00F12BFA10F2ABFA50F2EE7000114E68B001FBDAB0F1EBDA0AF
:20F554000F1AE802024D2D39761F0384E7000009E700009AA03C761F0384E2740100BFA98B
:20F564000F1ABDA50F1EBDA60F1AE801FC06A006761F03A6BFA40F12E27400D2E8087EDD7D
:20F57400E2740109A814761F0384E2030236BDA70F1E761F0384E00F6A08BDA90F12761FF8
:20F5840003A4E27400F6363A761F03A5BDA30F2E1E0AE203062AE2740103761F03A4E8016E
:20F59400FC04E68E0038463BE2740162BFA60F12761F03A6E2030316761F03A47E2D761F33
:20F5A40003A5E203022CEF1ABDA70F1277007700BDA10F1A7700E850500077007700E27446
:20F5B40000807700770077007700E68E00007700761F03A4BFA90F12962D761F03A4BDA1CE
:20F5C4000F129221BDAB0F1EFFC0E8504809BDA00F2AE2AF074E9622E85010029225E80158
:20F5D400FC05E8504830761F03A5E84FA012E2030124BFA60F12BDAB0F12E007DA2E761FA3
:20F5E40003A6BDA70F2ABDA40F2EE8504804BDA00F16C208E203040EE8504836E8511EBF90
:20F5F400E2740058E203060AE27400ABE203070C761F03A5E2030022E2030028E2030332F0
:20F60400764A6997761F03A5E801FC01E2030002E27400087700761F03A49220761F03B70A
:20F61400E2030004764A69C8761F03A4E2C40137761F03C7E802024BE2AF0550E2C4043686
:20F62400761F03A5E2030000E2740060E2AF024A761F03A4E2C40739761F03C7E203003873
:20F63400761F03A4E2C4063AE8502000761F0392E00F4016E8087EDBE7100095E274018021
:20F64400E27401BAE700015C7700E700010C761F03A5E7000114E2030026E2AF074CE802D4
:20F654000248BFA90F22E01FE446E8087ED8E70001047700E700010CBDA90F2AE700011452
:20F664007700E2030418761F03A6E2AF0300E27400F37700E802024DE2AF0748761F03A526
:20F67400E01FDB1AE8087EDDE70000EB7700E70000C97700E70000507700E2AF0202E2742E
:20F68400001077007700E203044A1E30BFA10F1EBFA30F12E203001E764A5904764A69ABE3
:20F69400E2030048764A5904764A69AB761F03A4E2C4013AE2C40237761F03A6C500BFA6D4
:20F6A4000F1ABFA90F16761F03A4E6CF0002E2C4032CE2C40139E2C40421BDA70F12761F03
:20F6B40003A5E2AF0726E2AF052E761F03A6E30E0600761F03C7E00BB83A761F03A5BDA9F8
:20F6C4000F26E2030734E27400E6BDA60F2EBDA10F1E77007700E274014C7700E007C62095
:20F6D400BDA30F2E761F03BEE3010646E2AF054AE00D8008E30BE648E7000192E7000124FC
:20F6E400E70000107700E710010077007700E2770000770077007700761F03A5E203001CB6
:20F6F400BDA90F1277007700BDA60F1A7700E274000C77007700E70000D37700E70000E333
:20F704007700E801FC07E27400FB7700761F03A4423B761F03BEE203030CEF1E761F03A46E
:20F714001B17100056C300091B17F00156C300072817F0016F0328170FFF1B18100056C3E3
:20F7240000091B18F00156C3000C2818F0016F0828180FFF6F05761F03A42B172B18E2AFB7
:20F734000352E802024DE802024CE316F754E8087EDDE8087EDCE71001FBE801D41FE70060
:20F7440001ADE808937FE7000155E70000E6E700014DE7000192E801D41CE7000089E7000C
:20F75400017AE808937CE7000061E2740012921CE2740008761F03A55240E2030210E203B4
:20F76400020EE2030014E203000CEC035241ED13761F03A4921B764A6981761F0383E20376
:20F774000010761F03A49212764A6952761F03A6E2030006761F03A49228ED1F761F0383C4
:20F78400E80231D8E2AF0128761F0396E2C4022BE80C0000761F03A1E3020718761F03A14D
:20F79400E301C116761F03A1E2030006764A67EE761F03A196006F04761F03A19200761FBF
:20F7A4000396E2C4012B761F03A1E2AF00167640AE42761F03A1E2030006761F03A492273B
:20F7B400ED2C761F0383E80231D8E2AF0128761F0396E2C4022BE80C0000761F03B6E3022C
:20F7C4000702761F03B6E301C108761F03B6E2030004764A67EE761F03B69600761F03B6A3
:20F7D400E2AF0008761F0396E2C4012B7640AE42761F03B6E2030004761F03A4922AED15A5
:20F7E400761F0383E80231D8E2AF0128E80C0000761F03A5E7000040E2AF073EE7000038F0
:20F7F400761F0384E2030018761F037F1B1003E856C900032B10761F03A4921C5240EC03E7
:20F804005241ED0A761F037F9210764A6943761F0383E2030038761F0383E801D9B0E2AFDF
:20F814000138761F03A6E8085B08E2AF0216FEA8761F0383E7000051E2AF07BEE30206BE69
:20F82400E2AF05BEE2030038E2AF04BE82BE8BBE000693A9522556C9000A9CD8521356C99D
:20F834000006761F03A4921C000692A80006761F03A492265201ED23761F0384E2AF001466
:20F84400761F0383E2AF010C761F03C28A28764A8E7F761F03A5E2030010761F0383E2AF34
:20F85400010C761F03C28A2E761F0384E2AF0014764A8E7F761F03A5E20300140006761F16
:20F8640003A456BF0A1D56BFC8142813012C56BFAF1656BF8B152810138856BF780F281210
:20F87400028A56BF281156BF641B56BF8C1A56BF781956BFC8052B032B0656BF0A0156BF2F
:20F884004000280207D056BF660C56BF660B56BF6E0E56BF220D2B0856BF0A0756BF032BA5
:20F894002B0A2B0956BF6E1E283401562833058B2B362B352B3056BF642F56BF78322B31CD
:20F8A4002B3C56BF41252B2056BF011F0006B2BDE20304BDE20305BDE20306BDFE02761FE3
:20F8B400037F590D761F03A492235201D901ED4D761F03BAE801EE61E2AF0404E80E66690C
:20F8C400E6940008AD1456C5000B761F0383E2AF0100E6950009E274000E6F09761F038393
:20F8D400E2AF0000E6950000E850480692A1ED03E6AF0024761F03C28A30E6CF0030E6CFF8
:20F8E4000021764A8E7F761F03C2E6CF0005E6CF00218A2AE6CF0030764A8E7FE6CF00040D
:20F8F400E6CF0021E6CF0028764A5CF392A1E7000104E7000145ED03E6AF0024761F03A500
:20F90400E2030516E2030412FE82E2AF06BEE2AF05BEE2AF04BE8BBE00069A00000652A08B
:20F9140088A956C2008B52A056C10158523E56C20044523E56C10190523556C2002552352E
:20F9240056C101AE523156C20014522F56C301A6522056C900E593A69DDF530156C9011658
:20F9340093A69DDD530B56C900E5FFEF0105523256C1019C523356C10184523456C1019320
:20F94400FFEF00FA523A56C20010523956C30186523656C10176523756C10152523856C132
:20F9540000F5FFEF00E9523B56C10175523D56C10170FFEF00E1524656C2001E524656C14A
:20F964000160524256C20010524256C1015E523F56C10146524056C1015A524156C1013A84
:20F97400FFEF00CA524456C1011B524556C1014BFFEF00C2529B56C20016528356C300B08F
:20F9840093A69DB9530156C900F393A69DB7533756C9009B08A9FF7F520156C90105FFEF08
:20F9940000AB93A608A8FF63530156C900DB529F56C100D6FFEF00A052D156C2003C52D109
:20F9A40056C100B252B956C2002052B856C300BA52AB56C2001052AB56C1009252A156C185
:20F9B40000BB52A556C1009852A756C100B3FFEF008352AD56C100AC52B656C100A752B70D
:20F9C40056C100A26F7852C356C2000F52C356C1009152BC56C1009452C156C1008F52C204
:20F9D40056C1008A6F6852C656C1008252CDEC7D6F6252F256C2001552F2EC6752DC56C243
:20F9E400000B52DCEC6852D4EC6C52D7EC6852DBEC646F5152E0EC5D52F1EC596F4C1BA6BF
:20F9F400012156C200101BA60121EC4B52F3EC4552F4EC4988A68F000116A8A90FA6EC3D9B
:20FA04006F3A80A68F000125A8A90FA7EC3888A68F00012BA8A90FA6EC306F2D560301A68C
:20FA140088A976CAE51E06A70DA61EA7C5C77620DEA3560301A688A976CAE56006A70DA680
:20FA24001EA7C5C77620DEC9560301A688A976CAE57806A70DA61EA7C5C7762008A6FF7DF5
:20FA3400560301A688A976CAE5E806A70DA61EA7C5C776209A2100069A7D00069A96000619
:20FA44009A2300069A4E00069A4700069A2F00069ABA00069A2A00069A9300069A910006B3
:20FA54009A7100069A8D00069A4C00069A1F00069A2B00069A7000069A3F00069A5C0006F3
:20FA64009A9500069A6200069A9D00069A7900069A7200069A1C00069A1200069A43000692
:20FA74009A6D00069A4B00069A3B00069A1300069A8000069ABE00069A4800069A52000694
:20FA84009A3200069A1E00069A3800069AAE00069A9800069A3000069A5500069A610006AE
:20FA94009A4200069A2700069A2200069A0B00069A8400069A2C00069A1000069A1A0006E2
:20FAA4009A7400069A6500069A6B00069A2400069A4100069A3A00069A6A00069A0E0006E7
:20FAB4009A2800069A1800069A3600069A7F00069A4500069A15000628A9018500069A31FB
:20FAC40000069A8F00069A1D00069AB400069AB8000628A9023F00069A29000628A9014091
:20FAD400000628A9011400069A3E00069AEF000628A9017B00069A3300069A2600069A77B6
:20FAE40000069A6F00069ADC00069A8500069AA000069A5000069A6E00069AEE000628A9AF
:20FAF40001B2000628A9017D000693A9D000BEC79A005300EC048F00DBC06F038F00DCC0AF
:20FB04008094D80194A7000EFFF6FF5E00069A017649FAF9761F03C09B028F00F03096309C
:20FB14009A01764AE0C09AC88F00DCC028A80100764AE0CC9A007649FAF9761F03C0962FA3
:20FB24005430EC0428A90F0F000628A95AA50006761F03C81A0F01000006764AE3B7761F03
:20FB3400039656BF0C2B761F03C028A90BB82B2E2B312B2D761F037F2B02761F03AD2B38E7
:20FB4400764A58F528A90BB8764A58F9761F037F281F0CE4761F037F2820012C761F0393EA
:20FB5400281303B6764ACFD8764AD03D764AD0D7764AD71B761F03BC56BF0125761F037FAA
:20FB64002B21761F037F28280320761F03BC2800044C761F03A456BF011C761F03BF56BF05
:20FB7400013D761F03AA280805DC764ADDEB764ADEB5761F037F281B0800761F037F281C48
:20FB84000800761F037F281E0800764A7FCD761F03C32B09761F03C72B24761F03BC28220D
:20FB94000BB8764AC381764ACD29764ACC3F28A99376764A1BBC764AC93C764A9DBE764AF8
:20FBA400D8C9764A464B764ADA4D764AD8AC761F03C02B16761F03A42B17761F03A42B188E
:20FBB400764AE0E7761F03BF56BF05267649F863764ADEFB761F037F2B24761F037F56BFCE
:20FBC4006418761F037F281503E8761F037F2B0F761F037F2B10761F03C72B260006B2BD9E
:20FBD40076C0DCC0AABD92C78BA7761F03A4962586A792C9764A58F592D1764A58F9C5A1E7
:20FBE400DF5092C7C5A1761F0396962BDF0892C7C5A1761F03BA962BDF0992C7C5A1761F2F
:20FBF40003BA9628DF0A92C7C5A1761F03BA9629DF0B92C7C5A1761F03BA962EDF0C92C7BA
:20FC0400C5A1761F03BA962DDF0D92C7C5A1761F03C19616DF0E92C7C5A1761F03C1961406
:20FC1400DF0F92C7C5A1761F03C19615DF5192C7C5A1761F03C19619DF1092C7C5A1761FE5
:20FC240003C19601DF1192C7C5A1761F03C19600DF1292C7C5A1761F03C19602DF1392C7DB
:20FC3400C5A1761F03C7963CDF1492C7C5A1761F03BA962CDF1592C7C5A1761F03BC962591
:20FC4400DF1692C7C5A1761F037F9621DF1792C7C5A1761F037F9628DF1892C7C5A1761F49
:20FC540003BC9600DF1992C7C5A1761F03A4961CDF1A92C7C5A1761F03A49620DF1B92C799
:20FC6400C5A1761F03BF963DDF1C92C7C5A1761F039A960EDF1D92C7C5A1761F03879603ED
:20FC7400DF1E92C7C5A1761F03879600DF1F92C7C5A1761F03879601DF2092C7C5A1761F39
:20FC840003879606DF2192C7C5A1761F03AA9608DF2292C7C5A1761F03B99601DF2392C798
:20FC9400C5A1761F03B99600DF2492C7C5A1761F03B99602DF2592C7C5A1761F03B99603AB
:20FCA400DF2692C7C5A1761F037F961BDF2792C7C5A1761F037F961CDF2892C7C5A1761FCB
:20FCB400037F961EDF2992C7C5A1761F03879604DF2B92C7C5A1761F03C39609DF2C92C753
:20FCC400C5A1761F03C79624DF2D92C7C5A1761F03BA9602DF2E92C7C5A1761F03BA960038
:20FCD400DF2F92C7C5A1761F03BA9601DF3092C7C5A1761F03BA9603DF3192C7C5A1761F3D
:20FCE4000387960CDF3292C7C5A1761F03879618DF3392C7C5A1761F03BC9622DF3492C7EE
:20FCF400C5A1761F03BD9602DF3592C7C5A1761F03BD9603DF3692C7C5A1761F03BD96001D
:20FD0400DF3792C7C5A1761F03BD9601DF3892C7C5A1761F03BD9607DF3992C7C5A1761FEA
:20FD140003BD9604DF3A92C7C5A1761F03BF9602DF3B92C7C5A1761F03BF9601DF3C92C773
:20FD2400C5A1761F03BF9604DF3D92C7C5A1761F03BF9600DF3E92C7C5A1761F03BF9603D4
:20FD3400DF3F92C7C5A1761F03BF9607DF4092C7C5A1761F03BD9606DF4192C7C5A1761F9B
:20FD4400039A9619DF4292C7C5A1761F039A961ADF4392C7C5A1761F039A9612761F039AA4
:20FD5400DF4492C79615B2A909B11EA7761F039A92C7960CB2A909B21EA7761F039A92C7FB
:20FD6400961BB2A909B31EA792C7C5A1761F039A9617DF5392C7C5A1761F039A9610DF5458
:20FD740092C7C5A1761F039A9611DF4692C7C5A1761F039A9618DF4792C7C5A1761F039AFC
:20FD8400961CDF6592C7C5A1761F03B59600DF6792C7C5A1761F03B59601DF6992C7C5A1D7
:20FD9400761F03B59607DF6B92C7C5A1761F03B59606DF6692C7C5A1761F03B59604DF6841
:20FDA40092C7C5A1761F03B59603DF6A92C7C5A1761F03B59605DF6C92C7C5A1761F03B553
:20FDB4009602DF4892C7C5A1761F039A963ADF4A92C7C5A1761F03C8960CDF4B92C7C5A1DC
:20FDC400761F03B79601DF4C92C7C5A1761F03B6962EDF4D92C7C5A1761F03B69630761FA9
:20FDD40003B7DF4E92C79600B2A909B41EA792C7C5A1761F03AA9603DF5592C7C5A1761F3A
:20FDE40003AA9602761F03AADF5692C79604B2A909B51EA792C7C5A1761F03AA9610DF5795
:20FDF40092C7C5A1761F03AA960F761F03AADF5892C7960BB2A909B61EA792C7C5A1761FA3
:20FE040003AA960D761F03AADF5992C7960E761F03AAC5A1C4A18AA1D02ADF5A92C7960CB1
:20FE1400761F03C192DC9617761F037F92E4961F761F037F92EC9620761F039392F4961373
:20FE2400761F03BA92FC962A92941AA9F000761F03879605A8A909B71EA7761F03AA92C71A
:20FE3400960AC5A6DF5B92C7C5A6761F03AA9613DF5C92C7C5A6761F03AA9611DF5D92C73D
:20FE4400C5A6761F03C7960ADF5E92C7C5A6761F03C79608DF5F92C7C5A6761F03C0961630
:20FE5400DF6092C7C5A6761F03879615DF6192C7C5A6761F03BF9605DF6292C7C5A6761F31
:20FE640003BF9606DF6392C7C5A6761F03A49617DF6492C7C5A6761F03A49618DF6D92C79B
:20FE7400C5A6761F03C1962CDF6F92C7C5A6761F03879616DF7092C7C5A6761F0387961B28
:20FE8400DF7192C7C5A6761F0387961ADF7292C7C5A6761F03879614DF7D92C7C5A6761FE8
:20FE940003B09605DF7E92C7C5A6761F03B0960CDF7B92C7C5A6761F03C29632761F03C15C
:20FEA400DF7C92C7963206A609821EA7761F03BF92C7962606A609831EA7761F03A492C7C8
:20FEB400962B06A609871EA7761F03A492C7961D06A6098A1EA7761F03A492C7961406A635
:20FEC400098B1EA7761F03A492C7961306A6098C1EA7761F03A492C7961606A609911EA735
:20FED400761F03A492C7961506A609921EA7761F03A492C7961006A609931EA7761F03A43E
:20FEE40092C7960F06A609941EA7761F03A492C7961206A609951EA7761F03A492C796116A
:20FEF40006A609961EA7761F03A492C7961B06A609971EA7761F03A492C7961A06A60998F5
:20FF04001EA7761F03A492C7961906A609991EA7761F03A492C7960506A6099A1EA7761FE8
:20FF140003A492C7960406A6099B1EA7761F03A492C7960306A6099C1EA7761F03A492C745
:20FF2400960606A609881EA7761F03A492C7960106A609891EA7761F03A492C7960006A619
:20FF3400098D1EA7761F03A492C7960206A6098E1EA7761F03A492C7960C06A6098F1EA7DD
:20FF4400761F03A492C7960B06A609901EA7761F03A492C7960E06A6099D1EA7761F03A4D1
:20FF540092C7960D06A6099E1EA7761F03A492C7960706A6099F1EA7761F03A492C7960AF9
:20FF640006A609A01EA7761F03A492C7960906A609A11EA7761F03A492C7961E06A609A274
:20FF74001EA7761F03A492C7963406A609A31EA7761F03A492C7963306A609A41EA7761F1B
:20FF840003A492C7963606A609A51EA7761F03A492C7963506A609A61EA7761F03A492C75D
:20FF9400963006A609A71EA7761F03A492C7962F06A609A81EA7761F03A492C7963206A6E1
:20FFA40009A91EA7761F03A492C7963106A609AA1EA7761F03A492C7963C06A609AB1EA7BA
:20FFB400761F03C792C7963006A609AC1EA7761F03C792C7963106A609AD1EA792C7C5A61F
:20FFC400761F03A4961FDF5292C7C5A6761F0387961CDF7F92C7C5A6761F0387960FDF772A
:20FFD40092C7C5A6761F03879622761F0387DF7892C7962306A609AE1EA7761F03C092C711
:20FFE400962E06A609AF1EA792C7963106A609B01EA792C7C5A6962DDF4F92C7C5A6761FB8
:18FFF40003AD9638761F037FDF4992C7962406A609841EA7761F037F10
:02000004000AF0
:2000000092C7960206A609851EA7761F037F92C7961806A609861EA792C7C5A6761F037FF7
:200010009615DF6E92C7C5A6761F037F960F761F037FDF7392C7961006A609BE1EA7761F23
:20002000039692C7962D06A609BF1EA7761F039692C7962606A609BD1EA7761F039692C7D1
:20003000962506A609C01EA7761F039692C7962806A609801EA7761F038792C7962A06A698
:2000400009811EA7761F038792C7962B06A609B81EA7761F038792C7962906A609B91EA77C
:20005000761F038792C7962806A609BA1EA7761F038792C7962706A609BB1EA7761F03C75D
:2000600092C7962606A609C11EA7761F03BB92C7963606A609C51EA7761F037E92C7963440
:2000700006A609C61EA7761F037E92C7963906A609C71EA792C7C5A6761F037E9637761F75
:200080000396DF7992C7962906A609BC1EA792C7C5A6761F03A49608DF7492C7C5A2761FDB
:2000900003B2963FDF7592C7C5A2761F03B2963DDF7692C7C5A28F00F1FD96C4DF7A92C7F7
:2000A00096CCAAA909C21EA792C796D4AAA909C31EA7761F03A492C79629AAA909C81EA717
:2000B000761F03A992C7961486BE8BBE00069AC88F00DBC028A80100764AE0C07649FB0BD7
:2000C00088A98F005AA5962CA8A90FA6EC067649FB2C7649FB316F037649FBD39A018F00AD
:2000D000F02C9B00764AE0C00006B2BD9AC88D40DCC028A801008AA1764AE0CC9A00BEC732
:2000E0008F00DBC093C155C4ED06DC01D901000EFFFB6F029A018BBE00068F00D900A8A9A3
:2000F000FF1001BD1EA7761F039692C79625A8A9FF1100DF1EA7761F039692C7962DA8A97C
:20010000FF1400151EA7761F039692C7962BA8A9FF1001BF1EA7761F039692C7962600067C
:20011000B2BDAABDA2BD5AADDA88FE5C761F03A48DC0DBC0922596C3764A590496CB764A65
:20012000590D761F03C196419217761F037F9642921F761F037F96449220761F0393964537
:200130009213761F03BA9646922A761F0396932B761F03BA9743932B761F03BA974793285F
:20014000761F03BA97489329761F03BA9749932ED024761F03BA974A932D761F03C1974B9D
:200150009316761F03C1974C9314761F03C1974D9315761F03C1974E9319761F03C1974FF5
:200160009301761F03C197509300761F03C197519302761F03C79752933C761F03BA9753EF
:20017000932C761F03BC97549325761F037F97559321761F037F97569328761F03BC975701
:200180009300761F03A49758931C761F03A497599320761F03BF975A933D761F039A975BD7
:20019000930E761F0387975C9303761F0387975D9300761F0387975E9301761F0387975FA3
:2001A0009306761F03AA97609308761F03B997619301761F03B997629300761F03B99763CD
:2001B0009302761F03B997649303761F037F9765931B761F037F9766931C761F037F97671F
:2001C000931E761F038797689304761F038797699305761F03C3976A9309761F03C7976BA9
:2001D0009324761F03BA976C9302761F03BA976D9300761F03BA976E9301761F03BA976F42
:2001E0009303761F03879770930C761F038797719318761F03BC97729322761F03BD977361
:2001F0009302761F03BD97749303761F03BD97759300761F03BD97769301761F03BD977717
:200200009307761F03BD97789304761F03BF97799302761F03BF977A9301761F03BF977BE8
:200210009304761F03BF977C9300761F03BF977D9303761F03BF977E9307761F03BD977FC8
:200220009306761F039A9792D0239319761F039A9792D022931A761F039A9792D021931240
:20023000761F039A9792D0209315761F039A9792D01F9310761F039A9792D01E9311761F4C
:20024000039A9792D01D930C761F039A9792D01C931B761F039A9792D01B9317761F039A35
:200250009792D01A9318761F039A9792D019931C761F03B59792D0189300761F03B5979276
:20026000D0179301761F03B59792D0169307761F03B59792D0159306761F03B59792D014BF
:200270009304761F03B59792D0139303761F03B59792D0129305761F03B59792D01193020C
:20028000761F039A9792D010933A761F03C89792D00F930C761F03B79792D00E9301761FD0
:2002900003B69792D00D932E761F03B69792D00C9330761F03B79792D00B9300761F03AA90
:2002A00097929303D00A761F03AA2D02761F03AA97925D04761F03AA5C10761F03AA2F0F3A
:2002B000761F03AA270B761F03AA800D761F03AA880E761F03AA930C761F03AA590AD009B4
:2002C0007992584178D3584278DB584478E3584578EB584696FB924378F3D0509693D008BB
:2002D00092479693D00992489693D00A92499693D00B924A9693D00C924B9693D00D924CD5
:2002E0009693D00E924D9693D00F924E9693D051924F9693D01092509693D0119251969304
:2002F000D01292529693D01392539693D01492549693D0159255D1409693D016925696931E
:20030000D01792579693D01892589693D01992599693D01A925A9693D01B925B9693D01C00
:20031000925C9693D01D925D9693D01E925E9693D01F925F9693D02092609693D0219261B2
:200320009693D02292629693D02392639693D02492649693D02592659693D0269266969335
:20033000D02792679693D02892689693D02992699693D02A926A9693D02B926B9693D02C20
:20034000926C9693D02D926D9693D02E926E9693D02F926F9693D03092709693D0319271D2
:200350009693D03292729693D03392739693D03492749693D03592759693D0369276969365
:20036000D03792779693D03892789693D03992799693D03A927A9693D03B927B9693D03C40
:20037000927C9693D03D927D9693D03E927E9693D03F927F9693D0249292969BD023D14113
:200380009292969BD022D1429292969BD021D1439292969BD020D1449292969BD01FD153E7
:200390009292969BD01ED1549292969BD01DD1B19292969BD01CD1B29292969BD01BD1B399
:2003A0009292969BD01AD1469292969BD019D1479292969BD018D1659292969BD017D167AA
:2003B0009292969BD016D1699292969BD015D16B9292969BD014D1669292969BD013D16861
:2003C0009292969BD012D16A9292969BD011D16C9292969BD010D1489292969BD00FD14A9B
:2003D0009292969BD00ED14B9292969BD00DD14C9292969BD00CD14D9292969BD00BD14ED1
:2003E0009292D00A969B9292D1B4D0552193D0567D93D0B5969B7C93D0575793D0583F9346
:2003F000D0B67F93D0597E93D05A9793761F03AA76C0F1FDD0762D13761F03AA92C7969317
:2004000092119642761F03C7920A9643761F03C792089644761F03C092169645761F0387C0
:2004100092159646761F03BF92059647761F03BF92069648761F03A492179649761F03A4B1
:2004200027CF9218964A761F03C1922C964B761F03879216964C761F0387921B964D761F57
:200430000387921A964E761F03879214964F761F03B092059650761F03B0920C9651761FC1
:2004400003C292329652761F03C19232D0249653761F03BF92269654761F03A4922B965554
:20045000761F03A4921D9656761F03A492149657761F03A492139658761F03A49216965944
:20046000761F03A49215965A761F03A49210D1B7965B761F03A42141920F965C761F03A4E5
:200470009212965D761F03A49211965E761F03A480D7921B965F761F03A4921A9660761F5A
:2004800003A492199661761F03A492059662761F03A492049663761F03A492039664761F1D
:2004900003A492069665761F03A492019666761F03A492009667761F03A492029668761F19
:2004A00003A4920C9669761F03A4920B966A761F03A4920E966B761F03A4920D966C761FD0
:2004B00003A49207966D761F03A4920A966E761F03A49209966F761F03A4921E9670761FAA
:2004C00003A492349671761F03A492339672761F03A492369673761F03A492359674761FF0
:2004D00003A492309675761F03A4922F9676761F03A492329677761F03A492319678761FE0
:2004E00003A4923C9679761F03C79230967A761F03C79231967B761F03A4921F967C761F80
:2004F00003AD9238967D761F0387921C967E761F0387920F967F761F038792229692761F19
:200500000387D02392239692761F03C0D022922E9692D02192319692D020922D9692761F07
:20051000037FD01F92249692761F037FD01E92029692761F037FD01D92189692761F037FCE
:20052000D01C92159692761F037FD01B920F9692761F037FD01A92109692761F0396D01953
:20053000922D9692761F0396D01892269692761F0396D01792259692761F0396D01692280C
:200540009692761F0387D015922A9692761F0387D014922B9692761F0387D01392299692BE
:20055000761F0387D01292289692761F0387D01192279692761F03C7D01092269692761F13
:2005600003BBD00F92369692761F037ED00E92349692761F037ED00D92399692761F037E10
:20057000D00C9237761F039696925D29761F03B2D0095C3F5892761F03B22F3D761F03A450
:20058000789B8829761F03A4D05B93082193D05C761F03A92D422193D05D2D43921421935A
:20059000D05E2D442193D05F2D452193D0602D462193D0612D472193D0622D482193D06365
:2005A0002D492193D0642D4A2193D06D2D4B2193D06F2D4C2193D0702D4D2193D0712D4EB3
:2005B0002193D0722D4F2193D07D2D502193D07E2D512193D07B2D522193D07C2D53219309
:2005C000D0822D542193D0832D552193D0872D562193D08A2D572193D08B2D582193D08CFB
:2005D0002D592193D0912D5A2193D0922D5B2193D0932D5C2193D0942D5D2193D0952D5E65
:2005E0002193D0962D5F2193D0972D602193D0982D612193D0992D622193D09A2D632193F5
:2005F000D09B2D642193D09C2D652193D0882D662193D0892D672193D08D2D682193D08E45
:200600002D692193D08F2D6A2193D0902D6B2193D09D2D6C2193D09E2D6D2193D09F2D6EBA
:200610002193D0A02D6F2193D0A12D702193D0A22D712193D0A32D722193D0A42D73219342
:20062000D0A52D742193D0A62D752193D0A72D762193D0A82D772193D0A92D782193D0AA3A
:200630002D792193D0AB2D7A2193D0AC2D7B2193D0AD2D7C2193D04F2D7D2193D0522D7E7E
:200640002193D07F2D7F2193D0245892D177789BD0235892D178789BD0225892D1AE789B57
:20065000D0215892D1AF789BD0205892D1B0789BD01F5892D149789BD01E5892D184789B68
:20066000D01D5892D185789BD01C5892D186789BD01B5892D16E789BD01A5892D173789BA8
:20067000D0195892D1BE789BD0185892D1BF789BD0175892D1BD789BD0165892D1C0789B9A
:20068000D0155892D180789BD0145892D181789BD0135892D1B8789BD0125892D1B9789B22
:20069000D0115892D1BA789BD0105892D1BB789BD00F5892D1C1789BD00E5892D1C5789B99
:2006A000D00D5892D1C6789BD00C5892D1C7789BD079D1C27D93D0747C937F9BD0755793D0
:2006B000D0C37E93D0BC9793D0C89693D07A3F93FEDC82BE86BE8BBE0006FE02761F03C0EE
:2006C00096415CAD9B0A96369A01DC815CA4764AE0C0FE8200068F00DBC0F6C72B8400064F
:2006D000B2BDFE02761F03C01BA9506456BF0135EC0656BF07378D40815A6F237649FB3116
:2006E0005CAD9A0128A80138DC815CA4764AE0CC761F039A5CAD924128A80126960EDC817E
:2006F0009A015CA4764AE0CC9241761F03C7963C764A01108D40A518761F03C056BF0637DA
:20070000764A00B728A90F0F761F03C0542CED0556BF06378D40A51892A1764A06BD764A57
:2007100006CB761F03BCFE8256BF0F268BBE0006761F039A9B1C920E764AB36D761F03C7C3
:200720009B13923C764AB36D761F039A9B419219764AB36D761F039A9B42921A764AB36D29
:20073000761F039A9B439212764AB36D761F039A9B449215764AB36D761F039A9BB1920C61
:20074000764AB36D761F039A9BB2921B764AB36D761F039A9BB39217764AB36D761F039A72
:200750009B539210764AB36D761F039A9B549211764AB36D761F03B59B669204764AB36DB1
:20076000761F03B59B689203764AB36D761F03B59B6A9205764AB36D761F03B59B6C920203
:20077000764AB36D761F03B59B659200764AB36D761F03B59B679201764AB36D761F03B5BB
:200780009B699207764AB36D761F03B59B6B9206764AB36D761F039A9B469218764AB36D74
:20079000761F039A9B47921C764AB36D761F03AA9BB49203764AB36D761F03AA9B559202DB
:2007A000764AB36D761F03AA9B569204764AB36D761F03AA9BB59210764AB36D761F03AA5A
:2007B0009BB5920F764AB36D761F03AA9B57920B764AB36D761F03AA9BB6920D764AB36D95
:2007C000761F03AA9B59920E764AB36D761F03AA9B5A920C764AB36D761F03AA9BB7920A7E
:2007D000764AB36D761F03AA9BB79213764AB36D761F03AA9B5B9211764AB36D0006FE044D
:2007E0005CAD9A019B042B432B422B41DC835CA4764AE0CC761F03C3063C5543EC095CAD71
:2007F00097439A019B04DC835CA4764AE0C05CAD9A019B06DC825CA4764AE0CC761F03C3AC
:20080000923C5442EC0A883C5CAD9A019B067E42DC825CA4764AE0C05CAD9A019B08DC8153
:200810005CA4764AE0CC8841761F03C30E3B0FA6EC0A883B5CAD9A019B087E41DC815CA41E
:20082000764AE0C0FE8400069AC88F00DCC028A80100764AE0CC9A019B028F00F02F764A60
:20083000E0CC9A019B008F00F02C764AE0CC28A95AA5761F03C0542CED0B9A007649FAF9C3
:20084000542FED067649FBD3764A01100006761F03C81A0F0100761F03C0282C0F0F7649AB
:20085000FB310006B2BDAABD764A06CBD1008D80DBC09A1093A18AA2764AE0C0D91092A1F0
:20086000527056C8FFF8D1009A1093A18AA2764AE0C0D9101BA1020056C8FFF886BE8BBE1D
:200870000006761F03C0B2BD5433AABD59A9A2BD5BA856C80025543356C9001B92338F00F1
:20088000DBC028A80100764AE0CC764A00B728A9815A764A06BD761F03C088320EA30FA662
:20089000EC0456BF0A376F0656BF04376F3656BF0B37761F03C81A0F04006F2F8D80DCC06D
:2008A00028A801008AA2764AE0CC764A08527649FB31D01C9292764A1BBC764A011092A11F
:2008B000EC07C5A2D9818F00DBC0F7A12484764A00B728A9A518764A06BD761F03C00EA379
:2008C0008832761F03C81A0F0400761F03C00FA656B0093756B1033782BE86BE8BBE00066A
:2008D000FE025CAD96419B0E9A01DC815CA4764AE0C0FE820006FE025CAD96419B0C9A017F
:2008E000DC815CA4764AE0C0FE820006FE02761F03C00200BE002B2C2B2F2B302836A51876
:2008F00056BF103256BFC8332B372B352B422B41761F03C71E1EC220764A07DF9A019B0A83
:200900008F00F036764AE0CC5CAD9A019B0CDC815CA4764AE0CC5CAD9A019B0EDC825CA4F7
:20091000764AE0CC761F03C088368F00815AA8A90FA6ED2080320E4188410FA7ED0C80339C
:200920000E420FA7ED08764A0824761F03C056BF05376F4C924293A6764A0871764A07DF80
:200930009AC8764A08D0761F03C09232764A08DB6F3D88368F00A518A8A90FA6ED09883282
:200940000E410FA6ED0588330E420FA6EC259236ED1056BF0137764A08527649FB31764AF9
:200950000110764A00B728A9A518764A06BD6F079242934156BF0637764A0871764A07DF9F
:20096000761F03C09233764A08D0761F03C09232764A08DB6F07764A0824761F03C056BF34
:200970000237761F03C81A0F0400FE82000693A98F00F0389A08764AE0CC0006761F03BCC0
:2009800092265204EC0C5207EC0A520EED22761F03C392095201EC035202ED1B764AE2A6B7
:200990005200ED17761F03B29202761F03C0525956BF0134ED1428A95A0F761F03B25400ED
:2009A000EC0528A950645400ED0A764A06D00006761F03C02B34761F03B22B020006761F11
:2009B000037F8F02710002008012A8ABB2BD88128F03A980F61F561700A73F010200A8AB3A
:2009C000F61F561700A63F0A764AC2BA761F03C892085202ED09761F03C28F00F094C51ADA
:2009D00028E408003E67761F03A4932E8F00EF9ED00C761F03A49222D10EBE00761F03A68E
:2009E0009794A302D00D761F03BEC5309694C29CD00AA9943E67761F03A49A00933D5300C2
:2009F00056B101A9764A78518BBE0006761F03828A22761F0381A33A761F0384C53A761FF2
:200A00000385C428062A761F0382A830761F0381A938761F03851E10C312C20E764ACF7F48
:200A1000761F03BA0636761F03BA1E3C764ACBE1761F03BF0616761F03BF1E14764A9616B8
:200A2000761F037F281713882B16764A3B43764ACA210006FE02761F0382E801E4D0E2AF4D
:200A30000130761F03C3E80B5318E2AF0220E7200051761F0382E3020830761F037FE3126E
:200A4000013A761F03820630E2AF0230E0228830761F037F1E3A761F0380E2030100761F8C
:200A50000382E811F400E203002AAD1456C30006E801F400E203002AE2AF022AE2AF0022C9
:200A6000E801FC01E84FC012E801FC03E2740008E2740099770077007700E203002EE203F5
:200A70000134761F037F4809EE2C761F03BF9232ED03E5906F22761F036DE2AF002E761F45
:200A80000385E2AF0114761F036DE2AF022C761F0385E300431AE70000997700E710000910
:200A9000761F0382E2AF0330E27400C87700770077007700E84FF000761F0385E203000C39
:200AA000FE820006764AC930764ADCF4761F037F56BF102A2B092B22764AB19D764AD5D904
:200AB000764ACD79764A8D5E764A7FF3764AD8C9764AB4F6764A464B764ABFB6764ADB0A4D
:200AC000764AE354764AE38E0006B2BDAABDA2BDE20304BDE20305BDE20306BDE20307BD15
:200AD000FE08761F037F9221761F03A5E593E2AF00389001761F03A6E2AF0112761F037F2E
:200AE000E801FC05B600BE00FF881809FDFFE0205342BFA10F1EBFA30F1EBFAB0F1E2B146D
:200AF0002B132B0E2B1A2B192B002B262B112B252B272B0DBFA40F1EBFA50F1EE597BFA058
:200B00000F1EE596BFAC0F1EE5949809BFA20F1EE801E4D1E801E118E27400AD761F038250
:200B1000E2030344E2030346E20303480642C320761F0383E80B5319E80EB850E592C2302F
:200B2000761F03811E221E1C761F03831E1C761F03811E2A761F0385B208A226761F0384B1
:200B30009A01A90AA80C761F0380A00C3A1E761F0382AB22AA30761F037FE203073A761FF4
:200B40000380E2030600761F0384E2030434761F0383E2030300761F0385E2030202761F50
:200B50000383E2030132761F037FE203003E761F0380E2030530764A6981761F0383E59140
:200B6000E203010A761F0384E2030122761F0382E2030110E203011AE2030112E203011C57
:200B7000E2030108E2030116761F0381E2030112761F0384E2030126E2030128761F03811B
:200B8000E203012E761F0380E2030020761F037F1B1B08CD56C600061B1B073356C700044F
:200B9000281B08001B1C08CD56C600061B1C073356C70004281C08001B1E08CD56C60006BE
:200BA0001B1E073356C70004281E08005603041B0EA9BDA90F127700E801E119E801C00793
:200BB000E801C003E80EB8515603041CE2C80224E80803A70EA9BDA90F265603041EE700E3
:200BC0000089E80803A3E68B0000761F03BE2B35BFA70F2A761F03BE0EA9E83202012B38A3
:200BD000E801C002E700003F761F0384E8260201E68B002DBDA90F22E203011CE203072EB6
:200BE000E203062ABFA00F26B21EA21AE80803A2E591E801FC05E597E2030504BFAC0F16D1
:200BF000BDA00F12E68B0024E595BFA60F2E761F0385BFAB0F16BFA50F2EE700001BBFA9FF
:200C00000F26E2030320761F0384AA16AB02761F0385E593E70001101E1EE2030022C21C60
:200C1000C324761F0384FE88A930761F03BE2B34761F03BE2B37761F0384E2AF07BEA024BF
:200C2000761F0383E203031EE2AF06BEE2AF05BEE2AF04BE82BE86BE8BBE0006764AE381A0
:200C3000761F03C892085203ED11761F03C89206EC0B5201EC065203ED09764A7B0B6F061D
:200C4000764A881D6F03764A7580761F0396E2C4012BE801D418E8089378E274004077002B
:200C500077007700761F0383E203002AE2030028761F03A4921C7649E152761F039A920EB1
:200C6000764A1FC7764ADB66764AB30B764A97DA7640A4CC761F0396922B7640A574761FA9
:200C70000396922B7640A574761F037F2B04764A09AF764AE1BD764AD1F0764A8D37764A5E
:200C8000CFE8764ACC6C764AD018764AD0B7764AD6B9764ADF70764AD9F0764AD8B0764AC7
:200C90008A93764AC339764ACCA2764A425B764A3B09764AE24F764AE0EB764AE1327640D7
:200CA000A118764AC8B4764AE3A5764A5C92761F039A920E764A2A83761F039A920E764A78
:200CB000A0B7761F039A920E764ACA40761F03A4921C764AB6C9764AE03F764AE10D764ABB
:200CC000DDAD764ADE7D764ADFA7764AE330764AD3EE8F00EBFA764AE2F5764AD78F764AE4
:200CD0009D7B764ADF02764A0AC5764ADB66764AD915764ABE88764A82A7764A2991764AE4
:200CE000B382764A5371764AC9F8764ACB75764AC114764AA248764A5DF9764AD4CB000600
:200CF000764A91EA8F0080008F48200028A92EA728A80000764AE1DB7640AD94764AD72201
:200D00003B1076260000762F0000FF69764AE098764AE343764ABB87764AA81A764ACE9A15
:200D1000764ADA51764A740F764ADDA6761F03C892085203ED03764AC56F764AB04C764AA3
:200D2000E0D8764A0AA27649FB31764A08E6761F03C39B009209761F03C8520156B101A802
:200D30009208764AD29E764ABA1E761F039A880E8F0093A4A8A90FA6ED03764AB1D0761FE7
:200D400003C892065203ED03764A7974764A0C2E764A7013764ADC4C764ADAAEE80229D9E5
:200D50008F00EE30E8021A40E80C0001764ADAE9E80230E18F00EE28E8021A40E80A000143
:200D6000764ADAE97622761F00348F0A7C10A81C761A761F00301814FFEF761F0030180456
:200D7000FFEF761F0030180CFFEF291029207623000176232000761A6F00B2BDAABDA2BD95
:200D8000E20304BDE20305BDE20306BDE20307BD5AADDA90FE56761F0384E801F20AE2AF5E
:200D90000010E2AF0114761F0381E80827E2E2AF0634E3205F36761F0384E801E4D0E80176
:200DA000E4D1E2AF0420761F0381E72001BEE80B5318E80B5319E3069D3E761F0384E32941
:200DB0006210761F0381E7000104E700018DE801EE60E3169334761F0384E80E6668E2AFCF
:200DC0000120E01ADA10761F0381E0184B34761F0384E2030120E6940002AD1456C2000502
:200DD000E80209006F0BE2AF0010E801FC01E27400087700770077007700E2030012761F49
:200DE0000382E801E4D7E801E4D2D016060EE801E4D3E2AF000AE2030752E203025C761FE0
:200DF00003C0E801E4D71E92E2AF0114E801E4D2E203034EE2030760761F036DD014E80133
:200E0000E4D6E2030244E801E4D7062E761F036DE020477C1E92E801E4D1E2AF0344062CF5
:200E1000D012E801E4D7761F03AF1E5AE20301700634761F03811E928E38E2030654E80136
:200E2000E4D6E80B531B3A68E20307488E3AE2030664E2030344761F03853A668E08E80142
:200E3000E4D5E801E4D6E801E4D13A6E8E0CE2030556E801E4D5761F03843A6C8E22E2032D
:200E4000056AE801E4D4761F03833A748E02E2030458E801E4D5761F03823A728E10E801F9
:200E5000E4D4E203064A761F03833A7A8E16761F0382821A761F03B983343A78761F03B961
:200E6000872AD026761F0382A292E2AF07168E2CE2030046761F03B582243A7EBDAC0F1EA9
:200E7000761F03828A04D020761F03B5A292D0228228761F0382A308C512C41C761F03B5E4
:200E8000A292D0248222E2030592761F0385D01CE2AF021AA292761F03B5D01EE20301926D
:200E9000D018BDA50F168326E2030476761F036DE2AF0624A092761F0385D01AE2AF041429
:200EA000761F036DE322C526E801E4D3761F03AFE2AF0148E20303920636E80B5319761FD2
:200EB00003AF1E5EE2AF034EE20301480638D016761F03AF1E62E80B531B0630E3294D4ABF
:200EC000761F03B5E203014CE80B531D822EE203034E761F03B5E203054AE325A692E2AFF8
:200ED00005528320E2030450E80B531DD014E2030552E32F8D54BDA40F2E761F0382E6CFEC
:200EE000000EE80B531DBDAB0F1AE2030554E2AF0556E80B531DBDA70F1EE2030556E2AF01
:200EF0000558BDA60F22E80B531DE325CF92E2030558D012E327D75AE329DD5CE80B531D1E
:200F0000E203055CE2AF075EBFAC0F1EE2AF0492E329DD66BDA90F2ED016E2AF0462E20322
:200F10000392060AE329DC60D026E80B531CE2AF0768E2030460761F03B9E32F6764E2AF74
:200F2000056CE203045AE80B531FE2030764E2AF076EE32F676AE2AF0572E203045EE80B1D
:200F3000531FE203076AE2AF0774E32F6770E2AF0578E2030462E80B531FE2030770E2AF39
:200F4000077AE32F6776E2AF057EE2030466E80B531FE2030776E2AF0792D022E32F677CE6
:200F5000E2AF0592E2030468D020E80B531FE203077CE2AF0792D024E32F6792E2AF054448
:200F6000D024E80B531F1E44E20307920634D01C761F0385E2AF07461E46E00F646C061AD4
:200F7000BDA30F2EE2AF0592D01EBFA40F22761F0382E32BE548E2AF0792D01EE001446E1A
:200F8000E80B531FE2030792D018BFA30F12BDA50F2EE2AF0492D01AE2AF0592D01AE7203A
:200F90000138E80B531DE2030592E2AF044CBFA50F12E2AF074AE309C54ED0101E4AE2AF09
:200FA0000750BFA10F12E70001E80616E6CF0034E2AF0752BFAB0F12E70001381E4C060877
:200FB000E2AF0554BFA60F12E7000068BDAC0F22E20300928E121E4EE2AF0656E305855C8F
:200FC0003A50E2AF01608E1CE2AF0758BFA90F12761F03AF3A54D016E309C664E2AF075AAF
:200FD000E2030052E2AF0092E30F94628E34761F03AFE301467087383A58E2030056761FFB
:200FE0000384E2AF056AD016E306585EAB928E22761F0382E3017D76E30988663A5C8E10F9
:200FF000E203015AE2AF0468E3014E7C3A60E009895E8E1ABDA40F12E2AF056CE203016218
:201000003A64D024E2AF0492E30B0E44D01EE01C0966E2AF0592E2030144BDA30F2AE2AF02
:20101000046E761F0385E3094846D01AE011896ABDA50F2AC514761F03B5E2AF0592BDA1A2
:201020000F12E00D4946BDA70F268A24BDAB0F2A761F03B5A868E7100144E2AF004AE011C6
:20103000A448BDA60F2AD0108A22E2AF004CBFA10F22E7100034761F0381A86CE2AF004EE7
:20104000BFA30F22E2AF0692E311A550BDA90F12E2AF0638D016BFAC0F22761F03B5C526DB
:20105000E7100144761F0385E7100190E2AF0552BFA50F22E2AF0254BFA90F12E31566084C
:20106000E2AF0056761F0382E2AF0558BFA40F22E7100144E2AF025AE2AF055CE31DF8607A
:20107000BFAB0F22E31AB492E318DA5EE310AA62E2AF0064E2030510BFA60F1E761F03AF88
:20108000A934E310AC66761F0382E203051AE2AF0268761F03AFE2AF006CC238E3151D6A98
:20109000761F03B5E2030324BDA70F22761F0382C544A81CA012761F0384E0115622761F9F
:2010A0000382C30A761F03B5E0184222C546761F03811E38761F0382AB08761F03B5E203BC
:2010B0000026761F03B9C334761F0382C548A216761F0385E2030708B21AC314FED6E2AFBA
:2010C00007BEE2AF06BEE2AF05BEE2AF04BE82BE86BE8BBE0006E6CF0003E72000C877007E
:2010D000E70000127700E71000D00006E801E4D0AABD761F0384BFA60F12A2BDE801E4D021
:2010E000E20304BDBFAB0F12E20305BDE801E4D0E20306BDE2AF0630BFA00F12761F038272
:2010F000E20307BDE2AF0700761F0384E2AF0424761F0381E2AF0532761F0384E32DFA2A99
:20110000761F0381BDA60F2AE3296B30BDAB0F22E720009BBDA00F1A77007700E801E4D027
:20111000761F0385E80B531A061CBFA00F1ABDA90F1ABFA30F12761F0384E2AF013A761F09
:201120000385E720008ABDA30F16C528E80B531C8A1EBFAB0F22E80B5319BDA70F22BFA329
:201130000F16BDA40F167700E801E4D07700BFA20F12E7200064BDA20F1677007700770093
:20114000E80B531EE80B5319BFA60F2ABFA20F16BDA60F167700E801E4D68324BFAC0F2ABB
:20115000E70001CEBDA50F16770077007700E2AF002AE7200041770077007700BFA70F16EA
:20116000BDAC0F167700770077007700E80B53197700BFAC0F16BDAB0F16770077007700AD
:201170007700E7000148BDA00F167700770077007700E70000C9770077007700BFA40F16BD
:20118000BDA30F167700770077007700E7000089770077007700BFA60F16BDA20F16770094
:201190007700761F0384E2AF0730E743E30CE2AF0524E710002DBDAC0F1ABFAB0F16BDA768
:2011A0000F16BDA40F127700E2AF032A761F0385E3028F1EE3163224BDA60F1E761F03BF6E
:2011B000BDA90F129232761F0384A930E2030524E0144E2A761F0385E71000C0E01F192455
:2011C000E203001CE203031EED68761F039A920D5201ED63761F037F9207ED5F761F038427
:2011D000E2AF072EE801E4D3761F0382E801E4D1E801E4D2E2AF0000761F03850620761FD9
:2011E0000381E80B531BE80B5319E2AF0530E80B531A761F0385E2AF0422761F0381E32E87
:2011F0003E32BDA90F12761F037FE720012C4809761F0384E70001DDE7000109E321872EC1
:20120000761F0385E300B420E31F5F22761F0384E7100132E01E432E761F0385E20302209E
:20121000E2030022EF1A761F0384E2AF0104E801E4D0761F0380E2AF0222E80B5318E7202D
:201220000051761F0384E7000041E2AF0704E71001C87700E2030004E2AF07BEE2AF06BEB2
:20123000E2AF05BEE2AF04BE82BE86BE0006E20304BDFE02761F0383E2AF000AE695000096
:20124000E811F400AD1456C30004E801F400761F03A4E2C40122761F03879222761F0382F4
:20125000E2AF0330E2740008761F0384E2AF041EE2AF021A761F0382E3071930761F038477
:20126000E7000051E70000C2E7000040E2030216E2030002EC09E84FC011E84FC000E203A9
:201270000116E2030002FE82E2AF04BE0006B2BDAABDA2BDE20304BDFE0A761F03C89208AA
:201280005202EC40520356C00097761F002C93208F00E180761F002D9200761F002C5800FB
:20129000964497CC5B0178C4761F002C9344D0085A21761F002C7B94D00F2D027A94761FFD
:2012A000002CD0105D24761F002D21942F04761F002C7DE4270457EC3FDC8005D00B97D481
:2012B000761F002C7F948825D10E761F03C892067E9C5203ED60761F002DD00C92019694AF
:2012C0006F5A761F002C9200761F002C58208F00E1809644761F002D78D4920096455845D7
:2012D000761F002D922078C4761F002CD00C930197469694761F002C9246D00896F4932167
:2012E0009747761F002D9247969493019748761F002DD00F924896FC93219749761F002C76
:2012F00092495B049694761F002C5A24761F002D2D04761F002D5D24D00D21DC761F002C6A
:201300007D94D0092F05761F002C5794D00B2725761F002D3F94D00A80057AEC7BE4761F8E
:20131000002D7F94D0108825924496CCD10E7E9C9327979476409EB976409F7E8F00E1800A
:2013200092EC94D4FFC09643560304430EA9BDA90F12770077007700E801C001E68B0000D1
:20133000E80803A1E7000008761F0381E2030030761F0385E2AF0422761F0381E2AF01303D
:20134000761F039AE2AF0232761F039AE72001089208761F0385E70000105201E203002A44
:20135000ED05E6AF0000E203002A761F038692039400FFC09643560304430EA9BDA90F122A
:20136000E801C001E80803A1761F039A9208E68B0000761F0382E70000095201E2030100AF
:20137000761F0384E2AF042E761F039AE7200108E2AF0338E7000018761F0384E203003A36
:20138000ED05E6AF0000E203003A92E494CCFFC09643560304430EA9BDA90F12E801C001B1
:20139000761F039AE80803A19208E68B0000761F0381E70000095201E2030132761F0385DB
:2013A000E2AF0420761F039AE7200108E2AF0336E7000018761F0385E2030028ED05E6AFBC
:2013B0000000E2030028761F03C8880892A65202EC06761F03C893065303ED29761F03861F
:2013C000920C9643560303430EA9BDA90F12770077007700E801C001E68B0000E80803A1A5
:2013D000E7000008761F0380E2030008761F039AE2AF0424761F039AE7000021E2AF033020
:2013E000E72000C8761F0382E203002292A65202ED55D009929494F4E801C001FFC0D00A65
:2013F0009643E801C004761F0381560304430EA9BDA90F12E80803A1929494FCFFC0E68BE6
:2014000000029643560304430EA9BDA90F12E700008AE80803A4E203021EE2AF031EE68BE3
:201410000000E8AFE019E7000020E203011EE203002CE8AFE002761F039AE2AF0326761F16
:201420000381E203022CE2AF001E761F039AE2AF0220761F0381E300E12C761F039AE30261
:201430008A2C761F039AE324431E761F0382E027082C761F0383E2030116761F035D560392
:2014400004060EA9BDA90F12770077007700E801C001E68B0000E80803A1E7000008761FAC
:201450000381E203003A761F03A44E3BEE0B761F0381C4380638761F03B6C234761F03B636
:201460001E32D10B8F40E180E801CFF8D008E801CFFC761F03A4929DDC0EE80FFFB89495A8
:20147000FFC0E80FFFBCD00F94179643E2C40143761F038192C4E70000409495FFC0E2033B
:201480000036761F03A49418761F03819643E2AF0336761F03B6E2C40243E2AF0032761FE1
:20149000037FE70000A14809761F0381E203013E761F03B6E3204434761F0382E720011A9F
:2014A000E203003EE2030236EF2B560304D4761F039AE801C0010EA9BDA90F12E2AF0234C0
:2014B000761F039AE80803A19209E68B0000761F039AE7000009E2AF0422E8AFE008761F5D
:2014C0000380E70000125201E0288122761F0385E203000CED05E6AF0000E203000C761F77
:2014D0000382E2AF0022E5A0AD1456C30005E590E2030022FE8AE2AF04BE82BE86BE8BBE3C
:2014E0000006E20304BD761F0384E2AF043A761F0385E20305BDE2AF0028E2AF012A761F87
:2014F0000380E6950024E20306BDE2AF0506E6950009E6950000E32B2204E3244B02E326E6
:201500000528E3097228E3028B28E300E506E31B9302E2AF0004E018DA06E2AF0506E01224
:201510000302E2AF043CE2030004761F0381E2AF0016E2AF010C761F0380E3296528E2AF5C
:201520000204E320C328E3228A28E309753C761F0381E300E316E2AF000C761F0380E74290
:20153000E451E710011BE012023C761F0381E2030316E203000CE2AF06BEE2AF05BEE2AFE1
:2015400004BE0006524088A956C20091524056C100FE1BA6938856C2005C1BA6938856C16D
:2015500000F91BA6937D56C2002C1BA6937D56C100EE1BA6937756C200151BA6937756C1BD
:2015600000E628A86C8C95A6530156C900DD88A68F009376A8A90FA656C100DFFFEF00D2B0
:2015700080A68F009378A8A90FA756C100D628A86C8695A6530156C900CAFFEF00C31BA6FB
:20158000938156C200161BA6938156C100C080A68F00937EA8A90FA756C100BF88A68F00FD
:201590009380A8A90FA656C100B8FFEF00AB80A68F009384A8A90FA756C100A988A68F006A
:2015A0009387A8A90FA656C100A2FFEF009B523456C20021523456C100A01BA693A756C2BA
:2015B00000141BA693A656C3008F28A86C6995A6530256C9008C88A68F0093A4A8A90FA68B
:2015C00056C100826F7E523256C100875233EC7E6F7893A69DCA530156C900795239EC7614
:2015D000523CEC7A523DEC726F6C1BA65B9B56C200291BA65B9BEC6A524C56C20013524CD3
:2015E000EC6E524856C200095248EC695243EC5E5244EC5F6F565249EC65524AEC606F51CE
:2015F000524DEC60524EEC5B93A69DAD530256C9004E88A68F005B9AA8A90FA6EC4D6F4123
:201600001BA65BA556C200261BA65BA5EC3F1BA65BA156C200121BA65BA1EC3880A68F0062
:201610005B9CA8A90FA7EC3892A608A9A462520156C9002D6F2680A68F005BA2A8A90FA7BC
:20162000EC2B88A68F005BA4A8A90FA6EC256F1980A68F005BA8A8A90FA7EC1880A68F00C0
:201630005BABA8A90FA7EC1280A68F005BACA8A90FA7EC0F92A608A9A445520256C9000785
:201640009A00000628A93232000628A9224C000628A910E0000628A91162000628A91194E3
:20165000000628A923280006761F039A920E764A154288A993A6FFD194A8541956C800095F
:2016600092A69EA8541956C6000492196F0292A6764A6906761F039A921AE2030024764A35
:201670006906761F039AE801F262E805F261E2030030E80E666AE80E6669E6970010E69693
:201680000008E20300300006524388A956C20076524356C100DC1BA6938856C200531BA643
:20169000938856C100D71BA6937E56C2002D1BA6937E56C100CF1BA6937856C200161BA6A7
:2016A000937856C100C780A68F009376A8A90FA756C100C088A68F009377A8A90FA656C1C1
:2016B00000B6FFEF00B228A86C8695A6530156C900AE88A68F00937DA8A90FA656C100A715
:2016C000FFEF00A380A68F009380A8A90FA756C100A180A68F009381A8A90FA756C1009774
:2016D00080A68F009384A8A90FA756C1009088A68F009387A8A90FA656C10089FFEF008590
:2016E000523756C20012523656C3008128A86C6995A6530256C9007B5232EC7B5233EC7674
:2016F0005234EC776F715239EC71523CEC72523DEC6D5240EC6B6F681BA65B9C56C2002D98
:201700001BA65B9CEC66524D56C20013524DEC67524956C200095249EC625244EC5A5248E8
:20171000EC5B6F52524AEC58524CEC566F4D524EEC5393A69DAD530256C9004980A68F0061
:201720005B9AA8A90FA7EC4588A68F005B9BA8A90FA6EC3C6F391BA65BA556C2001E1BA63B
:201730005BA5EC3493A608A8A462530156C9002F80A68F005BA1A8A90FA7EC2880A68F0067
:201740005BA2A8A90FA7EC2588A68F005BA4A8A90FA6EC1F6F1980A68F005BA8A8A90FA760
:20175000EC1580A68F005BABA8A90FA7EC0F80A68F005BACA8A90FA7EC0C92A608A9A4452E
:20176000520256C900049A00000628A92256000628A911B2000628A91194000628A92328D1
:201770000006761F039AB2BD920EAABDA2BD764A168459A993A1FFD188A893A194A69FA609
:201780005BA95AA8541256C8000892A2541256C6000492126F0292A1764A6906761F039A54
:2017900092A35410E203002656C8000892A2541056C6000492106F0292A1764A6906761FAD
:2017A000039A9215E2030020764A6906761F039AE801F262E805F261E203001EE80E666A39
:2017B000E80E66699211E6970010E6960008E203001E764A6906761F039AE801F262E80512
:2017C000F261E203002CE80E666AE80E6669E697001082BEE696000886BEE203002C8BBE2B
:2017D0000006523688A956C200C0523656C101461BA6938756C200631BA6938756C1013EF5
:2017E0001BA6937856C200341BA6937756C3013C1BA6937356C2001D1BA6937256C3012BA9
:2017F00080A68F00936EA8A90FA756C1013080A68F009370A8A90FA756C1011D88A68F0023
:201800009371A8A90FA656C10113FFEF010928A86C8C95A6530156C9010588A68F00937659
:20181000A8A90FA656C1010AFFEF00FA1BA6937E56C200161BA6937D56C3010680A68F0002
:20182000937AA8A90FA756C100F988A68F00937BA8A90FA656C100F5FFEF00E228A86C801B
:2018300095A6530156C900E788A68F009384A8A90FA656C100E0FFEF00D31BA693A256C263
:2018400000341BA693A256C100D31BA6939D56C2001C1BA6939C56C300CE80A68F009388A8
:20185000A8A90FA756C100C780A68F009397A8A90FA756C100C628A86C6895A6530156C97E
:2018600000BDFFEF00AD80A68F00939FA8A90FA756C100AE88A68F0093A0A8A90FA656C150
:2018700000A4FFEF009D1BA693A756C200161BA693A656C3009780A68F0093A4A8A90FA763
:2018800056C1009088A68F0093A5A8A90FA656C1008CFFEF0085523256C100909CCD5201A9
:2018900056C900926F7C525356C2002C525356C10088524856C200175248EC7F524056C2F7
:2018A000000D5240EC775237EC7B5239EC7C9CC4520156C900706F635243EC6F5244EC6A53
:2018B0006F5E524C56C20009524CEC765249EC68524AEC696F54524DEC5D524EEC6A6F4F4D
:2018C0001BA65BA556C2002C1BA65BA456C300531BA65B9E56C200171BA65B9EEC4E93A6C1
:2018D0009DAC530156C9004A80A68F005B9AA8A90FA7EC4392A608A9A465520156C900446A
:2018E0006F2E80A68F005B9FA8A90FA7EC3992A608A9A45F520156C900376F211BA65BAC83
:2018F00056C200121BA65BACEC2580A68F005BA8A8A90FA7EC1F88A68F005BABA8A90FA642
:20190000EC1C6F0D80A68F005BBBA8A90FA7EC1892A608A9A444520156C900109A0000067A
:2019100028A94112000628A93E80000628A91F40000628A92EE0000628A91770000628A9AE
:201920000FA0000628A92328000628A92710000628A93A98000628A91B580006523C88A910
:2019300056C2006E523C56C100CB1BA6938456C200421BA6938456C100C11BA6937D56C2D6
:2019400000231BA6937D56C100B980A68F009376A8A90FA756C100B480A68F009377A8A923
:201950000FA756C100AB80A68F009378A8A90FA756C100A628A86C8695A6530156C9009E6D
:20196000FFEF009A80A68F00937EA8A90FA756C1009780A68F009380A8A90FA756C10090EE
:2019700088A68F009381A8A90FA656C10087FFEF0083523356C2001A5233EC7F80A68F0015
:201980009387A8A90FA7EC7980A68F009388A8A90FA7EC7528A86C6995A6530256C9006EC7
:2019900092A65232EC6C6F675234EC6993A69DCA530156C900635239EC606F5D1BA65B9F9E
:2019A00056C200281BA65B9E56C30058525556C2000E525356C30052523DEC4F5240EC4D4A
:2019B0005243EC4B5244EC4B6F4680A68F005B9AA8A90FA7EC4480A68F005B9BA8A90FA736
:2019C000EC3C88A68F005B9CA8A90FA6EC386F331BA65BA856C2001E1BA65BA8EC2E80A661
:2019D0008F005BA1A8A90FA7EC2880A68F005BA2A8A90FA7EC2480A68F005BA4A8A90FA7CD
:2019E000EC1E88A68F005BA5A8A90FA6EC166F1380A68F005BABA8A90FA7EC0F80A68F0024
:2019F0005BACA8A90FA7EC0B92A608A9A445520256C900049A0000069A7400069A430006F2
:201A0000523C88A956C2006E523C56C100CC1BA6938456C200421BA6938456C100C11BA66D
:201A1000937D56C200231BA6937D56C100B980A68F009376A8A90FA756C100B580A68F0084
:201A20009377A8A90FA756C100AB80A68F009378A8A90FA756C100A728A86C8695A65301FD
:201A300056C9009EFFEF009A80A68F00937EA8A90FA756C1009880A68F009380A8A90FA706
:201A400056C1009188A68F009381A8A90FA656C10087FFEF0083523356C2001A5233EC7F51
:201A500080A68F009387A8A90FA7EC7980A68F009388A8A90FA7EC7628A86C6995A65302CD
:201A600056C9006E92A65232EC6D6F675234EC6A93A69DCA530156C900635239EC606F5DF9
:201A70001BA65B9F56C200281BA65B9E56C30058525556C2000E525356C30052523DEC4F89
:201A80005240EC4D5243EC4B5244EC4C6F4680A68F005B9AA8A90FA7EC4580A68F005B9B9F
:201A9000A8A90FA7EC3C88A68F005B9CA8A90FA6EC396F331BA65BA856C2001E1BA65BA8C8
:201AA000EC2E80A68F005BA1A8A90FA7EC2880A68F005BA2A8A90FA7EC2580A68F005BA4C2
:201AB000A8A90FA7EC1F88A68F005BA5A8A90FA6EC166F1380A68F005BABA8A90FA7EC0F00
:201AC00080A68F005BACA8A90FA7EC0C92A608A9A445520256C900049A00000628A9011878
:201AD00000069A5B0006524488A956C2002F5244EC4E1BA693A056C2001E1BA693A0EC47C6
:201AE00028A86C8C95A6530156C9004280A68F009381A8A90FA7EC3B80A68F009384A8A91A
:201AF0000FA7EC3588A68F009388A8A90FA6EC2F6F2C28A86C5C95A6530356C90029523D6B
:201B0000EC265240EC246F21524E56C2000D524EEC215248EC2B5249EC26524CEC21524D67
:201B1000EC1C6F1380A68F005BA5A8A90FA7EC0F80A68F005BA8A8A90FA7EC0988A68F0003
:201B20005BACA8A90FA6EC039A00000628A92328000628A93A98000628A92EE0000628A988
:201B30001B58000628A90FA0000628A9177000069A0000069A0000069A00000688A91BA666
:201B4000939D56C2001F1BA6939C56C3003280A68F00936EA8A90FA7EC2880A68F0093705A
:201B5000A8A90FA7EC2580A68F009371A8A90FA7EC1C28A86C8E95A6530156C9001A6F1381
:201B600028A86C6195A6530156C9001080A68F0093A2A8A90FA7EC0988A68F0093A5A8A9DE
:201B70000FA6EC039A00000628A92CE9000628A91AA8000688A91BA6937556C2001F1BA69A
:201B8000937456C3003580A68F00936EA8A90FA7EC2E80A68F009370A8A90FA7EC2B80A61D
:201B90008F009371A8A90FA7EC2228A86C8E95A6530156C900206F1928A86C6495A653013E
:201BA00056C9001928A86C6195A6530156C9001080A68F0093A2A8A90FA7EC0928A86C5C14
:201BB00095A6530356C900049A00000628A92CE9000628A91AA80006761F039A960E764AA6
:201BC00017D1960B920E764A17D1960C920E764A17D1961B920E764A17D19617920E764A44
:201BD00015429619920E764A192E961A920E764A16849612920E764A1A009615920E764A71
:201BE00016849610920E764A1A009611920E764A1AD39618764A1B38961C764A1B3A761F1A
:201BF00003B59604764A1B3C761F03B59603764A1B3C761F03B59605764A1B3C761F03B523
:201C00009602761F039A920E764A1B3E761F03B59600761F039A920E764A1B7A761F03B5EA
:201C10009601761F039A920E764A1B7A761F03B59607761F039A920E764A1B7A761F03B598
:201C20009606000688A980A993A6533956C20064533956C100AD1BA6939956C200381BA619
:201C3000939756C300A51BA6937E56C2001C1BA6937D56C3009D8F00936E27A62BAAA8A99C
:201C40000FAB56C1009528A86C9095A6530856C9008F28A86C8695A6530156C90089FFEF27
:201C5000008328A86C8095A6530156C900818F00938427A62BAAA8A90FABEC7928A86C7999
:201C600095A6530156C900746F6E1BA693A756C200191BA693A456C3006B28A86C6495A6E2
:201C7000530156C9006528A86C6195A6530156C9005F88A68F0093A2A8A90FA6EC586F53D4
:201C80009DCE530256C9005493A69DCA530156C9004F6F491BA65B9C56C200221BA65B9A4F
:201C900056C30046534A56C20011534856C300409DC4530156C9003C93A65340EC389DBDC1
:201CA000530156C900356F2F9DB4530256C9003093A69DAD530256C9002B6F251BA65BA86F
:201CB00056C200171BA65BA8EC2208A8A462530156C9001E93A608A8A45F530156C9001855
:201CC00093A608A8A45C530156C900126F0C08A8A455530156C9000C93A608A8A4455302CC
:201CD00056C90006761F039A920E000692A7000688A9761F039A80A993A62B09533656C21E
:201CE00000CF533656C101FE1BA6938456C2006B1BA6938456C101CA1BA6937856C2003449
:201CF0001BA6937856C101561BA6937356C2001D1BA6937256C3018E80A68F00936EA8A929
:201D00000FA756C101F580A68F009370A8A90FA756C1018088A68F009371A8A90FA656C1CB
:201D10000170FFEF015728A86C8C95A6530156C9015888A68F009377A8A90FA656C101CD7B
:201D2000FFEF01481BA6937E56C2001D1BA6937E56C1012080A68F00937AA8A90FA756C17B
:201D300001B180A68F00937BA8A90FA756C101A388A68F00937DA8A90FA656C10199FFEFEA
:201D4000012980A68F009380A8A90FA756C1018988A68F009381A8A90FA656C10177FFEF95
:201D500001191BA693A056C200341BA693A056C1011D1BA6939956C2001D1BA6939856C3C9
:201D6000013080A68F009387A8A90FA756C1014380A68F009388A8A90FA756C1013188A6B3
:201D70008F009397A8A90FA656C10120FFEF00F228A86C6495A6530156C9010C88A68F0064
:201D8000939FA8A90FA656C100FCFFEF00E31BA693A756C2001D1BA693A656C300E280A6DC
:201D90008F0093A2A8A90FA756C100EB80A68F0093A4A8A90FA756C100D488A68F0093A593
:201DA000A8A90FA656C100D2FFEF00C4533356C10144533456C1009EFFEF00BC535556C2FA
:201DB000003C525456C300DD524456C2001E524456C100E6523D56C20010523D56C1010678
:201DC000523756C10118523956C10112523C56C10108FFEF009F524056C100E8524356C11D
:201DD00000DAFFEF0097524D56C20010524D56C1012F524856C10148524956C1013E524C5E
:201DE00056C1012FFFEF0086524E56C10117525356C100AC6F7E1BA65BA456C200321BA639
:201DF0005BA456C100DE1BA65B9F56C2001B1BA65B9F56C100E08F005B9B27A62BAAA8A9C7
:201E00000FAB56C100EA8F005B9CA8A90FABEC4188A68F005B9EA8A90FA656C100D36F59DB
:201E10008F005BA127A62BAAA8A90FAB56C100C088A68F005BA2A8A90FA6EC2B6F4A1BA652
:201E20005BAC56C2001A1BA65BACEC7980A68F005BA5A8A90FA756C1009980A68F005BA818
:201E3000A8A90FA756C1008288A68F005BABA8A90FA6EC706F2E80A68F005BBBA8A90FA75E
:201E4000EC5492A608A9A444520156C9004A6F218F005BA2E801F55088A7A8A9E80BF7D031
:201E500056BF010A2813222E2816109A281418D8E203002A0FA6EC0788A78F00937EA8A9DC
:201E60000FA6ED032814213456BF0108FFEF00CD2813157C281610F3281413566F2C2813CB
:201E70003C8C56BF01086F0428133A982B08281431BA56BF010928162295FFEF00B02813A5
:201E80001D4C28162295281418D82B08FFEF00A728132AF8281613BA281426AC6FF72813D9
:201E9000157C281410906F0528130EA628140B0E2816209556BF010AFFEF008FE801F5504F
:201EA00028132DE62816109A28142972E80BF7D06F16E801F44028130FA0281620952814A0
:201EB0000DD4E80989386F0CE801F48828132CEC28162079281426ACE80F5C282B0956BFA3
:201EC000010A56BF01086F6E56BF010A28132AF8281620792814212056BF01086F3628132D
:201ED0002AF82816109A281421346F112813203A6F9228130EA62816202128140B0E6FBB54
:201EE0002813157C2816202128141090E801F550E80BF7D06FD5E801F3582813203A281688
:201EF00021802814173EE80C28F86FCA28131D4C281418D82B086F802B0A281336B02816CD
:201F0000110D28142AF82B082B096F2828132AF82816221A281423E62B082B096F0B28130F
:201F100019642816110D2814161C56BF010856BF01092B0A6F1328130EA62816221A2814D1
:201F20000C266F07281316762816110D2814161C56BF01092B0A56BF0108E801F550E80BD5
:201F3000F7D0E203002A2B0F56BF010D0006761F039AB2BD920EAABDA2BD764A17D159A9A7
:201F400093A1FFD188A893A194A69FA65BA95AA8540C56C8000892A2540C56C60004920CBC
:201F50006F0292A1764A69AB761F039A92A3541BE203003856C8000892A2541B56C600041D
:201F6000921B6F0292A1764A69AB761F039A92A35417E203003656C8000892A2541756C66E
:201F7000000492176F0292A1764A69AB761F039A9218E2030032764A69AB761F039A921C85
:201F8000E2030034764A69AB761F039A82BEE203002286BE8BBE0006E20304BDE20305BDFB
:201F9000FE02761F03C8930888A95302EC15761F03C892065203EC105303EC05E594E6CFF1
:201FA00000256F10761F03B5E2AF0414761F03B5E2AF050C6F07761F039AE2AF0424E2AFA6
:201FB000053092A6764A6906E801FBE9E7200162E80B8521E7000089FE82E6940008AD1472
:201FC000E6C20008E2AF05BEE2AF04BE0006FE02764A1CD8764A1F37764A1654764A177168
:201FD000764ACECA761F039AE801EE60E2AF0134E80E6668E6940001AD1456C20007761FB6
:201FE000037F1809FEFF6F05761F037F1A090100761F039A9213764A69AB761F039A92160D
:201FF000E203002E764A1F8C761F039AFE82E20300280006761F039A92140006761F039A7E
:20200000E2AF002A000688A91BA6939F56C200121BA6939FEC1E80A68F00936EA8A90FA7F7
:20201000EC1B28A86C8C95A6530156C900116F0D80A68F0093A4A8A90FA7EC0928A86C5A28
:2020200095A6530156C900049AE600069A78000628A9015E00069A640006761F03B6B2BD59
:202030009AFAE2AF003A764A688B8D40D700761F03B6D0E3E2AF003896919AFA764A688BA2
:20204000761F03B6D0E4E2AF003496919AFA764A688B761F03B6D0E5E2AF003E96919AFABE
:20205000764A688B761F03B6D0E6E2AF003696919AFA764A688B761F03B6D0E7E2AF0032BC
:2020600096919AFA764A688BD0E896918BBE00065200ED10761F03BD92025202EC06761FB1
:2020700003BCE2AF003E6F0A761F03BAE2AF00046F05761F03B7E2AF0008764A67BF00061A
:20208000761F03BFB2BD803A761F03BCD092AABD8826D195761F03BC8D80D7009323761F0C
:2020900003C89210761F03C17F92E2AF0020D093969A7E92D0949792764A67CD761F038369
:2020A000D096E2AF000A9692764A67CD761F037FD09793A9CC0902009792FFC8764A20683A
:2020B000761F03B9D098E2AF00349692764A67BF761F03BDD099E2AF00149692764A67BF13
:2020C000D0BC9692764A5DEA764A67BFD0859692764A5DDB764A67BFD086969286BE8BBEF9
:2020D0000006761F039AB2BDE2AF0028AABD764A67B18D80D700761F0382D06DE2AF003055
:2020E0009692764A67B1761F0382D0ADE2AF000A9692764A67B1761F0382D0AEE2AF00166F
:2020F0009692764A67B1761F0382D076E2AF00129692764A67B1761F03AFD077E2AF003876
:202100009692764A67B1761F0382D078E2AF00089692764A67B1761F0382D079E2AF001CB4
:202110009692764A67B1761F03AFD07AE2AF00349692764A67B1D18D761F03BED07B2738FB
:20212000761F03BE96928037D062761F03BE883B3F92761F03BED065933A761F03827F92CB
:20213000D08CE2AF0010979A7E92764A67B1761F0382D0A1E2AF001A9692764A67B1761FAE
:2021400003C8D0A2930896925303ED19761F03B5E2AF0024764A67B1761F03B5D0AAE2AFF1
:2021500000229692764A67B1761F03B5D0ABE2AF00269692764A67B1D0AC969286BE8BBE9D
:202160000006761F0387B2BD880E8F00D700D067761F0387D1699312761F038792137E94C4
:20217000D068969C97948BBE0006761F0383B2BD0630D0C38F00D700761F037FD1C488126C
:202180000EA8761F038393309694761F037FD060979C921A9B147E9400CAE39AD1C5761F28
:20219000038288A9A32602C8761F037F1EA7D0C602007E9CF61F561700A793AB92113F947B
:2021A0005201ED0B761F037F5516562B0616761F037F5517562B08178BBE0006B2BDAABD6D
:2021B000A2BDFE06761F03A0E2AF00328F00D700D0A3761F03AA5A05E6880000761F03939E
:2021C0009219761F03A0E2030046E2AF01327A94761F0393D1BFD0919303E6890000761F69
:2021D000039397439694930B761F0393D0A4E72000085B065A43761F03932D0A9744761F39
:2021E00003935D007A94761F0393E811F8002F02D0A5761F03BE5A442739761F03BE8036BC
:2021F000761F03AA7A948809D0A6761F03AA93007B94D0A7AD142194979CD0F07D94D0F1E2
:202200005794D0A83F94D0A97F94D0BE7E9456C2000492466F0E761F03A0E2AF0032E88F79
:20221000E0007700E688000077007700BFA90F129B0A00CAE17C761F035DFE86962182BE36
:2022200086BE8BBE0006B2BD764AC8D28D40D700D0D29691764AC8BBD0D39691764AC8D26E
:202230005200ED05D0D4289103E86F05761F035F56BF6414764AC8BB5200ED06761F035F8B
:20224000281503E86F05761F035F56BF64158BBE0006B2BD764AA6A48D40D700D0B3969147
:20225000764AA6C0D0B49691764AA6B8D0B59691764AA68F761F03C8D0BB930896915302DC
:20226000EC04D0F22B916F1976409957D0C09691764AB07AD0F29691764AA6C8D0F696911D
:20227000764AA683D0F79691764AA677D0F49691764AA66BD0F596918BBE0006B2BDFE0234
:20228000761F0382E2AF0014764A68138D40D700761F0383D07FE2AF00089691764A684FFF
:20229000761F0383D075E2AF001C9691764A684F761F0383D066E2AF000C9691764A684FF7
:2022A000761F03A5D08EE2AF00069691764A684F761F03A5D0B6E2AF00049691764A684F58
:2022B000761F0384D0B7E2AF00269691764A6813761F0383D07CE2AF00029691764A6813F6
:2022C000761F0384D07DE2AF00289691764A6813761F0384D084E2AF00329691764A6813E5
:2022D000761F0384D07EE2AF00349691764A67CD761F0384D0BAE2AF000C9691764A68BC56
:2022E000D072761F03829691E2AF00369AC8764A688BD073761F03829691E2AF003E9AC8CA
:2022F000764A688B761F0384D074E2AF000E9691764A684FD089761F03BF96919332ED31C4
:20230000761F0383E801F7E8E2AF010AE80B8520E6940001AD1456C5000BE801F808E80A69
:202310003D70E6940001AD1456C40014E805F808E80A3D70E6940001AD1456C50013E805B3
:20232000F7E8E80B8520E6940001AD1456C3000A8F00D700A8A909891EA7D06392C7969403
:20233000FE828BBE0006761F037FB2BD880C8F00D700D090761F037FD1C79306761F037F7F
:2023400092057E94D08F969C97948BBE0006761F03C1B2BD8827761F03C1D087AABD93297F
:20235000D18A761F03C18D80D7009226761F039AE2AF003E7E92D088969A9792764A686BC8
:20236000D09F969286BE8BBE000676C0D7408F00D940F60F248476C0D7F88F00D9F8F6072F
:202370002484000680A988A98F00815AA8A90FA7EC0D80A68F00A518A8A90FA7EC0592A639
:20238000EC079A3F00069A4400069A5500069A450006761F03C3B2BD063C883C8F40D70037
:20239000D050D152761F03C30EA8933B761F03C09695D0519236979D7E95764A2372D0A093
:2023A000761F03C0D1D12F32761F03C056BF01952733D054761F03C080375795761F03C8E6
:2023B000D0558808761F03863F95D05693197F95979DD0CE7E95D05396958BBE0006B2BD8F
:2023C000764ADD0B8D40D700D0D89691764ADD03D0D99691764ADCFBD0DA96918BBE0006BB
:2023D000761F03BEB2BDE2AF0004764A68218D40D700761F03BED080E2AF00029691764A86
:2023E0006821761F03BED081E2AF000A9691764A6821761F03BED082E2AF00069691764A7C
:2023F0006821D08396918BBE0006761F03C8B2BD2F0F270E761F03C3D057AABD801B881A13
:20240000D15D8D80D700761F037F9309761F03BF5792922ED0583F92D059969A7F92D05A6A
:202410007E92D05C9792764098B7761F03C8D0F3930896925302EC105303ED1C7640991746
:20242000D0ED9692764098F7D0EE9692764098D7D0EF96926F0F764098D78D40D700D0ED7C
:20243000969176409917D0EE9691764098F7D0EF969186BE8BBE0006B2BD764ADE778D400B
:20244000D700D0CF9691764ADE71D0D096918BBE0006B2BD7640AB4A8D40D700D0DB96912A
:202450007640AB42D0DC96917640AB35D0DD96918BBE0006B2BDAABDFE048F448000D4003E
:20246000A0A9764A6BC247A9EE05761F035F2B086F05761F035F56BF01088F448000D40069
:20247000A0A9764A6BC245A9EE05761F035F2B096F05761F035F56BF01098F448000D40059
:20248000A0A9764A6BC246A9EE05761F035F2B0A6F05761F035F56BF010A8F448000D40046
:20249000A0A9764A6BC290075DAD761F035B8F0480005207DD82562A0000A8A988005CAD35
:2024A0008D80D700D0CB5DA5DC847E925CA4764A6F0AD19E761F037FD0CD8044CC09100026
:2024B000761F03B5274288337F92FFCB761F03B5D09D93367E92D0CC979A3F92D064969233
:2024C000FE8486BE8BBE0006B2BD764ABBEB8D40D700D09B9691764ABBE3D09C9691764A2B
:2024D000BBCFD09A9691764ABBC7D0B89691764ABBBFD0B19691764ABBB7D0B2969176406D
:2024E00097F1761F03C8D0C1930896915302ED11764098D1D0C29691764ABAA4D0D796918A
:2024F000764ABBAAD05B9691764ABB9DD05E96918BBE0006761F039AB2BDD07192138D4045
:20250000D700761F0385E2AF00089691764A6841761F0384D0AFE2AF00109691764A6841D2
:20251000761F0385D0B0E2AF00169691764A6841761F0385D06AE2AF00149691764A68414B
:20252000761F0392D06BE2AF003E9691764A6841761F0385D06CE2AF00189691764A684145
:20253000761F0385D06EE2AF001A9691764A6841761F0392D06FE2AF003C9691764A68412F
:20254000761F0384D070E2AF00309691764A68B2761F0384D0DEE2AF00249691764A68B2DD
:20255000761F0384D0DFE2AF002A9691764A68B2761F0384D0E0E2AF003A9691764A6841BD
:20256000761F0385D0E1E2AF00289691764A6841761F0385D0E2E2AF002A9691764A68412A
:20257000761F0385D0D6E2AF001C9691764A6841761F0385D0EAE2AF001E9691764A684135
:20258000761F0385D0EBE2AF00249691764A6841D0EC96918BBE0006761F035F282912A0F2
:202590000006761F03BAB2BDE2AF003C28A901F4764A688B8D40D700761F03BFD05FE2AF63
:2025A0000014969128A901F4764A688BD0BD96918BBE00068F40D93076C0D7308F00E1805F
:2025B000BE0F928496859687000EFFFD761F038693109210761F0364972F761F035C962F08
:2025C0000006761F03C89206B2BD56C1022E520156C100A5520356C003248D40D9008F4031
:2025D000E368E801EE60E801EE61B2A9E2AF02D5E80E6668E80E6669FF190001D00AE3040B
:2025E00003F58AA9E68C0000B2A9E70000CAE801EE63BFA70F12FF100201761F03A0E68CB5
:2025F0000011E80E666B7FC4BFA60F16E2AF0295D00E8AA9B2A9E304C195E801EE637EC4D9
:20260000E801EE62FF110101E68C0000D012E80E666B8AA9BFA60F12E80E666AB2A9E70093
:202610000058FF1002037EC4E801EE618AA9E68C0000E2AF0395B2A9D016BFA60F12E80E39
:202620006669FF120081E70000D07EC4E68C00008AA9E2AF0295B2A9BFA70F12E801EE605A
:20263000FF100205E304593AE80E66687FC4761F03A0E70000428AA9E801EE61E68C00189D
:20264000E80E6669E2AF033EBFA60F12B2A9FF150011E70000C97EC4E68C0013E68C0008EC
:202650008AA9BFA70F1EB2A9BFA60F12FF1002217FC48AA97EC4764A7B2088A9B2A9FF11E2
:2026600001118AA9761F03C2800CB2A97EC4FF1400258AA97FC4FFEF02848F40EA008F0028
:20267000D900C5A5A8A9FF1900011EA6DF0C92C7C5A596C6A8A9FF1002011EA6DF1892C758
:20268000C5A596C6A8A9FF1101011EA6DF2492C7C5A596C6A8A9FF1002031EA6DF3092C79A
:20269000C5A596C6A8A9FF1200811EA6DF3C92C7C5A596C6A8A9FF1002051EA6DF4892C7D8
:2026A000C5A596C6A8A9FF1101031EA6DF0D92C7C5A596C6A8A9FF1002071EA6DF1992C7A2
:2026B000C5A596C6A8A9FF1300411EA6DF2592C7C5A596C6A8A9FF1002091EA6DF3192C721
:2026C000C5A596C6A8A9FF1101051EA6DF3D92C7C5A596C6A8A9FF10020B1EA6DF4992C71C
:2026D000C5A596C6A8A9FF11011B1EA6DF0E92C7C5A596C6A8A9FF1002371EA6DF1A92C728
:2026E000C5A596C6A8A9FF1300471EA6DF2692C7C5A596C6A8A9FF1002391EA6DF3292C7B9
:2026F000C5A596C6A8A9FF11011D1EA6DF3E92C7C5A596C6A8A9FF10023B1EA6DF4A92C7A2
:20270000C5A596C6A8A9FF12008F1EA6DF0F92C7C5A596C6A8A9FF10023D1EA6DF1B92C77B
:20271000C5A596C6A8A9FF11011F1EA6DF2792C7C5A596C6A8A9FF10023F1EA6DF3392C7A9
:20272000C5A596C6A8A9FF1600091EA6DF3F92C7C5A596C6A8A9FF1002411EA6DF4B92C779
:20273000C5A596C6A8A9FF1101211EA6DF1092C7C5A596C6A8A9FF1002431EA6DF1C92C7B1
:20274000C5A596C6A8A9FF1200911EA6DF2892C7C5A596C6A8A9FF1002451EA6DF3492C7FF
:20275000C5A596C6A8A9FF1101231EA6DF4092C7C5A596C6A8A9FF1002471EA6DF4C92C72B
:20276000C5A596C6A8A9FF1500111EA6DF1492C7C5A596C6A8A9FF1002211EA6DF2092C7A8
:20277000C5A596C6A8A9FF1101111EA6DF2C92C7C5A596C6A8A9FF1002231EA6DF3892C769
:20278000C5A596C6A8A9FF1200891EA6DF4492C7C5A596C6A8A9FF1002251EA6DF5092C7AF
:20279000C5A596C6A8A9FF1002291EA6DF1692C7C5A596C6A8A9FF1101151EA6DF2292C76B
:2027A000C5A596C6A8A9FF10022B1EA6DF2E92C7C5A596C6A8A9FF12008B1EA6DF3A92C7B3
:2027B000C5A596C6A8A9FF10022D1EA6DF4692C7C5A596C6A8A9FF1101171EA6DF5292C7E5
:2027C000C5A596C6A8A9FF1400231EA6DF1292C7C5A596C6A8A9FF1002311EA6DF1392C736
:2027D000C5A596C6A8A9FF1101191EA6DF2A92C7C5A596C6A8A9FF1002331EA6DF2B92C700
:2027E000C5A596C6A8A9FF12008D1EA6DF4292C7C5A596C6A8A9FF1002358AA9DF4392C7DB
:2027F00096C4FFEF00FE8F40E3818F00D900C5A5A8A9FF1900011EA6DF0992C7C5A596C649
:20280000A8A9FF1002011EA6DF1292C7C5A596C6A8A9FF1101011EA6DF1B92C7C5A596C641
:20281000A8A9FF1002031EA6DF2492C7C5A596C6A8A9FF1200811EA6DF2D92C7C5A596C68B
:20282000A8A9FF1002051EA6DF3692C7C5A596C6A8A9FF1101031EA6DF0A92C7C5A596C608
:20283000A8A9FF1002071EA6DF1392C7C5A596C6A8A9FF1300411EA6DF1C92C7C5A596C6C8
:20284000A8A9FF1002091EA6DF2592C7C5A596C6A8A9FF1101051EA6DF2E92C7C5A596C6CF
:20285000A8A9FF10020B1EA6DF3792C7C5A596C6A8A9FF1500111EA6DF0F92C7C5A596C6BB
:20286000A8A9FF1002211EA6DF1892C7C5A596C6A8A9FF1101111EA6DF2192C7C5A596C6A5
:20287000A8A9FF1002231EA6DF2A92C7C5A596C6A8A9FF1200891EA6DF3392C7C5A596C6F7
:20288000A8A9FF1002251EA6DF3C92C7C5A596C6A8A9FF1002291EA6DF1092C7C5A596C656
:20289000A8A9FF1101151EA6DF1992C7C5A596C6A8A9FF10022B1EA6DF2292C7C5A596C665
:2028A000A8A9FF12008B1EA6DF2B92C7C5A596C6A8A9FF10022D1EA6DF3492C7C5A596C6B9
:2028B000A8A9FF1101171EA6DF3D92C7C5A596C6A8A9FF1400231EA6DF1192C7C5A596C636
:2028C000A8A9FF1002311EA6DF1A92C7C5A596C6A8A9FF1101191EA6DF2392C7C5A596C629
:2028D000A8A9FF1002331EA6DF2C92C7C5A596C6A8A9DF35FF12008D1EA6761F03C292C7EB
:2028E000C5A596C6A8A9FF10023583A9DF3E880C92C796C5A8A9FF1400258AA97EC4764A2C
:2028F000C0EE5200ED09761F03C7922A761F036C9619FFEF00968F00D900761F039EA8A991
:202900008806FF12008383A9A8A97EC58807FF10020D83A9A8A97EC58808FF11010783A994
:20291000A8A97EC58809FF10020F83A9A8A97EC5880AFF14002183A9A8A97EC5880BFF107A
:20292000021183A9A8A97EC5880CFF11010983A9A8A97EC5880DFF10021383A9A8A97EC5DD
:20293000880EFF12008583A9A8A97EC5880FFF10021583A9A8A97EC58810FF11010B83A93E
:20294000A8A97EC58811FF10021783A9A8A97EC58812FF13004383A9A8A97EC58813FF1009
:20295000021983A9A8A97EC58814FF11010D83A9A8A97EC58815FF10021B83A9A8A97EC589
:202960008816FF12008783A9A8A97EC58817FF10021D83A9A8A97EC58818FF11010F83A9E8
:20297000A8A97EC5FF10021F881983A9A8A9761F039E7EC5FF110113880083A9761F039EDE
:20298000A8A97EC58801FF10022783A9761F039E7EC58802A8A9FF1300458AA97EC48BBE4D
:2029900000068F40D7008F00D900768001F32B842B85000EFFFE0006761F035B2B00764ADB
:2029A00025AA764A2365764A2389764A2175764A2333764A2080764A21AE764A24C4764AD1
:2029B0002249764A2591764A23F5764A245A764A243C764A2223764A23BF764A2449764A5C
:2029C000202D764A258C761F035B9201ED0856BF0101764A24FA764A227E6F062B01764A08
:2029D00020D1764A23D0764A2161764A234776C0D7508F00D950F6A72484764A25C10006D1
:2029E000FE02025A761F037707148AA9E2AF000A9A00E2AF01C4E6940008AD1456C300082F
:2029F00093015301EC04930056B001A9FE820006FE02761F03779202ED07764A29E0520074
:202A000056B001026F1D764A29E05200ED190250E801FB980714E80999988AA9E801E119DF
:202A1000E80EB851E2AF0208E3044AC4E70000807700E6940001AD1456C300032B02920220
:202A2000FE820006B2BDAABDA2BDE20304BDE20305BDE20306BDE20307BDFE0A8DC0DDD437
:202A3000BFA20F1EE6CF0014E6CF000F28470002E203004AE2AF055EE2AF065C064A761FFF
:202A40000377D0541E42830CD15EE2030744E20304468AC3E2AF0095D056E2AF039DE2AF00
:202A50000195D05CE2AF0295764AAB9A761F0377AA42D0AC0224E20306448A0CD1B6E203A9
:202A600005460783E2AF0094D0AEE2AF039CE2AF0194D0B4E2AF02948AA9764AAB9A8847D6
:202A7000DE8158A67E471BA0FFFFEDC9FE8AE2AF07BEE2AF06BEE2AF05BEE2AF04BE82BE9B
:202A800086BE8BBE0006B2BDAABDA2BDE20304BDFE0488A9761F03771BA6939F2B0156C24F
:202A9000001E1BA6939FEC3A80A68F009370A8A90FA7EC3980A68F009371A8A90FA7EC2E31
:202AA00028A86C8E95A6530156C9002E28A86C6495A6530156C900286F1380A68F0093A090
:202AB000A8A90FA7EC1880A68F0093A2A8A90FA7EC1588A68F0093A5A8A90FA6EC0C8F0087
:202AC000E5B4761F03960200A832761F03778AA91E0C6F118F09C8E06F038F09C81C8F406A
:202AD000E5B46F058F09C6948F40E5BCA80C761F0396A032BE00A8A9761F037756B001A6F8
:202AE000FF587E00EC58761F03A0E2AF00D4E801FC64E2AF02E4C4320632E88FE001E80EE4
:202AF000666CC242E3028B321E44E3030232761F0377E2030010761F03A0E2AF0132E2AF41
:202B00000032764A2A228F00DDD4BDA40F2277007700761F0377830CD202BFA40F22D0BE23
:202B1000C595C4C4D154D0C0C39E8284D1C2C595E590D062BDA40F22C396D064069DD15C24
:202B20001E96E203009E764A58FD764A69ABD15A761F0377D05A830CE2030093D05EE2AF4B
:202B3000009BD150E6AF0000E203009306C51E9B000AFFD5FE84E2AF04BE82BE86BE8BBEB8
:202B40000006D014E2AF00940006D038E2AF00940006B2BDD0228BA4E801E119E80EB851BB
:202B5000E7000008C591E20300D13E67D010E2AF00918BBE0006E20304BDE20305BDFE0A1F
:202B60005DADC5A4DD8A5CA5F6092484E2AF0242E3045344E70000CBE700008AE70000C3B3
:202B7000E2AF0446E741A509E2AF0548E74113407700E7100040E2AF014AE7100040770003
:202B8000E8200000FE8AE2AF05BEE2AF04BE0006761F03A4B2BDE2C4033AAABD86A4761F44
:202B900003A4A2BD59A9DC52E20304BD5BA8E801E11CE80EB854E0012DBDE2C40039E700CD
:202BA00000CCE7000012E6CF0021E6CF0028764A8FC78AA2BFA90F12E6CF0021E6CF00281F
:202BB000DC02764A2B5BE6CF0003E2AF00C2E7000021E801F150E7000061E80D5558E700D3
:202BC0000042BDA90F12770077007700E710009BE710001192A3E8200001E6CF0018E696A6
:202BD0000008EC06E801F511E80FCC196F03E801FC015201EC02E5930EA1E72000C2BDA931
:202BE0000F12770077007700761F03A5E68B0004E288050AE70000A2E700011BE700008928
:202BF0007700E274015AE274014877007700E2AF05BEE8511E91E8511E80E2AF04BE82BE6A
:202C000086BEE71000408BBE0006E20304BDE801E11B761F03A4E20305BDE80EB853D008A3
:202C1000E20306BDE2C4063A761F03A4E000E7BDE2C40339E2AF00C4E7200024E2AF07E478
:202C2000E70001E7E2AF00D4E31E0594E274019BE7000165E2740180E2AF04F4E7100164CB
:202C3000E7000092E700011CE30207BEE3050EBEE2AF05BEE31204BE0006B2BDD11AAABDD7
:202C4000C448BFAC0F16C5A4E2AF02D5C49EE2AF01C5DC3CBFAB0F12BDA60F12764A2C0536
:202C5000BFA20F12BDAB0F16BDAC0F1A8AA7BDA60F12764A2B88BDA20F16770077007700B2
:202C600086BEE71000408BBE0006E20304BDE20305BDFE025200EC35E801FCB3E80F8C139C
:202C7000E6940019AD1456C50006E801FCB1E80F8C11E801EECCE84F8013E808B43CE70071
:202C800000A5E70000CBE801F114E7000149E801F112E88F800DE80E872CE8CF8009E2778C
:202C9000002DE71000E4E2770009E80E872AE751A503E7000144E00413C4E00204D46F0D16
:202CA000E801F9A9E84FC002E8082799E7000008E20302C4E20300D4D008E20302F4FE825A
:202CB000E2030094E2AF05BEE2AF04BE0006E20304BDFE02761F03AEE6950000E2AF030CD7
:202CC000E6940018AD1456C3003F761F03A4E801EE63E2C40437E80E666BE700011B7700B1
:202CD000E70000C0E801FB34E8504800E80B3334E6940020AD1456C50019E805F733E80BB2
:202CE0003333E274001B77007700E801FC2CE808F5C4E71000E07700E811FC00AD1456C536
:202CF000000BE801FC006F07E801F8CBE80CCCD3E7000018E72000527700E7000080770072
:202D0000E710000AFE82E6CF0010E2AF04BE0006B2BDE20304BDE20305BDE20306BDFE02B0
:202D1000761F03A4E2C403377700E70000C3D026E695001BE2AF0094E6940003AD1456C35E
:202D20000078D008E2AF0094E6940003AD1456C5004DD012E2AF0094E6940003AD1456C518
:202D30000038D01CE2AF0094E6940003AD1456C50027D024E2AF0094761F0383D120D022A3
:202D4000E300C494E700011CE7000018E700011CE300C602E2AF059CE7420173D01EE710D2
:202D500000C0E2AF0694E71001807700E811FC00AD1456C50036E801FC006F32D01AE2AF81
:202D60000094D018D116E2AF0494D0146F09D010E2AF0094D10CD00EE2AF0494D00AE2AF17
:202D7000059CE30AF5946F09E2AF05D4E2AF00F4E2AF04E4E30AF5C4E7000018E700011CA3
:202D8000E7000018E700011CE70000187700E71001007700E71001807700E7100140E7201D
:202D900000527700E70000807700E710000AFE82E2AF06BEE6CF0010E2AF05BEE2AF04BE3A
:202DA0008BBE0006E20304BDFE02761F03AEE6950000E2AF030CE6940018AD1456C3003F12
:202DB000761F03A4E801EE63E2C40437E80E666BE700011B7700E70000C0E801FB34E85074
:202DC0004800E80B3334E6940020AD1456C50019E805F733E80B3333E274001B77007700F3
:202DD000E801FC2CE808F5C4E71000E07700E811FC00AD1456C5000BE801FC006F07E801BB
:202DE000F8CBE80CCCD3E7000018E72000527700E70000807700E710000AFE82E6CF00108A
:202DF000E2AF04BE0006FE02BFA90F1A761F03A4E6CF000AE2C401377700E7000043E2AFCE
:202E000000E4E695001BBDA90F16E6940003AD1456C40024E2AF00F4E6940003AD1456C355
:202E1000001BE2AF00D4E7000018E2AF03C4E71000C07700E811FC00AD1456C50004E801DF
:202E2000FC00E72000897700E70000407700E71000126F03E6CF000AFE82E6CF001000066C
:202E3000B2BDAABDA2BDE20304BDE20305BDE20306BDE20307BDFE0E8F40DDD48DC0DDDA1F
:202E4000E6CF001CE6CF0015E6CF000FE6CF00061E462B47A04E9245520156B003A256B1B8
:202E500000A27A4386A38BA49B0092478AC2E2AF00C1E6CF0031E6CF003A56B101A892A8DA
:202E6000764A2C6596449247EC039CFF6F029A00C44E2901560301A907A61E4C8A4CC4C207
:202E7000761F0377020EC5C4C24A070C8AA9C34283C292469344E2AF01C1E6CF0028764A5F
:202E80002C3D8A4C022407C48A4A761F0377E20300E41E420266834AE2AF0181070C8AA968
:202E900092469344DD06E6CF0028764A2C3D8843020A07828AA9DE81E20300C45CA67E432C
:202EA0000A471BA4FFFFEDB1864E284400012843000292455201EC75761F0377924429011E
:202EB000830CD022560301A907A3E2AF00958AA9E5A0AD14ED1FD02CE2AF0095E5A0AD14C1
:202EC000ED19D036E2AF0095E5A0AD14ED13D040E2AF0095E5A0AD14ED0DC5C48A1AC4C251
:202ED000E6CF0020E2AF01E7E2AF02E4764A2CB76F0EC41AC5C48AA5E6CF0020E2AF02E619
:202EE000E2AF01E7C4C2DC1A764A2D08D012E2030096D07AE2AF0095E5A0AD14ED20D08474
:202EF000E2AF0095E5A0AD14ED1AD08EE2AF0095E5A0AD14ED14D098E2AF0095E5A0AD14B0
:202F0000ED0E020A07C38AA9D00AE2AF0197E6CF0020E2AF02C4764A2CB76F0FD00A020A77
:202F1000E2AF019707C31EA7E6CF00208AA5DC72E2AF02C7764A2D08D036E20300966F0D4B
:202F2000761F03778AC3C4C2D112D00A830C06E41E9E0694D0361E96D112D05AE2AF009E2D
:202F3000E2AF0195764AABDC023607C28AA9761F037702B2C4C4070C8AA9E203004ABDA6BC
:202F40000F12E2AF01C4764AABDC023607C28AA9BFA10F12761F03770258C4C4070C761F65
:202F500003A0E2AF07328AA9E8022C65E80D0005BDA60F12E2AF01C4764AABDC021207C24E
:202F60008AA9761F037702B0C4C4070C8AA9E6CF0006BDA60F12E2AF01C4764AABDCE69637
:202F7000003D761F0377BDA10F1AD00AE2AF014ABFA60F12830CE7100053E6960011E710D5
:202F80000149E3175095E5A0AD14ED0CD00CE2AF0095E5A0AD14ED06E6CF0020764A2DA22A
:202F90006F078AA5E6CF0020DC06764A2DF3E6CF0007D046E2AF0095E5A0AD14ED0FD04893
:202FA000E2AF0095E5A0AD14ED09E591E6CF0020E6CF0032764A2DA26F0A8AA5E591E6CF1B
:202FB0000020E6CF0032DC42764A2DF3E6CF0005D09EE2AF0095E5A0AD14ED0FD0A0E2AF6B
:202FC0000095E5A0AD14ED09E591E6CF0020BDA60F1A764A2DA26F0BA0A9E591E6CF0020AC
:202FD000E6CF0032099A8AA9764A2DF3761F0377E801EB398AC2E2AF0212D04AE80CFCA18C
:202FE000E325D30483A4C4A4E3045712D14CE31E8E94D04EDD4AE801EB3AE2030112DE4C5E
:202FF000E80CFCA2E801EB39E3275F12E80CFCA1E32DF506E75280CFE30CB504E801EB39CE
:20300000E80CFCA1E31BDAC5E3004706E015AB04E801EB3EE01E05C5E801EB3FE80CFCA62B
:2030100083A4E80CFCA7E2AF029CE2AF0194D04CE024E806DD4EE30BAB06761F03A0E32278
:20302000D6C6E2AF0032E74356BAE2AF07C5E01E8BC6E2AF0294E01401C5764AAC078A82EB
:20303000761F03A0D04EE2AF0132E2AF0094E7100040DC24764AAC078843DE8158A60A4421
:203040007E431BA0FFFF56C0FE66FE8EE2AF07BEE2AF06BEE2AF05BEE2AF04BE82BE86BE1A
:203050008BBE0006B2BD0214AABD8D80DDD4A2BDE20304BDE20305BD07C28AA9025AE2AFD2
:2030600005C407C28AA9D302E2AF04C48A82D038D114E2AF0194E2AF009CE6960008770016
:20307000BFA10F12DC50764A2B49BDA10F1677007700E6970020E6CF0004E696000D000B04
:20308000FFE7761F0377E2030508E2AF05BEE2AF04BE82BE86BE8BBE0006B2BDAABDA2BD9A
:20309000E20304BDE20305BDE20306BDE20307BDFE105BA8E6CF0017E6CF001CC568C4647F
:2030A0005AA992A3C34AC24EC566C462E6CF0005E6CF000EC34CC250EC04764A1FFA6F0391
:2030B000764A58FD764A58FD764A69AB761F0377E801F881E2AF030EBE02E72000C0E80E72
:2030C0001DE9E7000008E2AF020EE71000808F40DDD4E203000EE6AF0000B50900A68A8568
:2030D000D15A060ED05E1E9CE2030094770077008F40DDD4BE02026607858AA97BC4000E9E
:2030E000FFFC761F03A4923B761F03A4FFC1CA3E41A9EF07E801FC98E80E69D0E700010450
:2030F000761F0377E2AF024EE2AF00105CADE695002DE6950036E695003FE300991092A253
:2031000093A3DC88E00A4B48E2AF0210E2030146E2AF0510E30C934AE30F4150E2030244A9
:20311000E2030042E2AF024C5CA4E6CF0020764A2E30764A3052FE90E2AF07BEE2AF06BE2B
:20312000E2AF05BEE2AF04BE82BE86BE8BBE0006B2BDE20304BDE20305BDE2AF054AE30591
:20313000544CE70000E37700E741320877007700E274000877007700E2AF05BEE2AF04BE5B
:20314000E84FF0008BBEE831FC00E825FC000006FE0A021F5CAD76848000761F03881E42AF
:20315000DC8A80A4D5018F00E20A06A6C312764A6CEB761F03C79248961A56030845CA464D
:203160000EA91E1C56030849CA4A9619FE8A00068F00E1F02BC42BCC2BD42BDC2BE42BECF1
:203170002BF42BFC0006FE02761F03C79219521756C20021521756C10087521356C20010B3
:20318000521356C100E1520156C10117520A56C10101520C56C100EEFFEF0146521456C1C6
:2031900000C9521556C100B0521656C100A2FFEF013B524656C2000C5246EC245218EC58CB
:2031A000521EEC33521FEC29FFEF012E5247EC11524856C00129921AEC08061CED04764AFA
:2031B000D4C26F03764AD4B87640A9D6FFEF00AA921AEC03764AA28C761F03868819FFEFA8
:2031C0000113921AED04BE00FFEF010E764AA39002011EA6FFEF0108921A761F038756B001
:2031D000011E881EFFEF0100921AEC1DCC1C0007761F0387961CEC17764A81560219D5022A
:2031E000768480008F00E2281E4206A6764A6BF3021AD502768480008F00E2141E4206A694
:2031F000764A6BF3761F0387881CFFEF00DD921AEC05921C761F03B2963E761F03B2883E9A
:20320000FFEF00D2921AEC25761F03BD9202EC21761F03C7061CEC158F00FFFFA8A90F1CB0
:2032100056C70003A81CE284011CE801E118761F03BDE80EB85056BF0105E70000406F054C
:20322000761F03BDE5902B05761F03BDE2030016761F03BDE2AF0016E850B2007700E68879
:20323000000077007700BFA60F12FFEF009D921AEC05921C761F03C79627761F03C788270A
:20324000FFEF0092921AEC1102020F1C56C6000B02180F1C56C80007921C761F037F960426
:203250006F04761F037F2B04761F037F88046F7B921AEC05061CED037640985F764099412C
:2032600088A96F71921AEC11761F03A44E3BEF0D0201761F03C70F1CEC0402020F1CED0535
:20327000921C761F03B6962F761F03B6882F6F5B921AEC08921C764A69C8761F03A5E2034D
:203280000000761F03A5E2AF0000764A684F6F10921AEC08921C764A6997761F03A5E2033A
:203290000002761F03A5E2AF0002764A68213B0185A9FFEFFF30921AEC2FCC1CFF0088A99D
:2032A0008F005500A8A90FA6EC10CC1C00FF761F03C79629761F03C788A92825AA00761F07
:2032B00003642812AA006F18761F03C7882928A85500761F03C7CC1C00FF761F03B208A6B9
:2032C0005500960195A9761F03647E12761F03C72825550088A8761F0364D0128F00EC8E20
:2032D00092129694761F03C793198F00E1F092A8FFC797C496CC921AEC0506A60F1C56B16D
:2032E00001D492A6FE82FFC72BF42BFC7EE42BDC96EC0006B2BDAABDA2BD5BA9560301A30E
:2032F00088A9D100761F03C793A6921AEC2E761F03C09234EC2A8F00DBC03B01A8A9761FDE
:2033000003C781A386A98AA928A80100921C95A696C29A01764AE0C07649FB0B761F03C033
:203310008F005AA588A9962CA8A9C5A20FA6ED0A761F03879209761F0387D10156B10132D3
:203320006F157649FB2C6F1E7680010092A68F00DCC03B0194A888A9A8A981A386A98AA9BC
:203330009A0193A6764AE0CCC5A27680010092A372A68F00D9003B01A8A981A68AA992C7EA
:2033400096C4761F03879209ED19761F03C77680010093A380198F40E1F08F00D9003B01EA
:2033500092A773A6FFC796CDA8A981A68AA97FC593C492A897E5FFC796ED82BE92A186BEE6
:203360008BBE0006761F03C78819B2BD8F00E1F01BA601142BC42BCC2BD42BDC2BE42BEC47
:203370002BF42BFC56C2002B1BA6011456C103B21BA6011156C200131BA6011156C103B374
:2033800092A69C9C52AA56C9004292A608A9FEF1520156C903ABFFEF04D780A68F000112D7
:20339000A8A90FA756C1039C88A68F000113A8A90FA656C10392FFEF04C71BA6011C56C22E
:2033A00000161BA6011C56C1037C80A68F000115A8A90FA756C1037B88A68F00011BA8A9F2
:2033B0000FA656C10371FFEF04AF80A68F00011DA8A90FA756C1036288A68F00011EA8A999
:2033C0000FA656C10358FFEF049F92A69C9C560301A988A976CAE3C806A70DA61EA7C5C7F5
:2033D0007620921AEC1B764A98C2761F03C7921C761F03969626764A970D5200EC0F764A12
:2033E00098B5761F03C78F00E1F09219FFC7761F039696CC932692266F5D9ABFFFEF0472C6
:2033F000921AEC1B764A98C2761F03C7921C761F0396962D764A970D5200EC0F764A98B534
:20340000761F03C78F00E1F09219FFC7761F039696CC932D922D6F3E9ABEFFEF0453921A77
:20341000EC1B764A98C2761F03C7921C761F03969625764A970D5200EC0F764A98B5761F32
:2034200003C78F00E1F09219FFC7761F039696CC932592256F1F9ABDFFEF0434921AEC232C
:20343000764A98C2761F03C7921C761F0396962B764A970D5200EC17764A98B5761F03C741
:203440008F00E1F09219761F0396FFC7932B96CC922B761F03C78819FFC77EC497E496EC8B
:20345000FFEF04129A50FFEF040D9A4A764A32EA761F03C7921A56C10407921C761F03C874
:20346000960BFFEF0401921C764A9B6B88A9761F03B70E000FA6EC10761F03C7921AEC0FFF
:20347000921C761F03B79600764A6966761F03B7E20300266F04761F03C72B1A9A4EFFEFD3
:2034800003E1921C764A9B6088A9761F03B70E010FA6EC19761F03C7921AEC18921C761F44
:2034900003B79601764A6952761F03B7E203001A761F03B79201764A6952761F03B7E20371
:2034A000001C6F04761F03C72B1A9A4BFFEF03BA921AEC08921C764A6923761F03BAE20378
:2034B00000189A30FFEF03AE921AEC08921C764A6933761F03BAE203001C9A2FFFEF03A222
:2034C000921AEC08921C764A6923761F03BAE20300169A2EFFEF0396921AEC08921C764AA8
:2034D0006923761F03BAE20300089A2DFFEF038A921AEC08921C764A6923761F03B9E203FF
:2034E00000189A25FFEF037E921AEC08921C764A6933761F03B9E203001C9A24FFEF037269
:2034F000921AEC08921C764A6923761F03B9E20300169A23FFEF0366921AEC08921C764AB4
:203500006933761F03B9E20300089A22FFEF035A761F03A4423B56CC03579A64FFEF035254
:20351000761F03A4423B56CC034F9A63FFEF034A921C764A1C2288A959A9761F039A0E0E09
:203520000FA6ED04761F03C72B1A9A1C764A32EA520156C00339761F038792A156BF010999
:20353000764A1542761F03C70EA91E1C9A41764A32EA92A1764A192E761F03C70EA91E1CD3
:203540009A42764A32EA92A1764A1684761F03C70EA91E1C9A43764A32EA92A1764A1A0010
:20355000761F03C70EA91E1C9A44764A32EA92A1764A1684761F03C70EA91E1C9A53764AC7
:2035600032EA92A1764A1A000EA9761F03C71E1C9A54764A32EA92A1764A17D1761F03C7CE
:203570000EA91E1C9AB1764A32EA92A1764A17D1761F03C70EA91E1C9AB2764A32EA92A19D
:20358000764A17D1761F03C70EA91E1C9AB3764A32EA92A1764A1B3A761F03C70EA91E1C72
:203590009A66764A32EA92A1764A1B3C761F03C70EA91E1C9A68764A32EA92A1764A1B3C7D
:2035A000761F03C70EA91E1C9A6A764A32EA92A1764A1B3C761F03C70EA91E1C9A6C764A7B
:2035B00032EA92A1764A1B3E761F03C70EA91E1C9A65764A32EA92A1764A1B7A761F03C781
:2035C0000EA91E1C9A67764A32EA92A1764A1B7A761F03C70EA91E1C9A69764A32EA92A133
:2035D000764A1B7A0EA9761F03C71E1C9A6BFFEF008B9A1A764A32EA761F03C7921A56C106
:2035E0000283921C764A69C8761F03A5E2030000FFEF027A921C7649F82D88A959A9761FC1
:2035F00003A40E1C0FA6ED04761F03C72B1A9A19764A32EA520156C00267761F038792A1ED
:2036000056BF01097649F913761F03C70EA91E1C9A00764A32EA92A17649F911761F03C79F
:203610000EA91E1C9A1A764A32EA92A17649DF76761F03C70EA91E1C9AAD764A32EA761FCA
:2036200003A49AC32B296F3F921C764A833C88A9761F03870E060FA6EC0A761F03C7921A3D
:20363000EC09921C761F038796066F04761F03C72B1A9A20FFEF02269A16764A32EA761F14
:2036400003C7921A56C10220921C761F037F9621FFEF021A9A5D764A32EA761F03C7A31C44
:20365000761F03C718AA00000E080FAB56C6020CA9A9761F03C7090A1E1C9A5E761F03872A
:2036600056BF0109764A32EA761F03872B09FFEF01FB9A5E764A32EA761F03C7A31C761F8B
:2036700003C718AA00000E0A0FAB56C801EDA9A9761F03C7190A1E1C9A5D6FE1761F039A49
:20368000920DED25761F03C7921AEC241B1C08CD56C600061B1C073356C700058F00080006
:20369000A81C5603041C0EA9BDA90F12770077007700E801C001E68B0000E80803A1E700A4
:2036A0000008761F0385E20300226F04761F03C72B1A9A28FFEF01B6761F039A920DED257D
:2036B000761F03C7921AEC241B1C08CD56C600061B1C073356C700058F000800A81C56036A
:2036C000041C0EA9BDA90F12770077007700E801C001E68B0000E80803A1E7000008761FF4
:2036D0000385E20300206F04761F03C72B1A9A27FFEF0188761F039A920DED25761F03C7BC
:2036E000921AEC241B1C08CD56C600061B1C073356C700058F000800A81C5603041C0EA9C2
:2036F000BDA90F12770077007700E801C001E68B0000E80803A1E7000008761F0384E2032F
:20370000002E6F04761F03C72B1A9A26FFEF015A9A00764A32EA761F03C7921A56C101546E
:20371000921C764A6997761F03A5E2030002FFEF014B9AC8FFEF01469AC7FFEF01439AC643
:20372000FFEF01409AC5FFEF013D9ABCFFEF013A9AC3FFEF01379AC2FFEF01349A7AFFEF4C
:2037300001319A76FFEF012E9A75FFEF012B9A98FFEF01289A97FFEF01259A8CFFEF01222C
:203740009A8BFFEF011F9A8AFFEF011C9ABBFFEF01199AB0FFEF01169AAFFFEF01139AAEC8
:20375000FFEF01109AACFFEF010D9AABFFEF010A9A72FFEF01079A71FFEF01049A62FFEFF0
:2037600001019A61FFEF00FE9A51FFEF00FB9A48FFEF00F89AC1FFEF00F59A79FFEF00F293
:203770009AC0FFEF00EF9ABAFFEF00EC9AB9FFEF00E99AB8FFEF00E61A1CF0009A2AFFEFAC
:2037800000E19A81FFEF00DE9A80FFEF00DB9A78FFEF00D89A77FFEF00D59A73FFEF00D205
:203790009A82FFEF00CF9A6EFFEF00CC9A86FFEF00C99A85FFEF00C69AA0FFEF00C39A9FB0
:2037A000FFEF00C09AA3FFEF00BD9AADFFEF00BA9AAAFFEF00B79AA9FFEF00B49AA8FFEF86
:2037B00000B19AA7FFEF00AE9AA6FFEF00AB9AA5FFEF00A89A9CFFEF00A59A9BFFEF00A22F
:2037C0009A9AFFEF009F9A99FFEF009C9AA1FFEF00999A94FFEF00969A91FFEF00939AA20F
:2037D000FFEF00909A93FFEF008D9A92FFEF008A9A83FFEF00879A9EFFEF00849A87FFEFC4
:2037E00000819A4F6F7E9A546F7C9A536F7A9A5F6F789A446F769A436F749A426F729A41C8
:2037F0006F709A396F6E9A386F6C9A406F6A9A376F689A366F669A356F649A346F629A3F63
:203800006F609A336F5E9A3E6F5C9A3D6F5A9A3C6F589A3B6F569A3A6F549A7F6F529A5268
:203810006F509A496F4E9A9D6F4C9A136F4A9A6D6F489A6F6F469A326F449A2C6F429A7065
:203820006F409A606F3E9A4D6F3C9A4C6F3A9A2B6F389A296F369A1F6F349A1E6F329A31BD
:203830006F309A1B6F2E9A1D6F2C9A156F2A9A146F289A126F269A116F249A106F229A0F45
:203840006F209A0E6F1E9A0D6F1C9A0C6F1A9A0B6F189A0A6F169A096F149A086F129A0704
:203850006F109A216F0E9A066F0C9A036F0A9A176F089A056F069A046F049A026F029A017B
:20386000764A32EA8BBE00068F448000D402A0A9764A6BC24EA8EF1C764A31489219526423
:2038700056C800101B1901F456C8000756BF0218764A31686F0956BF0118764A33626F04C6
:203880002B18764A3173761F038756BF01240006761F0393E2AF001CE2AF021AE2AF0120EB
:20389000E6960010E69600080006E20304BDE20305BDFE021BA90FE656C20007527256C300
:2038A00000069A726F0328A90FE63B0185A9E801CC01E8020E6BBDA90F12E806156AE8025D
:2038B0001924E8080069E80D2F1BE6890000E80A28FAE7000009E80CF5C4E6CF0008E7005F
:2038C000001DE806043BE7000000E80A4A93E742B612E80618B5E7000008E80F47B5E74132
:2038D0003622E7000008E80212BCE741362AE7000008E808BC6CE7413622E8020AADE71032
:2038E000009BE80A62CDE71000E87700E8024644E274002177007700E80236AAE80B3002EE
:2038F000E72000897700E688000877007700BFA60F1292A656C20015BDA60F1277007700F0
:2039000077007700E68900007700E72000087700E815F800AD1456C200139CFF6F10E688E4
:2039100000087700E68900007700E72000089B00E811F800AD1456B301A894A8FE82E2AFD7
:2039200005BEE2AF04BE0006761F039A800E88A98F009381A8A90FA7EC4828A85BA5550E69
:20393000EC44930E533DEC41800E8F009384A8A90FA7EC3B28A85BA8550EEC37930E5340FA
:20394000EC34800E8F009388A8A90FA7EC2E28A85BAC550EEC2A930E5344EC27800E8F0036
:203950009397A8A90FA7EC1B28A85BBB550EEC17930E5353EC14800E8F009399A8A90FA73C
:20396000EC0E28A85BBD550EEC0A930E5355EC078F00E5207EC4764AC0AA6F0A8F00E540A3
:203970007EC4764AC0206F0492A6764A38951BA93A9856C5000428A93A980006761F039394
:20398000E20300200006761F0393E203001A0006761F0393E203001C0006AABDE806183815
:20399000A2BDBFA30F12E801E5307700BFA20F12E80618387700BFAC0F12E801E530770088
:2039A000BFA00F12E80616887700BFA50F12E8021DF8761F035FBFA40F12E801D4D0923A2C
:2039B000BFAB0F12E801CC28761F0394BFA60F12BDA30F12282103E82822014A2823012C1B
:2039C00028250FFFE80AE51056BFEB26BFA30F12BDA20F1228010AB428050FFF56BF01063E
:2039D000E805FE3AE80CA9C0E8063091BFA20F12BDAC0F12761F0395E20304BD282103E893
:2039E00028250FFFE80B72B056BF0126BFAC0F12BDA00F1228050C242806066FE20305BD6A
:2039F000E8019E7CE80CA9B8761F0394BFA00F12BDA50F12E801CBB5E20306BDE80E282AD7
:203A0000E80C4CD1E80806F0E801D54EBFA50F12BDA40F12E80D0F4CE20307BD9620E80104
:203A10009947E80FD258E80E79D5BFA40F12BDAB0F12E80A5687E8081AF6E203071EA22E9B
:203A2000E80940D8AA30BFAB0F12BDA60F12AB323A34A036A838E80C9B20A91ABFA60F129B
:203A3000E801DA2BE80B932B76C7036EC21C761F0395E203063AE203053CE203043EE203C7
:203A40000308E203020AE203010C3E673B0185A9BDA90F12770077007700761F0393E689E3
:203A5000000076C70372E20300263E673B0185A9BDA90F127700761F03C89208761F039367
:203A6000E68900005203E203002256C00099761F03C89206ED76761F039A880E8F00939CEB
:203A7000A8A90FA6EC46880E8F00939DA8A90FA6EC40880E8F00939FA8A90FA6EC3A880E5E
:203A80008F009370A8A90FA6EC34880E8F009372A8A90FA6EC2E880E8F009373A8A90FA6F3
:203A9000EC28880E8F0093A0A8A90FA6EC19880E8F0093A2A8A90FA6EC13880E8F0093A5E3
:203AA000A8A90FA6EC0D880E8F009371A8A90FA6EC07880E8F00936EA8A90FA6ED50761FE7
:203AB0000396280201F4280503AF56BF19066F33880EE801DAD98F00939CE801CCD8761F77
:203AC0000396E80E7869A8A9E80ED2102801141B280201F4E203011AE203001C0FA6EC082C
:203AD000E8022BC028050320E80F66686F07E8022C90280503AFE80F000056BF19066F1D3A
:203AE0005201ED1D761F039628020168280503FF56BF2006E801DADAE801CCC1E8022BD83E
:203AF00028011388E80E786AE80DC2B1E80A0000E203021AE203011CE203001EE2AF07BE64
:203B0000E2AF06BEE2AF05BEE2AF04BE82BE86BE0006761F0393E20304BD1824FFFEE20330
:203B100005BDE593E592E591E590E5941824FFFDE5952B082B062B072B0A2B092B002B0178
:203B20002B022B192B032B0BE203032AE203021CE203011AE2030020E20306BD1824FFFBB8
:203B3000E203042EE596E2030528E203062C764A398D761F03932B0EE2AF06BEE2AF05BE27
:203B4000E2AF04BE0006761F0393E2AF001E0006E20304BDE20305BDFE021BA90FA056C254
:203B5000000752D256C300069AD26F0328A90FA03B0185A9E801CC01E8060463E801FC2231
:203B6000BDA90F12E8060A35E8080069E8090823E80AB022E6890000E80F1AA5E700000C40
:203B7000E8020951E6CF0020E700001BE7000000E80C4819E741360AE7000020E802051967
:203B8000E741362AE7000020E80BC791E741360A7700E710009B7700E851A0197700E6888C
:203B9000000877007700BFA60F1292A656C20015BDA60F127700770077007700E689000065
:203BA0007700E72000087700E815F800AD1456C200139CFF6F10E68800087700E6890000B1
:203BB0007700E72000089B00E811F800AD1456B301A894A8FE82E2AF05BEE2AF04BE000607
:203BC000FE02E6CF0003E72000C87700E8121A40AD1456C2000AE8161A40AD1456C3000B73
:203BD000E8B0D2186F04E890D2187700E72000C07700E7000012FE82E71000D00006B2BD14
:203BE000AABDA2BDFE02761F0393920E56C001E8761F03C89208761F0393520256BF010E98
:203BF000EC395203ED35761F035DE801FCC8E2C80107E80CCCD0E70000407700E68C000025
:203C0000761F0393E68D0001E2AF0322E72000C8E2AF0226E7000011E8025843E891A00928
:203C1000E80C0003E71000C9E8021C42E84E0009E80C0002E72000887700E850B2007700F9
:203C2000E68C000077007700BFA90F126F109A006F0E761F035DE805EBA8E80218A992074C
:203C3000E80E1478E80F3331764ADC6D3B0185A9BDA90F127700E801E91A761F0393E80E19
:203C4000B852E6890001E2AF002C764A3BC09B0AE203002C00CAE17C2DA99608E2AF002C64
:203C5000E6880000E2AF012CE6890003BFA90F12E72000C87700E811F800AD1456C5000D0D
:203C6000E2AF002CE88FE0007700E688000077007700BFA90F129B0A00CAE17C930C9606CD
:203C7000ED15761F035D9207EC11350A3B0185A9BDA90F1277007700761F03932106E689C8
:203C8000000056BF010CE203002C761F039A880E8F009381A8A90FA656C1008F28A95BA509
:203C9000540E56C1008A920E523D56C10086880E8F009384A8A90FA6EC7F28A95BA8540E62
:203CA000EC7B920E5240EC78880E8F009388A8A90FA6EC7228A95BAC540EEC6E920E524499
:203CB000EC6B761F03C892085203ED3A761F03C89206EC195201EC075203ED329A002BACFF
:203CC000D0006F6CD1208F00EA00D014929CD138949493A9D02CFFCE94A8939CD1509594D2
:203CD000D0446F10D1188F00E381D00F929CD12A949493A9D021FFCE94A8939CD13C95949A
:203CE000D03388A8FFDE95A6FFB02DA8939C959488A8FFA0FFDE95A6FFB058A86F3FD0FD8C
:203CF0008DC0D700E805EBA8E80218A99293E80E1478E80F3331764ADC6D5AA9D0FFE8059B
:203D0000EBA8E80218A9E80E1478E80F33319293764ADC6D59A9D0FCE805EBA8E80218A961
:203D1000E80E1478E80F33319293764ADC6D58A92DA192A26F13D0FD8F00D7009294764AEA
:203D20003B48D0FF80A99294764A3B48D0FC2DA99294764A3B4858A992A73B0185A9BDA98A
:203D30000F127700E801E91A761F0393E80EB852E6890001E2AF0028764A3BC09B0AE20356
:203D4000002800CAE17CE2AF0028E68800007700E6890001E2AF0228E72000519607E8115D
:203D5000F801AD1456C50009E2AF0028E88FE0007700E6880000020A1E42BFA90F1200CAC1
:203D6000E06E3B011EA685ACBDA90F127700E801E91AE80EB8527E0AE6890001E2AF002E23
:203D7000764A3BC09B0A92ACE203002E00CAE17CE2AF002EE68800007700E6890001E2AFB6
:203D8000022EE72000519609E811F801AD1456C50009E2AF002EE88FE0007700E68800002A
:203D9000020A1E42BFA90F1200CAE06E3B011EA685A0BDA90F127700E801E91AE80EB852F7
:203DA0007E00E6890001E2AF002A764A3BC09B0A92A0E203002A00CAE17CE2AF002AE68869
:203DB00000007700E6890001E2AF022AE72000519601E811F801AD1456C50009E2AF002ACE
:203DC000E88FE0007700E6880000020A1E42BFA90F1200CAE06E9602FFEF01E8761F03C8CB
:203DD0009308761F039353022B0E56C10086530356C000A5761F03C89206EC595201EC084D
:203DE000520356C00094764AB9EAFFEF008D761F037F921156C1008BD0138F00EA00D1124B
:203DF0009294549C56C60006761F03A892136F04761F03A892128F00E580761F035F96C4FA
:203E0000963A764AC04DD12A761F0393D02B8F00EA0096109294549C56C60006761F03A84D
:203E1000922B6F04761F03A8922A8F00E580761F035F96C49639764AC04DD142761F039347
:203E2000D0438F00EA00960F9294549C56C60006761F03A992036F04761F03A992028F006C
:203E3000E580761F035F96C496386F23D0158D80E3818D40E5808DC0D7009292D0FA8AA197
:203E400096C19693764AC04D761F0393D02796108AA19292D0F996C19693764AC04D761F53
:203E50000393D039960F8AA19292D0F896C19693764AC04D6F15D0FA8D40D7009291764AD5
:203E60003924761F0393D0F996109291764A3924761F0393D0F8960F9291764A3924761F9E
:203E700003939611761F03C893085303ED07761F03C89206520356C10087761F0393E801B1
:203E8000E91AE2C80110E2AF001CE80EB852764A3BC0E203001CE6880000E2AF011CE68970
:203E90000003BFA90F12E72000C87700E811F800AD1456C5000DE2AF001CE88FE0007700EB
:203EA000E688000077007700BFA90F129B0A00CAE17CE801E91AE80EB852E2C8010FE2AF1A
:203EB000001A9619764A3BC0E203001AE6880000E2AF011AE6890003BFA90F12E72000C88B
:203EC0007700E811F800AD1456C5000DE2AF001AE88FE0007700E688000077007700BFA954
:203ED0000F129B0A00CAE17CE801E91AE80EB852E2C80111E2AF00209603764A3BC0E20353
:203EE0000020E6880000E2AF0120E6890003BFA90F12E72000C87700E811F800AD1456C574
:203EF000000DE2AF0020E88FE0007700E688000077007700BFA90F129B0A00CAE17C960BD4
:203F0000FFEF009F764ABA358D40E3682901E801ED18560302A9E80EB85007A186A98AA929
:203F1000764ABA398AA2E801ED18E80EB850DC08764ABA39DA10E801ED18E80EB8508AA22D
:203F2000764ABA398AA1764ABA268AA1761F0393E203001CDC08764ABA26D910761F039314
:203F30008AA1E203001A764ABA26761F0393E2AF011CE6880009E2030020E6890008E2AF4A
:203F4000021CE7200010BFA90F16E811F800AD1456C5000DE2AF001CE88FE0007700E688DC
:203F5000000077007700BFA90F129B0A00CAE17CE2AF001AE6880000E2AF011AE6890003D7
:203F6000BFA60F12E72000C89619E811F800AD1456C2000492A66F0CE2AF001AE88FE000BA
:203F70007700E688000077007700BFA90F129B0A00CAE17CE2AF0020E6880000E2AF012038
:203F8000E6890003BFA60F12E72000C89603E811F800AD1456C2000492A66F0CE2AF00208F
:203F9000E88FE0007700E688000077007700BFA90F129B0A00CAE17C960B764ABA49761F99
:203FA0000393E2AF001CE2AF011AE801F553E7100009E2AF0220E7100089E80D3263E7003D
:203FB00000587700E203001EFE8282BE86BE8BBE0006B2BDFE02761F03868F00EAC0921163
:203FC00096C4764ABFBE59A93B0185A1BDA90F127700E801E91A761F03AAE80EB852E6894B
:203FD0000001E2AF0028764A10CB761F03AA9B0A92A1E203002800CAE17CE2AF0028E68807
:203FE000000077007700BFA60F12E6890000E2AF0128E72000089607E811F800AD1456C2AE
:203FF000000492A66F0CE2AF0028E88FE0007700E688000077007700BFA90F129B0A00CA1F
:20400000E17CFE8296098BBE0006E20304BDFE02761F038692141BA9019A56C8001D1BA90D
:204010000E6456C700160EA9BDA90F1277007700E8020469E806272AE68B0000E80D5CF96E
:20402000E7000008E8082E1AE71000146F05E8062BD46F02E594761F03AA9212EC27761F75
:2040300003A4E2C400377700E8020501E27400097700761F0384E2AF0322E695001BE694CD
:20404000000BAD1456C30016761F03AAE801E918E2AF0124E7200061E80EB850E7000041F5
:20405000E2AF0324E71000C86F02E590E2030024761F03AAE801E91AE2AF0024E80EB85207
:20406000E321082A764A10CB761F03AAE801EE61E80E6669E008482AE6880000E68C0009ED
:204070007700BFA90F12BFA60F16E6890003E2AF022AE72000D07E01E811F800AD1456C554
:20408000000DE2AF002AE88FE0007700E688000077007700BFA90F129B0A00CAE17CFE8259
:204090009600E2AF04BE0006E20304BDFE02761F03861B14019A56C8001D1B140DDB56C724
:2040A0000016E80203F8E2C40214E80626A1E80A8588E7000080E8091999E710000C770011
:2040B000E5A4AD1456C400066F05E8062BD46F02E594761F03AAE801E91AE2AF002AE6CF9D
:2040C0000021E80EB852764A10CB761F03AAE801EE61E80E6669E008482AE6880000E68CAB
:2040D00000097700BFA90F12BFA60F16E6890003E2AF022AE72000D07E01E811F800AD1406
:2040E00056C5000DE2AF002AE88FE0007700E688000077007700BFA90F129B0A00CAE17C5E
:2040F000FE829600E2AF04BE0006E20304BDE20305BDFE021BA90FE688A856C20007527228
:2041000056C300069A726F0328A90FE63B0185A9BDA90F127700E801CC01E808006992A68D
:20411000E68900005201E7000009ED07E801FC60E80E6668E7000041E8020E6BE806156AE8
:20412000E8021924E6CF0008E80D2F1BE80A28FAE80CF5C4E700001DE806043BE700000083
:20413000E80A4A93E7000012E742B608E80618B5E80F47B5E7413622E7000008E80212BCEB
:20414000E741362AE7000008E808BC6CE74136225200E710009BEC0C5201ED1FE80208889B
:20415000E8024529E809D3E8E80B0C016F07E8020AA8E8024641E80A62C8E71000C077007E
:204160007700E274000977007700E80236ADE80B3005E72001497700E6880008770077005A
:20417000BFA60F1292A6BDA60F1256C2000FE68900007700E72000087700E815F800AD14A4
:2041800056C200109CFF6F0DE68900007700E72000089B00E811F800AD1456B301A894A8B0
:20419000FE82E2AF05BEE2AF04BE0006761F03A49238B2BD521556C200275215EC7D52099C
:2041A00056C200185209EC68520356C2000C520356C100A7520056C100A6520256C1009882
:2041B0006F525204EC699CF9520156C900916F4B520AEC6E520CEC7C520D56C1008252115A
:2041C000EC4B6F41522656C200135226EC1893A99DE5530156C900415220EC1E93A99DDD35
:2041D000530156C9001A5225EC686F2D522BEC5C522CEC29522FEC275230ED25764A3FB9A3
:2041E000764A4005D112D0138F00E1809294549C56C900166F18764A3FB9764A4094761F51
:2041F00003A492385220EC035224ED0DD0138F00E180D1129294549C56C60006761F038661
:2042000092136F04761F038692128F00EAE096C4764ABFBE6F4F761F03C892085203EC05D6
:20421000761F038692146F04761F03869213541256C9FFED6FE8761F03BE9236761F03BE58
:20422000543956C50016761F03BE2D366F14761F03861B12066656C8000528A93C8C6F2A78
:2042300028A909C46F27764A3FB9764A4005761F03BE2D39350A6F1E764A3FB96FC4761F75
:2042400003869B019212764A40F56F14761F03868F00EAE0921296C4764AC0AA6F0B9A006A
:204250006F09761F03868F00EAE0921296C4764ADC9D8BBE0006B2BDAABDA2BDE20304BDFE
:20426000E20305BDE20306BDE20307BDFE0A761F03C89208761F03BE2B39E594E593E59222
:20427000E591E590761F03BE2B365202761F03AA2B062B052B072B092B012B009641761F6C
:2042800003BEE203043C761F03BEE203033E761F03AAE2030232E2030128E203002A56C12D
:20429000009E520356C0010CE801D41FE2C80611E2C80403E2C80004E2C8050CE2C8030292
:2042A000E2C80210E2C8010FBFAC0F2EBFA40F2ABFA50F22E2C8070DBFA70F12E2C8060EAC
:2042B000BFA30F2EE2C8070BBDA70F2277007700BFA60F26E2030344E8504825BFA90F2E00
:2042C000E2030546E2C8050ABDA90F1EE2030248E203014ABFA20F2AE801B93EE801D41CB0
:2042D000BFA00F26E2C80213E850481DE808937CBFA70F1ABDA60F16BFA10F26E801B93B56
:2042E000E801D41ABDAC0F12E850480DE80E2D63BDA40F2EE808937AE8089378BFAB0F2615
:2042F000E801B939BFAC0F12E850483DBDA50F12E80E2D61E801D41FBFA60F26E80E2D6684
:20430000E7000035E808937FC222E2AF0044BFA90F26E3013548E30AE84A1E30BDA30F1ECE
:20431000E7000014BDA20F1AE203062CE801B938E0065D18E80E2D60E005FB14BDA00F1AC1
:20432000BDA70F16C546BDAC0F2AA926B216E004172EC31CE00382206F6EE2C80102E2C8EF
:204330000704E2C8050EE2C8030CE801C68EE801E11CBFA00F16E2C8000BE2C8020FBFAB6B
:204340000F2EBDA00F2EBFA50F12BFA40F2ABFAC0F1AE80EB854E801C688E80DB8B8E2C889
:204350000213E70001C0BDAB0F2A7700BFA90F22E801E11FBFA00F12E80EB857E70001B9D0
:20436000E2C80711E801C68EBDA40F12E80DB8BEE7000176E801E11DE80EB855E80DB8B8A4
:20437000E70000EDBDAC0F1EE801C68CBFA40F12BDA50F12E80DB8BCE70000E4E801E11B68
:20438000E80EB853E700001BBDA40F127700770077007700E7000080BDA90F1A77003A2CE9
:20439000E203011CE203062EE00E9526E2030316E2030222E203041AE203001E761F03861E
:2043A0009312761F03A49238761F03AB5225282201F4282301F4282103E82B249720EC29CA
:2043B0005226EC14522BEC125230EC10E801D5FAE801CB99E8019E5056BFB506E80D3B722E
:2043C000E80E0BD1E80A6B706F0FE801D502E801CAE9E801A4282806022AE80F6E52E80AAC
:2043D0007AC9E80EA628280103E528050FD76F13E801D35AE801CB71E8019EF8280125CD4B
:2043E00028050F7556BFE106E8084AAAE80AF0E9E8098730E203021A5223E203011CE2035C
:2043F000001E56C2001F522356C100B0521956C2000F521956C100E8521156C9002852150F
:2044000056C100F3521856C100A16F2A521B56C100DB521C56C1009A522056C100976F20AA
:20441000522B56C2000C522BEC7E5224EC35522556C1018F5226EC306F13522C56C101762D
:20442000522FEC5F5230EC286F0B560301A988A976CAE69E06A70DA61EA7C5C77620282613
:20443000015E282103E59241E801D382E801CB61E8019EC0761F03C75203E80DDF12E80BE2
:20444000C611E80E5A3856B10227761F03AB28250FFCFFEF0181E801D192E801CCC192412D
:20445000E8018CC0E809C562E80833D928250FF82826010D282103E55203E80F4B80E20326
:20446000023AE203013CE203003EED10761F03A49238761F03C7522456B107275226EC0446
:20447000523056C001C756BF0727761F03A49238523056C001BF761F03AA2B12FFEF01BA03
:20448000E801D23AE801CC19E8057FF028250FFE2826019EE80E933AE80EAFE9E8095950CB
:20449000FFEF00C9764AC8D25200ED06761F03AAC41A06166F05761F03AAC42C061C761F1D
:2044A00003C756BF01276F58E801D362E801CC019241E801A2B0E808C76AE80DDA512825BE
:2044B0000FF756BFC826282103E55203E80B51D8E203023AE203013CE203003E56C0017A4A
:2044C000761F03A492385220EC185218EC10521CEC085223761F03C756B10327FFEF016A3A
:2044D000761F03C756BF0627FFEF0164761F03C756BF0227FFEF015E761F03C756BF07274C
:2044E000FFEF0158E801D47AE801CBE9E8019A5828250FF456BF7026E808E9F2E80A8D99E8
:2044F000E80E43A06F67764AC8D25200EC0F761F03AAC42C061C761F03ABC2281E2AFFEF9F
:204500000139764AC8D25200EDF3761F03AAC41A06166FF2E801D0EAE801CB89E8019C884B
:2045100028250FFF28260177E80E0872E80A6AF9E80CFF286F3FE80630D5E801D2E4E80260
:2045200002B3E805FC32E80616D1E80230E09241E8087CFD282603B1E80C7D7CE80D40D3A9
:20453000E80C66E2E80B7331E80A00005203E203052EE2030430E2030332E2030234E20306
:204540000136E2030038761F03C756B10227FFEF00EDE801D892E801C5F9E801A64828257F
:204550000FF856BF0126E80E2D82E80E1D89E80E8998282103E59241761F03C7520356B1F1
:2045600002276F69E8022DB5E801D8F49241E806172BE805FC5AE8021AE9E8062DC8282556
:2045700009DD28260448E80EE14DE80E895C5203E80EBC6BE8081C72E8088A41E80BF0001E
:20458000E203052EE2030430761F03C756B10227761F03ABE2030332E2030234E2030136C7
:20459000E2030038FFEF00A6E801D21AE801CBB1E8019B9028250FE956BF7E262821270D91
:2045A000E80AB21AE80ACBA9E80962086F24E801D13AE801CC19E8057D9828250FB356BF01
:2045B0006526E80F112AE80FEE19E80ED2286F6FE801CD52E801CCC1E805746028250FE7E0
:2045C00028260170E80BD53AE80D0F79E80B85282821125C761F03ABE203023AE203013CC0
:2045D000E203003E6F66E801D36AE801CA01E8019F0856BFF42628212710E8093742E80860
:2045E000D2C1E80E15D8FFEFFE62E801D40AE801CB09E8019F8828250FF056BF1526E80AD5
:2045F0006DC2E80EEA69E80822386FD3E8061A74E801FC05E805FC5BE805F8FAE80220D93B
:20460000E806194828250968282603F0E80E5ABCE2030530E8084CABE808060AE8089A11A4
:20461000E809DB20E203042EFFEFFF74E801D23AE801CBA1E8019C4828250FD556BF822621
:20462000E80A865AE808F729E8085D78282125CD6FA2E8061A91E801F0E02B26E203012AD4
:20463000E80D6040E2030028761F03AB28250FFF761F03C79226FE8A761F03C7E2AF07BED6
:20464000E2AF06BE9827E2AF05BEE2AF04BE82BE86BE8BBE0006761F03C892085202EC1E74
:204650005203ED32761F03AA56BFA5032802AB052804139756BFA50D280EAB05280C13979C
:2046600056BFA510280FABBA280B134A56BFA50A2813ABBA2811134A0006761F03AA2B03D4
:204670002802026C2804EC372B0D280E0262280CEAFA2B10280F02BC280BEE782B0A281320
:2046800002BC2811EE600006761F037F92115201ED0B761F03AA9208540556C30006761FE1
:2046900003C31A1A10000006B2BDFE02764A419659A93B0185A1BDA90F127700E801E91AA6
:2046A000761F03AAE80EB852E6890001E2AF0032764A10CB761F03AA9B0A92A1E2030032B9
:2046B00000CAE17CE2AF0032E688000077007700BFA60F12E6890000E2AF0132E7200008DC
:2046C0009606E811F800AD1456C2000492A66F0CE2AF0032E88FE0007700E6880000770047
:2046D0007700BFA90F129B0A00CAE17C9605764A4684FE828BBE0006FE0A5CAD5DAD761F5A
:2046E00003BEDC8A5CA4DD8A7680E280D062F6072B8480342BAA27A5761F03BE92A77F4A49
:2046F000FFC780358AA69649761F03BE92A77F48FFC78037A9969647761F03BE7F4692A7DD
:20470000FFC780388F448000DC5A964592A77F44FFC79643020A1E42A0A9D500764A6BF374
:20471000FE8A0006FE0A761F03A4923D5201EC135200ED23761F03B7E2AF0002764A682109
:20472000761F03B993A9FFD7E2AF00381E4A764A67BF6F10761F03AFE2AF0036764A67B19A
:20473000761F03AF93A9FFD7E2AF00301E4A764A67B193A9FFD71E48761F036DE2AF0024DD
:20474000764A6841761F036D93A9FFD7E2AF00261E46764A684193A95DAD7680E280D0588F
:204750002BAAFFD79644B609DD8A8AA6974327A58F448000A996A0A9DC50D500C342764A27
:204760006BF3FE8A0006FE0A761F0382E2AF0022764A67B1761F03C093A9FFD7E2AF001491
:204770001E4A764A67B193A9761F03BCFFD79648974793235301EC0C761F0383E2AF001603
:20478000764A67B1761F0382E2AF002C6F0B761F0382E2AF0004764A67B1761F0382E2AFBE
:20479000000E93A9FFD71E46764A67B193A95DAD7680E280D04EFFD7DD8A8AA61E4480A5FD
:2047A00002088F448000DC46C3961E42A0A9D500764A6BF3FE8A0006FE0A761F0384E2AF42
:2047B000003A764A6841761F038593A9FFD7E2AF00281E4A764A6841761F038593A9FFD75E
:2047C000E2AF002A1E48764A6841761F038593A9FFD7E2AF00261E46764A684193A95DAD56
:2047D0007680E280D0442BAAFFD79644B607DD8A8AA6974327A58F448000A996A0A9DC3CEB
:2047E000D500C342764A6BF3FE8A0006FE0A5CADDC8A5CA4761F0384F6072B84E2AF00382B
:2047F000764A684F761F038493A9FFD7E2AF00221E4A764A67CD93A9761F03BCFFD79648B1
:20480000974793235301EC08761F0384E2AF0034764A67CD6F07761F0383E2AF0002764A03
:204810006813761F038493A9E2AF000EFFD71E46764A684F93A95DAD7680E280D03A2BAAE8
:20482000FFD79644B606DD8A8AA6974327A58F448000A996A0A9DC32D500C342764A6BF3EE
:20483000FE8A0006FE0A5CADDC8A5CA4F6072B84764ABBEB964A764ABBE39649764ABBCFEA
:204840009648764ABBC79647764ABBBF9646764ABBB79645764ABBAA9644764ABB9D5DAD17
:204850007680E280D0302BAA9643B605DD8A8AA627A58F448000A996A0A9DC28D500C3426B
:20486000764A6BF3FE8A0006B2BDFE0C5CADDC8A5CA4761F03A4F6072B8492385220EC454F
:204870005224EC435225EC415226EC3F522BEC3D5230EC3BD0118D40E18028A801F49291F6
:20488000764A69D83B01D01285A91E4C28A801F49291764A69D83B0185A9D013FF39FF5A9A
:20489000924CCAAB28A801F4964C924BCAAA964B9291764A69D83B0128AC001485A9563BD5
:2048A0002901FF5A924C28AC0018CAAB964C924BCAAA964B934C974A064CFF479649064C99
:2048B0009748064C56226F0E761F03AA8809761F03AA92A693007E4AFFC79748964992A85C
:2048C000FFC79647D0148D40E18028A801F49291764A69D83B01D01585A91E4C28A801F4BC
:2048D0009291764A69D83B0185A9D016FF39FF5A924CCAAB28A801F4964C924BCAAA964B97
:2048E0009291764A69D83B015DAD28AC00147680E28085A9D026DD8A8AA6563B80A5290173
:2048F000FF5A924C28AC0018CAAB8F448000964CC396DC1E924BCAAA964B934C9746064C48
:20490000FF479645064C9744064C5622964302041E42A0A9D500764A6BF3FE8C8BBE00062B
:20491000FE0A5CADDC8A5CA4761F037FF6072B844909EF13761F03C892105201EC09761F1A
:2049200003B7E2AF0008764A67BFFF5C6F0C761F03B7E2AF00086F05761F03BCE2AF0034F3
:20493000764A67BF93A9FFD7761F03C89749964A2B482B4793105301ED05761F03879223AD
:20494000EC0D761F03C81B10FFFFED0A761F03879223520156B101466F0356BF0146761F06
:2049500003BC92235201EC032B456F0356BF01455CADD008DC8A88A402178F4480008F00E6
:20496000E240C2941E42A0A9D500764A6BF3FE8A0006FE0A761F03A0E2AF0032E688000024
:2049700077007700BFA90F12E6890000E2AF0132E72000087700E811F800AD1456C5000D1D
:20498000E2AF0032E88FE0007700E688000077007700BFA90F129B0A00CAE17C93A9FFD7C3
:204990001E4A764AA1DA761F03AAE68E00008806761F03BDBFA90F127E469648FFC7E2AF49
:2049A0000014964792A6FFC79645764A67BF93A95DAD7680E280D01C2BAAFFD79644B6037F
:2049B000DD8A8AA6974327A58F448000A996A0A9DC14D500C342764A6BF3FE8A0006FE0A51
:2049C000764A5DEA764A67BF93A9964AFFD79749764A5DDB764A67BF93A95DAD2BAAD0B29D
:2049D0008F00E2809648FFD7B6122B462B452B442B43DD8A974727A58F448000A8A9A994AA
:2049E00009AA8AA9A0A9C342D500764A6BF3FE8A0006FE0A761F037FCC090200FFC8764A85
:2049F0002068761F03B993A9964AFFD7E2AF002E9749764A67BF761F038393A99648FFD74C
:204A0000E2AF00009747764A67CD761F038293A99646FFD7E2AF00229745764A67B193A988
:204A10005DAD8F00E2802BAAD0A89644FFD7B611DD8A974327A5A8A98F448000A99409A030
:204A20008AA9C342A0A9D500764A6BF3FE8A0006FE0A761F03C080325DAD8F00E280D09403
:204A300092A7761F03C37F4A2901DD8A28AC0018FFC7BE0F803B5DA59649761F03C392A7C9
:204A4000273CFFC7A0947F4896473F46063C8F448000FF479645063C9744063C562296436A
:204A5000A8A9098C8AA9C242A0A9D500764A6BF3FE8A0006FE0A761F0384E2AF000A764AE0
:204A600068BC761F03A493A9FFD7413E1E4AEE08761F03B6E2AF0006764A68416F05764A65
:204A7000D41A764A67B1761F038593A9E2AF0018FFD71E48764A6841761F038593A9FFD78A
:204A8000E2AF00161E46764A684193A95DAD8F00E2802BAAD08A9644FFD7B60EDD8A974387
:204A900027A5A8A98F448000A99409828AA9C342A0A9D500764A6BF3FE8A0006AABDFE0A5D
:204AA000761F037FCC090200FFC8764A2068761F03B993A9964AFFD7E2AF002A9749764A5B
:204AB00067BF761F038393A95DAD7680E2802901D0809648FFD7273028AC0018DD8A974751
:204AC0008AA65AA53F4606308F448000FF47AA96DC78964506309744063056229643020D3D
:204AD0001E42A0A9D500764A6BF3FE8A86BE0006FE0A8F00F20E5DAD92C47680E280D076C3
:204AE000761F03C890FFDD8A964A80A592C4FFC796498F44800092CC90FFC39696488F005A
:204AF000F0DA920FFFC79647761F03C392C490FF964692C4FFC7964592CC90FF96448AA68E
:204B0000921BFFC79643020CDC6E1E42A0A9D500764A6BF3FE8A0006FE0A5CADDC8A5CA450
:204B1000761F03BCF6072B849226761F03BF964A933A761F037F974892129649764AA6C02A
:204B20009647764AA6B8560301A990039847764AA6A4560302A990079847764AA68F9001FB
:204B3000FF829847764AA6779001FF839847764AA66B9001761F037FFF849847CC09020084
:204B4000FFC8761F03BB96465603013490039846764AD52B761F03C1560302A9901F9846B6
:204B500092279007761F03B5FF8498469232761F03BF900F933BFF83761F03779745984575
:204B600056030101761F03BC90039323761F037F97449844CC220002FFC0FF819844764AA4
:204B7000D6AF9001761F037FFF8398449B00CC220004FFC1761F03C3FF8498449210900160
:204B8000761F0387FF85984492109001761F03C8FF8698449210761F037F520156B101A8E6
:204B9000CC0910009743FFCBFF809843CC092000FFCCFF819843CC090040FFC5FF829843D2
:204BA000CC094000FFCDFF8398439209FFC9761F037FCCA9FFE0984392229001FF8598436A
:204BB000764A29F85DAD90017680E280D06CFF86DD8A8AA6984380A5020B8F448000DC6419
:204BC000C3961E42A0A9D500764A6BF3FE8A0006FE0A761F03938006761F03BE92A77F4A41
:204BD0008039FFC79649761F03BE7F4892A78036FFC796477F4692A7FFC79645764AB74062
:204BE0005DAD7680E280E68E0000D012DD8ABFA70F122BAA8AA627A592A78F4480007F44EF
:204BF000FFC7A996DC0A964302021E42A0A9D500764A6BF3FE8A0006FE0A761F03938819DF
:204C00005CAD761F039392A67E4ADC8AD008FFC7880380A49649761F03937E4892A6FFC7DF
:204C1000880B8F00E2809647761F03937E4692A6FFC78800C3948F44800096457E4492A62F
:204C2000FFC7964302011E42A0A9D500764A6BF3FE8A0006761F03874004EF03764A4BFC4C
:204C3000761F03874104EF03764A4BC8761F03874204EF03764A4969761F03874904EF0314
:204C4000764A46DC761F03874E04EF03764A4A280006761F03874304EF03764A4864761F7E
:204C500003874404EF03764A4832761F03874504EF03764A47E6761F03874604EF03764AE4
:204C600047AC761F03874704EF03764A4763761F03874804EF03764A4712761F03874A0498
:204C7000EF03764A4B0C761F03874B04EF03764A4AD8761F03874C04EF03764A4A9E761F3B
:204C800003874D04EF03764A4A5A761F03874105EF03764A49BF0006B2BDAABDA2BDFE0A81
:204C9000761F03C39200761F030052032D0356C2000B5203EC435200EC7E5201EC6A52029A
:204CA000EC506F055204EC1F5205EC06D300D100BE00FFEF00869A228F00C19E36A95601E4
:204CB00000A42901E2AF00C4560301ACE68E00008F00C040560100A4BFA30F1259C406C453
:204CC0000EA86F6D9A228D80C18036A9560100A2D018E2AF0092764A67B1D01A5BA9E2AFFE
:204CD0000092764A67B1D01CE2AF0092E68E0000770059A9BFA60F126F539A228D80C1800C
:204CE00036A9560100A2D012E2AF0092764A6841D0145BA9E2AF0092764A68BCD0166F1317
:204CF0009A228D80C18036A9560100A2D00CE2AF0092764A6841D00E5BA9E2AF0092764A95
:204D000067B1D010E2AF009259A9764A68416F279A228D80C18036A9560100A2E2AF00F212
:204D1000764A684FD0085BA9E2AF0092764A6841D00A6FE99A228D80C18036A9560100A290
:204D2000E2AF00C2764A684F5BA9E2AF00D2764A684F59A9E2AF00E2764A684F88A9761F19
:204D3000030093A32F07FFD75DAD9747761F03C37E4493A18F00E280D09E2700DD8AB61032
:204D40007B487946FFD7574A97455DA53F4993A6FFD7974376848000A094A8A9D500099698
:204D50008AA9C34206A6764A6BF3761F03C30A009200520556C90025761F03000A03920375
:204D6000761F03C352A02B0056C80005761F03002B03761F03000A07920752A056C800116F
:204D7000761F03872B08761F03C3061AED09761F0387921E5201ED042B1E764AB4EFFE8A19
:204D800082BE86BE8BBE0006761F038792085201ED03764A4C8C0006FE0228AC0198BE5A21
:204D9000761F038712140EA9C242FF0314CB00CAE06E52E556C60007523056C700059A3042
:204DA0006F029AE58F00F0C1761F0389FE8256BF80C496CCA81C0006761F0387921A52017F
:204DB000ED03764A4D8C0006AABDA2BDFE0A761F03879222EC03764A4910764A4D84764A5A
:204DC0004DAC761F038792195201ED2376C0E1F85CAD92C7964AD0085DDF2DD72FE727EF18
:204DD0005ACFDC8A88F75BFF021B7D47214857463F457A497E447B4380A48F4480002B19F2
:204DE0008F00E21EC3941E42A0A9D500764A6BF3FE8A82BE86BE0006761BFFF0E20000BD00
:204DF000E63006002942561676256F00761BFFF0E20000BDE63006002942561676256F008A
:204E0000761BFFF0E20000BDE63006002942561676256F00761BFFF0E20000BDE63006003B
:204E10002942561676256F00761BFFF0E20000BDE63006002942561676256F00761BFFF005
:204E2000E20000BDE63006002942561676256F00761BFFF0E20000BDE630060029425616C4
:204E300076256F00761BFFF0E20000BDE63006002942561676256F00761BFFF0E20000BD1D
:204E4000E63006002942561676256F00761BFFF0E20000BDE63006002942561676256F0039
:204E5000761BFFF0E20000BDE63006002942561676256F00761BFFF0E20000BDE6300600EB
:204E60002942561676256F00761BFFF0E20000BDE63006002942561676256F00761BFFF0B5
:204E7000E20000BDE63006002942561676256F00761BFFF0E20000BDE63006002942561674
:204E800076256F00761BFFF0E20000BDE63006002942561676256F00761BFFF0E20000BDCD
:204E9000E63006002942561676256F00761BFFF0E20000BDE63006002942561676256F00E9
:204EA000761BFFF0E20000BDE63006002942561676256F00761BFFF0E20000BDE63006009B
:204EB0002942561676256F00761BFFF0E20000BDE63006002942561676256F00761BFFF065
:204EC000E20000BDE63006002942561676256F00761BFFF0E20000BDE63006002942561624
:204ED00076256F00761BFFF0E20000BDE63006002942561676256F00761BFFF0E20000BD7D
:204EE000E63006002942561676256F00761BFFF0E20000BDE63006002942561676256F0099
:204EF000761BFFF0E20000BDE63006002942561676256F00761BFFF0E20000BDE63006004B
:204F00002942561676256F00761BFFF0E20000BDE63006002942561676256F00761BFFF014
:204F1000E20000BDE63006002942561676256F00761BFFF0E20000BDE630060029425616D3
:204F200076256F00761BFFF0E20000BDE63006002942561676256F00761BFFF0E20000BD2C
:204F3000E63006002942561676256F00761BFFF0E20000BDE63006002942561676256F0048
:204F4000761BFFF0E20000BDE63006002942561676256F00761BFFF0E20000BDE6300600FA
:204F50002942561676256F00761BFFF0E20000BDE63006002942561676256F00761BFFF0C4
:204F6000E20000BDE63006002942561676256F00761BFFF0E20000BDE63006002942561683
:204F700076256F00761BFFF0E20000BDE63006002942561676256F00761BFFF0E20000BDDC
:204F8000E63006002942561676256F00761BFFF0E20000BDE63006002942561676256F00F8
:204F9000761BFFF0E20000BDE63006002942561676256F00761BFFF0E20000BDE6300600AA
:204FA0002942561676256F00761BFFF0E20000BDE63006002942561676256F00761BFFF074
:204FB000E20000BDE63006002942561676256F00761BFFF0E20000BDE63006002942561633
:204FC00076256F00761BFFF0E20000BDE63006002942561676256F00761BFFF0E20000BD8C
:204FD000E63006002942561676256F00761BFFF0E20000BDE63006002942561676256F00A8
:204FE000761BFFF0E20000BDE63006002942561676256F00761BFFF0E20000BDE63006005A
:204FF0002942561676256F00761BFFF0E20000BDE63006002942561676256F00761BFFF024
:20500000E20000BDE63006002942561676256F00761BFFF0E20000BDE630060029425616E2
:2050100076256F00761BFFF0E20000BDE63006002942561676256F00761BFFF0E20000BD3B
:20502000E63006002942561676256F00761BFFF0E20000BDE63006002942561676256F0057
:20503000761BFFF0E20000BDE63006002942561676256F00761BFFF0E20000BDE630060009
:205040002942561676256F00761BFFF0E20000BDE63006002942561676256F00761BFFF0D3
:20505000E20000BDE63006002942561676256F00761BFFF0E20000BDE63006002942561692
:2050600076256F00761BFFF0E20000BDE63006002942561676256F00761BFFF0E20000BDEB
:20507000E63006002942561676256F00761BFFF0E20000BDE63006002942561676256F0007
:20508000761BFFF0E20000BDE63006002942561676256F00761BFFF0E20000BDE6300600B9
:205090002942561676256F00761BFFF0E20000BDE63006002942561676256F00761BFFF083
:2050A000E20000BDE63006002942561676256F00761BFFF0E20000BDE63006002942561642
:2050B00076256F00761BFFF0E20000BDE63006002942561676256F00761BFFF0E20000BD9B
:2050C000E63006002942561676256F00761BFFF0E20000BDE63006002942561676256F00B7
:2050D000761BFFF0E20000BDE63006002942561676256F00761BFFF0E20000BDE630060069
:2050E0002942561676256F00761BFFF0E20000BDE63006002942561676256F00761BFFF033
:2050F000E20000BDE63006002942561676256F00761BFFF0E20000BDE630060029425616F2
:2051000076256F00761BFFF0E20000BDE63006002942561676256F00761BFFF0E20000BD4A
:20511000E63006002942561676256F00761BFFF0E20000BDE63006002942561676256F0066
:20512000761BFFF0E20000BDE63006002942561676256F00761BFFF0E20000BDE630060018
:205130002942561676256F00761BFFF0E20000BDE63006002942561676256F00761BFFF0E2
:20514000E20000BDE63006002942561676256F00761BFFF0E20000BDE630060029425616A1
:2051500076256F00761BFFF0E20000BDE63006002942561676256F00761BFFF0E20000BDFA
:20516000E63006002942561676256F00761BFFF0E20000BDE63006002942561676256F0016
:20517000761BFFF0E20000BDE63006002942561676256F00761BFFF0E20000BDE6300600C8
:2051800029425616E28000BEFFF176177602761BFFF0E20000BDE630060029425616762576
:205190006F00761BFFF0E20000BDE63006002942561676256F00761BFFF0E20000BDE6303F
:2051A00006002942561676256F00761BFFF0E20000BDE63006002942561676256F00761B5B
:2051B000FFF0E20000BDE63006002942561676256F00761BFFF0E20000BDE63006002942AE
:2051C000561676256F00761BFFF0E20000BDE63006002942561676256F00761BFFF0E200DB
:2051D00000BDE63006002942561676256F00761BFFF0E20000BDE630060029425616762558
:2051E0006F00761BFFF0E20000BDE63006002942561676256F00761BFFF0E20000BDE630EF
:2051F00006002942561676256F00761BFFF0E20000BDE63006002942561676256F00761B0B
:20520000FFF0E20000BDE63006002942561676256F00761BFFF0E20000BDE630060029425D
:20521000561676256F00761BFFF0E20000BDE63006002942561676256F00761BFFF0E2008A
:2052200000BDE63006002942561676256F00761BFFF0E20000BDE630060029425616762507
:205230006F00761BFFF0E20000BDE63006002942561676256F00761BFFF0E20000BDE6309E
:2052400006002942561676256F00761BFFF0E20000BDE63006002942561676256F00761BBA
:20525000FFF0E20000BDE63006002942561676256F00761BFFF0E20000BDE630060029420D
:20526000561676256F00761BFFF0E20000BDE63006002942561676256F00761BFFF0E2003A
:2052700000BDE63006002942561676256F00761BFFF0E20000BDE6300600294256167625B7
:205280006F00761BFFF0E20000BDE63006002942561676256F00761BFFF0E20000BDE6304E
:2052900006002942561676256F00761BFFF0E20000BDE63006002942561676256F00761B6A
:2052A000FFF0E20000BDE63006002942561676256F00761BFFF0E20000BDE63006002942BD
:2052B000561676256F00761BFFF0E20000BDE63006002942561676256F00761BFFF0E200EA
:2052C00000BDE63006002942561676256F00761BFFF0E20000BDE630060029425616762567
:2052D0006F00761BFFF0E20000BDE63006002942561676256F00761BFFF0E20000BDE630FE
:2052E00006002942561676256F00761BFFF0E20000BDE63006002942561676256F00761B1A
:2052F000FFF0E20000BDE63006002942561676256F00761BFFF0E20000BDE630060029426D
:20530000561676256F00761BFFF0E20000BDE63006002942561676256F00761BFFF0E20099
:2053100000BDE63006002942561676256F00761BFFF0E20000BDE630060029425616762516
:205320006F00761BFFF0E20000BDE63006002942561676256F00761BFFF0E20000BDE630AD
:2053300006002942561676256F00761BFFF0E20000BDE63006002942561676256F00761BC9
:20534000FFF0E20000BDE63006002942561676256F00761BFFF0E20000BDE630060029421C
:20535000561676256F00761BFFF0E20000BDE63006002942561676256F00761BFFF0E20049
:2053600000BDE63006002942561676256F00761BFFF0E20000BDE6300600294256167625C6
:205370006F00761F037FB2BDCC090200761F03BF932EAABD761F03B256BF500056BF4E02BE
:205380008D00E0C88D80D90076C0E0B6FFC87680E0CC8F40EF2A761F03BF8F00EAAC2B36F8
:20539000761F037F2B07761F03BC2B2356BF50C256BF4ECA761F03C797D296DA2825AA008F
:2053A000761F03B22B013A06C304C20AA008A80C761F03A5E2AF0002764A6821D10B761FBE
:2053B0000384E2AF0028761F03BFD0215D36E8518000761F037F5C0796E2761F03B2E6885F
:2053C00000002F062704800A93087C92BFA60F127DF2D008761F03A1979A57927EFAE2AF11
:2053D0000016D0093F92D00A7F92764A68BCD10C761F03A1D00D9300761F03B6969AE2AF99
:2053E00000089792764A68BCD10E761F03B6D00F9300761F03A5969AE2AF00009792764A12
:2053F000684F761F03A5D010E2AF00069692764A684FD118761F03C7D0119325761F03C852
:2054000096925D0AD013761F03C85C0B761F03B67D922F2FD014761F030027047C92761F4E
:205410000300D0158000761F03B25792880C9501D016761F03843F92D017E2AF002E7E9A26
:205420007F92D0129792764A68B2761F0385D019E2AF00209692764A68B2761F0385D01AB6
:20543000E2AF00229692764A68B2D124761F03B2D01B5C03761F03B996922F01D01C761FF4
:2054400003B927007C92761F03B9D01E8002761F03C788275792761F03B2D01F933E3F92C8
:20545000D020979A7F92D0227E92C5A28F00EC8EF62E248486BE8BBE0006761F03B2B2BD80
:20546000920E761F0364AABD5400EC06761F03BC9226520FED47761F03C09234ED3E761F64
:2054700003BC9226761F03B252042B00EC235205EC1C5206EC155207EC0E520EEC07520F0C
:20548000761F036456B144006F3C761F036456BF53006F37761F036456BF46006F32761F83
:20549000036456BF4D006F2D761F036456BF52006F28761F03C892105201EC0A1B10FFFF29
:2054A000761F036456B03F0056B172006F1A761F036456BF66006F15761F036456BF4B0052
:2054B0006F108F00D90092C41BA95A0FEC041BA95064ED07761F03649200761F03B29600A8
:2054C00076C0D900761F03B292C7960E54CFEC06761F03BC9226520FED0E761F03BC9226ED
:2054D000761F03B2520F56B14E029202761F036496016F088F00D901761F03B292C496027B
:2054E000960E8F00D902761F03B292C45410EC0C5200ED0596107640985F6F0E9210761F57
:2054F000036496026F0976409941761F03B28F00D902961096C4761F03B28F00D903921189
:2055000054C4ED05761F037F49096F0F88C4CCA6FFFEED16761F037F92C4CD09FDFF90010C
:20551000FF88CAA8960940A656BC74C4761F036456BD73039203761F03B296116F05921191
:20552000761F03649603761F03B28D40D904921254C1ED09761F03A5E2AF0002764A68211A
:2055300096C16F0D92C1764A6997C5A1761F03A5E2030002761F03B292C79612761F03B256
:205540008F00D906921454C4EC0F761F03BC92235201ED022BC492C4761F03BF9636761FDC
:2055500003B296146F07761F03BF9236761F03649606761F03B29215761F03645407EC1962
:20556000761F03BF9236ED03E5906F08761F0364E2C800077700E84E4000761F0384E20395
:205570000028761F03649207761F03B296156F10761F0384E2AF0028E85180007700E68877
:2055800000007700761F0364BFA90F129607761F03B28D40D9082BAA921A27C95CC180D19B
:2055900088D954E1A904A806C30AC208ED09761F03A1E2AF0016764A68BC96E16F2376C07A
:2055A000D90C8BA792C1764A6923761F03A1E20300167640A371761F0396E2C4012B761FA2
:2055B00003A19200761F03A1E2AF00047640AE42C5A1761F03A1E2030006761F03B292C704
:2055C000961A761F03B28F00D90D921B54C4ED06761F03A1920096C46F1B76C0D90D8BA7A7
:2055D000761F0396E2C4012B761F03A192C19600761F03A1E2AF00047640AE42C5A1761F2A
:2055E00003A1E2030006761F03B292C7961B761F03B28D40D90E921C54C1ED09761F03B6C3
:2055F000E2AF0008764A68BC96C16F1A92C1764A6923761F0396E2C4012B761F03B6E2036C
:205600000008761F03B692007640AE42C5A1761F03B6E2030002761F03B292C7961C761F77
:2056100003B28F00D90F921D54C4ED06761F03B6920096C46F1B76C0D90F8BA7761F039652
:20562000E2C4012B761F03B692C19600761F03B6E2AF00087640AE42C5A1761F03B6E2033B
:205630000002761F03B292C7961D761F03B28D40D910921E54C1ED09761F03A5E2AF000079
:20564000764A684F96C16F0D92C1764A69C8C5A1761F03A5E2030000761F03B292C7961EDD
:205650008F00D911761F03B292C486A4541FEC11761F03A49324ED0D764A69C8C5A2761FAD
:2056600003A5E2030006761F03B292C7961F6F0A761F03A5E2AF0006764A684F761F03647F
:2056700096118F40D912761F03B292C55420EC21CCA9FF0088A98F005500A8A90FA6EC0B11
:20568000761F03C72825AA00761F03C728C5AA002B286F0F8F00D91292C4CDA900FF970110
:20569000761F03C790FF2825550008A9550096C476C0D912D1128F00EC8ED01392C7969C8F
:2056A00086A7929454CFEC11764AC0EE5200ED0D8BA2761F03C892C9960A764ADE3A761FC8
:2056B00003B292C996216F07761F03C8920A761F03649613761F03B28F00D914922254C46A
:2056C000ED06761F03C8920B96C46F0F76C0D914761F03C892C7960B86A7764AC89BC5A2CE
:2056D000761F03B292C79622761F03B28F00D915922354C4ED06761F03B6922F96C46F08F8
:2056E00092C4761F03B6962F761F03B296238F00D916761F03B292C45424EC185200ED0C59
:2056F000761F030092045201ED07761F03C3061AED03764AB4EF8F00D916761F030092C4EB
:205700009604761F03B296246F07761F03009204761F03649616761F03B28F00D91792251F
:2057100054C4ED06761F0300920096C46F0892C4761F03009600761F03B296258F00D9186A
:2057200088CC761F03B20EC41E0C92A65427EC1C761F039A920DED18560304CC3B0185A9AB
:20573000BDA90F127700761F03B2E801C0017E27E6890000E80803A1E7000008761F0384B4
:20574000E203002E6F0A761F0384E2AF002E764A68B2761F036496198F00D91A88C4761FFA
:2057500003B292A65428EC1C761F039A920DED18560304C43B0185A9BDA90F127700761FD4
:2057600003B2E801C0017E28E6890000E80803A1E7000008761F0385E20300206F0A761F02
:205770000385E2AF0020764A68B2761F0364961A8F00D91B88C4761F03B292A65429EC1C84
:20578000761F039A920DED18560304C43B0185A9BDA90F127700761F03B2E801C0017E290F
:20579000E6890000E80803A1E7000008761F0385E20300226F0A761F0385E2AF0022764ADA
:2057A00068B2761F0364961B761F03B28F00D91C922A54C4ED04920396C46F0492C496033E
:2057B000962A8F00D91E92C4542CEC32761F03B99601761F03A4463BEE04764A69336F033A
:2057C000764A6943761F03B9E2030008E801D41B761F03B9E2C40000761F0383E2AF01287B
:2057D000E808937B761F03B9E2C40201761F0364921EE7000009761F03B2E7000051962CE1
:2057E000E7000058761F03B9E20300166F07761F03B99201761F0364961E761F03B28F003B
:2057F000D91F922D54C4ED06761F03B9920096C46F2388C4761F0383E2AF01280EA6BDA9CD
:205800000F12E801D41B761F03B97E00E808937BE68B0002761F03B9E700008AE2C40001E6
:20581000761F03B2E70000807E2DE7000018761F03B9E2030016761F03B28F00D920922E3F
:2058200054C4ED06761F03B9920296C46F1376C0D9208BA7761F03B992C19602764A6933A3
:20583000C5A1761F03B9E203001C761F03B292C7962E8F00D921761F03B292C4542FEC148D
:20584000761F03BC9323ED05520056B001C46F04761F03642B2192C4761F037F9607761FD5
:2058500003B2962F6F07761F037F9207761F03649621761F03B28F00D922923054C4ED0644
:20586000761F03C7922796C46F0892C4761F03C79627761F03B296308F00D91D761F03B2EE
:2058700092C4542B562A012BEC0A761F0364921DCD1D0001FFA79001764A7864761F03B2EE
:205880008F00D924923254C4ED06761F03B2923E96C46F0892C4761F03B2963E761F03B204
:2058900096328F00D925761F03B292C45433EC0C5201ED03764AA390761F03649225761F06
:2058A00003B296336F04761F03642B258F00D905761F03B292C45413EC0C5201ED03764A3C
:2058B000A28C761F03649205761F03B296136F04761F03642B05761F03B28F00D9269234E7
:2058C00054C4ED06761F03C22BC42B0A6F07761F03649226761F03C2960A86BE8BBE000688
:2058D000FE02761F0385E2AF0218E6950012E6940010AD1456C20004E5916F14E2AF031857
:2058E000E3000218E700009A7700E720008077007700E27700007700770077007700E6978C
:2058F0000001FE82E6CF00080006761F03AE96010006761F03AE96000006020A761F03AE3D
:20590000070A8AA992C40006761F03AE92010006761F03AEE2AF00040006761F03AE92004F
:205910000006761F03AFE2AF00140006761F03AFE2AF00220006761F03AEE2AF002A000678
:20592000761F03AEE2AF00020006020E761F03AE070A8AA992C40006761F039A800E761F3D
:2059300003AE88A91BA7938456BF081156BF011256BF04132B142B1556BF081656BF031739
:2059400056C200351BA7938456C100A41BA7937356C2001A1BA7937256C3008A8F00936E72
:2059500027A72BAAA8A90FABEC708F009370A8A90FABEC7D80A78F009371A8A90FA7EC6515
:20596000FFEF008528A86C8C95A7530156C9003C88A78F009380A8A90FA6EC7F88A78F0001
:205970009381A8A90FA6EC756F711BA793A256C200191BA793A2EC4928A86C6495A7530138
:2059800056C900568F00939F27A72BAAA8A90FABEC3C80A78F0093A0A8A90FA7EC246F5636
:205990008F0093A427A72BAAA8A90FABEC0C8F0093A5A8A90FABEC1728A86C5A95A7530190
:2059A00056C6004592A656BF031356B1091056B1071156B1071656B0081056B0061156B07F
:2059B0000616000692A656BF021356BF021756B1071056B1051156B1051656B0061056B0A6
:2059C000041156B00416000692A656BF011356BF011756B1051056B1031156B1031656B0A1
:2059D000041056B0021156B00216000692A62B132B1756B1031056B1011156B10116EC0E63
:2059E00056BF02102B112B16000656BF0A10000656BF01102B1200062B100006CCA9FFFEAC
:2059F000ED0B761F03779200EC07761F03AF921A764A69AB0006761F03AEE2AF002A000637
:205A0000B2BDAABDA2BDE20304BDFE02761F0382E2AF003086A4764A67B13B0185A9BDA9FE
:205A10000F127700770077007700E689000492F256B100A3EC08521856B617A356C6000494
:205A20009CFF5BA9761F03AE9212ED0C28AC00188F09DC1C30120DA3560100A488C47EFAB7
:205A30006F05764A1FFA88A996FA761F03AE9310530AEC2628AC001830108F09B2240DA3A6
:205A4000FF30560100A48F49B044560100A5E2AF00C4E7000020E2AF01C5E71000407700F3
:205A5000E5A0AD1456C4000AE68E00007700D009BFA90F1296926F06D0092B926F03D00901
:205A60007E9293115308EC2628AC001830118F09BF640DA3FF30560100A48F49BDE4560173
:205A700000A5E2AF00C4E7000020E2AF01C5E71000407700E5A0AD1456C4000AE68E000032
:205A80007700D008BFA90F1296926F06D0082B926F03D0087E92581392A05204EC078F0924
:205A9000DDA6D10B9294969A6F04D00B289202589214ED04D00C289203209215ED04D00D1A
:205AA000289203E892165208EC0F28AC003027A32BAAFF688F09C0E4301610AC560100A401
:205AB00006C41EC26F05764A1FFEE20300C2761F03AE92175203EC0D28AC001876C9D51CDB
:205AC00030170DA3560100A7D00A92C796926F03D00A2B92FE82FF69E2AF04BE82BE86BEAE
:205AD0008BBE0006E20304BDFE02761F03AEE6950012E2AF030CE694001AAD1456C300439D
:205AE000761F03A4E801EE63E2C40437E80E666BE700011B7700E70000D2E801FB34E85005
:205AF0004812E80B3334E6940022AD1456C50019E805F733E80B3333E274009B7700770002
:205B0000E801FC2CE808F5C4E71000E27700E811FC02AD1456C5000BE801FC026F07E80157
:205B1000F8CBE80CCCD3E700009AE8CFE0037700E70000CBE7000040E70000D17700E7108E
:205B20000009FE82E6CF0008E2AF04BE0006B2BDAABD761F03A0A2BD86A4E20304BDBFA327
:205B30000F12E801EE64E80E666CE20305BDE2AF0532764A5A00E70001607700E68C000077
:205B400077007700BFA60F12D00B929254A656C30030D00C809293A755A656C5002C3B01E9
:205B500085A9BDA90F1292A785A9BDA90F2685A6BDA90F227700D008E6890001E689002A64
:205B6000E6890020E7200052E7200041D109E2C40392E274008AE2C4009A7700E720001929
:205B70007700E70000517700E71000406F36D00C809292A754A656C50007D00ED1092B925B
:205B8000599A6F343B0185A9BDA90F127700770077007700D00D85A6E2C80292E6890001EC
:205B9000BDA90F127700770077007700E6890000E7200051E720001077007700E274004030
:205BA00077007700D008E2C40592E831FC00E8200000E70001407700E68E000077007700C4
:205BB000BFA10F12D00E56BF019292A1764A69ABE6CF0001BDA30F1AE2AF00C2764A5AD249
:205BC00092FAE6CF0004764A69AB92A1BFA30F12764A69ABBDA30F1677007700770092FAAC
:205BD000E6970001E20301E2764A69ABE6970020E20300D2E2AF05BEE2AF04BE82BE86BE1C
:205BE0008BBE00065DA9AABD92A8764A592CBFA20F1292A55201EC0F5202EC3D5203EC376E
:205BF000761F0396922AEC18764A29E05200ED0F9A006F0A761F0396922AEC0E764A29E0D0
:205C00005200ED059A01764A59EE6F3C761F0377E2AF000A6F37761F0383E2AF0002761F60
:205C100003A49237764A9668761F037F8F00EB989312BDA20F1255A9562A06A897F4764A81
:205C20005B27761F03AEE2AF001A6F1C761F037F92046F0D761F0383E2AF0002761F03A453
:205C30009237764A9668BDA20F1277008F00EB9896F4764A5B27761F03AEE2AF001AE820FF
:205C4000000086BE0006761F03AEE801EE60E801EE61E2C40200E2C40301E80E6668E80E39
:205C50006669E7000080E70000C9E7000000E70000497700E710004077007700E277000141
:205C6000761F03A4E2C4003977007700E2740008770077007700000688A9761F039692263B
:205C7000761F0396932D54A656C9000392A655A9761F0396562A08A7562B07A708A6000199
:205C80009226761F0396932D761F03AE54A67F2E56C9000392A655A9761F03AF562A08A8A2
:205C900097260006761F03A4E2C400377700E8020901E274000877007700E20304BD761F26
:205CA00003AEE203000C764A1FFA761F03AE93A9920054A8562B06A9764A69AB761F03AE0F
:205CB000E203000E764A1FFA761F03AE93A9920154A8562B06A9764A69ABE801EA61761F2A
:205CC00003AEE6CF0004E80E6669E70001089A00E2030006764A592C761F037F8F00EBC08A
:205CD0009204761F039696F4922B764A5C6CE590764A5B278F00EBA8E590764A5B278F0002
:205CE000EBE0E590764A5B278F00EBD0E590764A5B27E6CF00207640AD65761F03962B2704
:205CF000E2AF04BE0006E20304BDE20305BDFE02E6CF0002764A5920E6CF0003764A590825
:205D0000E6950009E6950012E700004DE70000947700E710016477007700E277002477000E
:205D1000770077007700E5A4AD14ED03E5936F0CE694001CAD1456C30005E801FC036F0411
:205D2000E274011B7700E5A1AD14ED03E5916F0CE6940001AD1456C30005E801FC016F049F
:205D3000E27400417700E5A2AD14EC0EE2AF000EE6940002AD1456C40005E27400806F05BE
:205D4000E801FC006F02E590FE82E6970008E2AF05BEE2AF04BEE69700180006B2BDAABD5B
:205D500059A9A2BD5AA8BFA30F16E6CF0011E20304BDE6CF0004764ACACEE6CF0020764A37
:205D6000A22F764A96645200ED03E5906F03E6CF0020764AB78E92A2764A592C92A1520196
:205D7000EC205202EC4C5203EC42761F0396932B8D80EBA88D40EBD0761F0396BDA30F1235
:205D800092258AA297F296F1764A5B27BDA30F128AA1764A5B27764A96645200EC236F4115
:205D9000761F0396922C764A5C6C8D80EBA88D40EBD0BDA30F128AA2761F0396922596F13E
:205DA000764A5B278F00EBE0BDA30F12764A5B27BDA30F128AA1764A5B27764A966452008A
:205DB000ED20761F03AE8BA2AA0A6F1E761F037F8D40EBC092048AA196F16F0F761F03968F
:205DC000922C764A5C6C8D40EBA8BDA30F128AA1764A5B278F00EBE0BDA30F12764A5B2712
:205DD000761F03AEB20AE2AF00D1E2AF04BE82BE86BE8BBE0006761F03BDE2AF002000061D
:205DE000761F03BDE2AF001E0006761F03BDE2AF00220006761F03BDE2AF002A0006761FE0
:205DF00003BDE2AF00240006761F03BDE2AF00280006761F03C28330761F03BD93CD9DFFA6
:205E00002B3792A8FFC055A9562A06A8530056B100A8973597368F00EF7276C0EF75F602DE
:205E100024842B3193CD9DFF92A8FFC055A9562A06A8530056B100A8972F97308F00EF6CD4
:205E200076C0EF6FF60224840006761F03BDE2AF011CE72000087700E83000000006761FEC
:205E300003BDE2AF0126E72000087700E82000000006761F03BDE2AF00200006761F03BDE5
:205E4000E2AF002A0006AABDE20304BDFE02761F03C1E2AF0008761F03C1E2AF0406761FF9
:205E500003C1E2AF0124761F0384E2AF0222E694000AAD1456C50017E2AF0122761F03C163
:205E6000E2AF0224761F03A4E6950009403BE2740051EF03E70000497700E7000008E7001A
:205E7000010C764AD6F3BFA20F12E6CF0020764AD6F3761F037FCC091000E6CF0004FFCB1D
:205E80004C09BDA20F12EF11761F0384E2AF0116E6940008AD1456C50009E2AF0016761FC6
:205E9000037F1A0920006F05761F037F1809DFFF5200EC11761F0384E2AF0102E694000C1E
:205EA000AD1456C50009E2AF0402761F037F1A2200026F05761F037F1822FFFDE6AF002497
:205EB000761F03BDFE82E203041EE2030024E2AF04BE86BE0006B2BDAABDA2BDE20304BD75
:205EC000E20305BDE20306BDE20307BDFE02761F03C286A459A9E6CF00068A3093C292D216
:205ED000764A8D75761F03C2E6CF00058A2A92D293C2764A8D75E6CF0004E7000169E700BC
:205EE00001207700E7100040770092A1E2770007ED48761F03C293C292D28A309D01764A69
:205EF0008D75761F03C293C292D2BFA30F128A2A9D01764A8D75E6940037BDA30F16AD14EF
:205F000056C30010E694000DAD14ED05E6940004AD14EC0792C2EC069CFF0BC296CA6F115E
:205F100092C2E6940037AD1456C5000C761F03C28A3093CC9DFF55A956C900049C0196C25F
:205F2000761F03C28A3088A993CCFFD092A854A656C9000392A6520056B100A996C26F494E
:205F3000761F03C293C292D28A309DFF764A8D75761F03C293C292D2BFA30F128A2A9DFF40
:205F4000764A8D75E6940037BDA30F16AD1456C30017E694000DAD14ED05E6940004AD14DF
:205F5000EC0E761F03C28A3092C293CC9DFF55A956C9000A9C010AC296CA6F0E761F03C20D
:205F600092C28A30E6940037AD1456C500065200EC039CFF96C288CC80A993A692A6FFD08F
:205F700054A756C9000392A755A9562A08A897C2FE82E2AF07BEE2AF06BEE2AF05BEE2AF24
:205F800004BE82BE86BE8BBE0006B2BDAABDA2BDE20304BDFE025200E6CF000486A4EC046C
:205F90008D7FFFFF6F02D10193CA92D295A1764A8D8192D293CABFA30F12764A8D81BDA36D
:205FA0000F16E6CF0002E6940014AD14E6C20014E6940011AD14ED0E761F03C292CA83304A
:205FB000290194A1560301A907E58AA9E2AF00C46F1B761F03C28A3088CAC5E429015603DF
:205FC00001A6FF5A565700A7A9A492A694A1560301A9C4C407A78AA9E6CF0020C242E2AFDD
:205FD00003C4764A8E68FE82E2AF04BE82BE86BE8BBE0006B2BDAABDA2BDE20304BDE203CE
:205FE00005BDFE06761F03C25DADC430E6CF000CE6CF0005DD848AD692C688A5764A8E0A6A
:205FF0008D40EF758D80EF7292435B4496458AA1E6CF002096D27BD19A01764A5EBB9A01E0
:206000008AA2E6CF0020764A5EBB9A018AA1E6CF0020764A5F859A01BFA10F128AA2E6CF6A
:206010000020764A5F85761F03C28330C4D52901761F03BD5603013107A68AA95603012E94
:20602000E2AF01C407A68AA9BDA10F1EE2AF02C4E694000AAD14EC18C4D53B01560301A32D
:2060300007A68AA9E20300429245E2AF01C4560301A907A68AA9E6CF0028E2AF02C4764A45
:206040008E68E6CF0003FE86E2AF05BEE6CF0018E2AF04BE82BE86BE8BBE0006B2BDAABDF1
:20605000A2BDE20304BDFE08761F03C25DADC43059A9E6CF0004DD848AD692C688A5764A0C
:206060008E0A761F03C25DAD8A303B015B44DD862DCC88A51244560301A907F48AA992AC41
:20607000764A8DC7761F03C25DAD8A303B015A43DD882DCC88A51243560301A907F48AA9F4
:2060800092AC764A8DC792A1ED0D761F03C28330C4E53B015603014607A68AA9560301486D
:206090006F0C761F03C28330C4E53B015603014507A68AA956030147E2AF03C407A68AA92B
:2060A000E2AF00C4E6940018AD14EC16C4D5560301A307A68AA9E2030042560301A2E2AF0C
:2060B00001C407A68AA9E6CF0020E2AF02C4764A8E68E6CF0003FE88E2AF04BEE6CF0018EB
:2060C00082BE86BE8BBE0006B2BDAABDA2BDE20304BDFE04761F03C25DADC430E6CF000CF7
:2060D000BFA30F12DD848AD692C688A5764A8E0A8D40EF6C8D80EF6F924393448AA1E6CF70
:2060E000002096D297D19A00764A5EBB9A008AA2E6CF0020764A5EBB9A008AA1E6CF00202F
:2060F000764A5F859A00BFA10F128AA2E6CF0020764A5F85761F03BD88312901761F03C29A
:206100008330560301A6761F03BD802EA3D507AB8AA9560301A7E2AF01C407AB8AA9BDA1D2
:206110000F1EE2AF02C4E694000AAD14EC16A3D5560301A707AB8AA9E2030042560301A61F
:20612000E2AF01C407AB8AA9BDA30F12E2AF02C4764A8E68E6CF0003FE84E2AF04BEE6CF54
:20613000001882BE86BE8BBE0006B2BDAABDA2BDE20304BDE20305BDE20306BDE20307BD91
:20614000FE08761F03BD9B01E2AF0424E2AF051E761F03969221761F0383E2AF0002764A8C
:206150005BE2E6CF0006764AA20CBFA10F12764AB784761F03969B00BFA30F129221761FB9
:206160000383E2AF0002764A5BE2E6CF0007764AA20CBFA20F12764AB784BDA10F16770068
:20617000770077007700E697000EBDA30F16BDA20F1A7700761F03A49223E697000EE697A2
:206180000017E6970007ED4DE801FC30761F03B6E80B33308B06BFA30F12764A5908761FA7
:2061900003A5BFA20F120602E801FC30761F03A5E80B33301E44062EE2030046761F03B606
:2061A0001E4206061E48764A5908BDA10F167700BDA30F1E7700761F03A5E7200071E2AFA8
:2061B0000248E751725EE2AF0346E7000059BDA20F1EE2AF0202761F03A5E6970001E2AFF6
:2061C0000044E697001EE7000186E3028F42E30DC32EE7000059E6970004E697000D6F57CA
:2061D000761F0383E2AF0102E801EE62761F0382E2AF0030761F03C28A30E80E666AE69597
:2061E0000009E696001092CC83E4E274000829019CFF560301A907A58AA9BFA20F12E6CF09
:2061F000003182C506C41E42764A5FDA9A01BFA10F12BDA20F12764A604EE6CF0006E6CF7A
:206200000039BDA20F12764A60C49A00E6CF0007BDA20F12764A604EBDA30F1E7700770022
:20621000E2AF0142E697000CE696001DBDA10F1AE696003DE6CF0033E6960005E695001B39
:20622000E6950012E6970014E697001C761F03BDFE88E203051CE2030426E2AF07BEE2AFD0
:2062300006BEE2AF05BEE2AF04BE82BE86BE8BBE0006FE02761F03BDC424E2AF021EC52637
:20624000E2AF011C761F0384E2AF0022E5A0AD1456C3000F761F03C892105201ED09761F73
:2062500003BCE2AF0336E5A3AD1456C40013E5A0AD1456C40016761F03C81B10FFFFED1033
:20626000761F03BCE2AF0036E5A0AD1456C3002E761F03C19216EC04E591E6CF000A761FBB
:2062700003BCE2AF0036E5A0AD1456C3001F761F0384E2AF0022761F03C1E2AF0322E695B1
:206280000000E6940018AD1456C30010761F03C19216EC0BE27400C0770077007700770098
:20629000E7000041E7000082761F03BDFE82C228E2030222C32AE20301200006764A5E433B
:2062A000764A6135764A62390006761F03B52832FFFF2B360006FE0A5CADD008DC8A88A4A0
:2062B000021DD5018F00E232C2941E427684800006A6764A6CEB2D47761F038735C8FFC7ED
:2062C0002D44960E761F038735149612474AEF11924890075204ED11CC4800F8761F038718
:2062D000FFC2541356C7000A9BC895A997136F05761F038756BF0113FE8A0006761F03C86A
:2062E00092105201ED06761F03C81B11FFFFEC0B761F03C81B10FFFFED16761F03C89211A6
:2062F0005201ED11761F03C19227761F0387520356BF0110EC04761F03BC2B23761F03BCAB
:2063000056BF042600065201EC06761F03C82810FFFF6F05761F03C856BF0110761F03BC0F
:2063100092235201ED03764A62DE0006B2BD520059A9ED16761F037F4B09EF33761F03C1C3
:20632000C408761F037F1809F7FF761F03C1C212761F03C10606761F03C11E106F22761F24
:20633000037F1A090800764A695292A1761F03C1540156C80009761F03C10608761F03C15D
:206340001E126F05761F03C1E203001292A1761F03C1540056C7FFDE761F03C1E203001021
:206350008BBE0006AABDE20304BDFE02764A6952761F037FE6CF00044909EE0A764A5DEF30
:20636000BFA20F12764A5DE0BDA20F166F0B761F03C1E2AF0010761F03C1E2AF0112E6AF14
:206370000000E697000C761F03C1E6960004E2AF000A761F03BCE2030436E6940004AD145E
:2063800056C2000E761F03C1E2AF000EE6AF0000E6940004AD14E6C400046F05761F03C190
:20639000E2AF040AE6CF0020FE82E2AF04BE86BE0006FE02764A6981761F03C1E2AF011EA9
:2063A000E6940008AD1456C2000AE6AF0009E6940008AD14E6C400086F03E2AF001E761F2F
:2063B00003C81B10FFFFED03E6AF0000FE820006761F03BC9326530256C90036761F0387F8
:2063C00093105301EC2B761F0387931B5301ED05761F03C09320EC225201ED22761F038702
:2063D000921BEC085201ED15761F03C092205201ED10761F03BC9223ED19761F03C892104C
:2063E000761F03BC56BF0123761F03C896110006761F038756BF011000065200ED04761FE0
:2063F00003872B10761F03BC2B2300065201ED16761F03BC9223ED15761F03C1922CEC11AB
:20640000761F03BC92265204EC035207ED0A761F03C1922656B101260006761F03C12B26EC
:2064100000065201EC20761F037F0E21761F037F1EA6CC090200FFC880A906A60FA7EC20B1
:20642000761F037F9221761F037F90011809FDFFFF889809761F037F4021761F03B956BCCA
:20643000011A0006761F037F9221ED0A761F037F4909EE061A090200761F03B92B1A00064C
:20644000B2BDFE02761F03A44A3BEF378D40ED77560308C9CAC1764A69AB761F03AEE2AF55
:20645000010EE8300000560308D9761F03A5E6AF0009CAD1E6960008E2030016764A69AB02
:20646000761F03AECCE10001E2AF0208E2AF0108764A6303E6AF0009E6970010E69600081E
:20647000761F03C81B10FFFFED03E6AF0000761F03A5E20300126F1E8D40ED77560308F9B2
:20648000CAF1764A6316560308C9CAC1764A6352761F03BCCCE10001E203003E764A630393
:20649000560308D9CAD1764A6399761F03C1E2030020761F03C192275203EC07761F03B556
:2064A000CC3C0001764A63B8761F03B5CC3C0002FFC0764A63F6761F03B5CC3C0004FFC1B0
:2064B000764A6411761F03C1E2AF0020E6950000E5A0AD1456C50017761F037F4909EE1231
:2064C000761F03C1E2AF011AE6940001AD14EC1DE203001A764ADF70761F03C156BF0118DD
:2064D0006F14761F03C192185201ED0F761F03C19215764A6981761F03C1E203001A764A15
:2064E000DF70761F03C12B18FE828BBE00068F448000D402A0A9764A6BC24CA8EE0D761FFF
:2064F00003879211520856C600040A110006761F03872B130006761F03C3061AED0C761F58
:2065000003C8060EED08761F0387921356B1EA13764A62AB761F03872B110006FE0A8F44D6
:206510008000D402A0A9764A6BC247A8EE0E761F03871B25014D56C700040A256F36761FBD
:20652000037F1809EFFF6F315CADD008DC8A88A40218D5018F00E24AC2941E4276848000DC
:2065300006A6764A6CEB56030849CA4A764A69ABE695000056030847E8504800CA48761FAC
:206540000384E203001E764A69AB761F037F1A091000761F0387E69500002B25E850480029
:20655000761F0384E203001AFE8A0006FE0A5CADDC8A5CA48F448000A0A9F6072B84D402ED
:20656000764A6BC248A856CC00B7761F0387921956C000B25CADD008DC8A88A40219D5016F
:206570008F00E228C2941E427684800006A6764A6CEB761F03B59249934A96309731520199
:20658000ED585302ED5692488F00E1FB2B3196342BC42BCC2BD42BDCEC315205EC1F520CEA
:2065900056C0008A761F0383E2AF0000E6950000764A67CD1BA93FFF56C9000428A93FFFFC
:2065A000FF8193A9761F03B58F00E1FBFFD790FF56BF043197C496CC6F1B761F03AA9B0A8A
:2065B000920500CAE17C761F03B59B2856BF0331761F038795A9973B6F0B56BF063156BFAA
:2065C000FFC456BFFFCC56BFFFD456BFFFDC761F03B592308F00E1F8883193349C40761FD8
:2065D000038856BF55FC97D47EC496CCA8266F3F5303ED415222ED3F5603084894479634BD
:2065E0001BA9100056C800381BA9126456C7003458A98F00E1F89348924708A0F00056BF1C
:2065F00005C456BF62CC97D496DC1BA001F456C900058F00D9006F038F00D7009294520016
:2066000056C400051AA980006F0318A97FFF93A98F40E1FC90FF5CAD761F0388FFD72BDDE9
:206610002BD596CD97C5DC8A0EA41E26761F038756BF01198F448000D402A0A9764A6BC2A2
:2066200049A856CC0088761F0387921956C000835CADD008DC8A88A4021AD5018F00E21472
:20663000C2941E427684800006A6764A6CEB761F03B5934A9249973196305302ED375201F8
:20664000ED3592489634EC1E520CED25761F0383E2AF0000E6950000764A67CD1BA93FFFDD
:2066500056C9000428A93FFFFF8193A9761F03B58F00E1FBFFD790FF56BF043197C496CC18
:206660006F0A8F00E1FB56BF06312BC456BF10CC2BD42BDC92308F00E1F8933488319C407E
:2066700056BF55FC97D47EC46F305303ED335222ED3156030848944796341BA9100056C810
:20668000002A1BA9110056C7002690FF8F00E1F8934788488F40D70058A956BF05C456BF7D
:2066900062CC97DC7ED4929556C400051AA980006F04929518A97FFF93A98F00E1FC90FF5E
:2066A000FFD72BDC2BD497C4761F038756BF011996CCFE8A0006B2BDFE028F448000D402CD
:2066B000A0A9764A6BC256088000ED3F761F037F4909EE28761F03A44A3BEE24761F03C1DF
:2066C000E2AF000A761F03BCE2AF013EE6940001AD1456C20012761F03C1E2AF000EE6AF08
:2066D0000000E6940001AD1456C3000D761F03BCE203003E6F07761F03C1060A761F03BC9E
:2066E0001E3E761F03879216761F0387541756C6000B761F03879201EC75761F03C31A1A24
:2066F00008006F700A176F6ED0088D40ED778F00E200022076848000D501B2941E4206A667
:20670000764A6CEB761F03B5CCE900F08F00FFFFFFC3803288A99635A8A90FA7EC1B92A62D
:206710002B33543256C800049E326F039E329C105200EC0C761F03879229761F03B556B02E
:2067200001339A0194A696326F020A321832000F6F059A0194A6900F96329233ED11761F7A
:2067300003C34B1AEE22761F03879227761F03B5543656C900042B366F1874366F16761F90
:2067400003879228761F03B57236761F03879229761F03B5543656C60009761F03C31A1A9B
:206750000800761F03B59636761F03C3061AED07761F03C8060EED03764A6440761F0387B2
:206760002B17FE828BBE00061BA90ED856C600241BA903E856C800200EA9BDA90F1E770070
:20677000770077007700E68B001B7700E70000C0E70000C9E70000187700E7100040770026
:20678000E71000807700E68C000077007700BFA90F12000628A9753000061BA90FA056C611
:206790000005526456C7000528A9753000060EA9BDA90F1A7700770077007700E68B0012EB
:2067A0007700E70000807700E71000407700E850B2007700E68C000077007700BFA90F128C
:2067B0000006761F03A6E2AF0108E70000407700E688000077007700BFA90F120006761FCD
:2067C00003A5E2AF0124E70000407700E688000077007700BFA90F120006FE02761F03A496
:2067D000E2C4012D7700E70000407700E68800017700E68900097700E72000417700E81133
:2067E000F801AD1456C40005E88FE0007700E68800007700FE82BFA90F120006FE02E274A8
:2067F00000407700770077007700E70000107700E8511E807700E68800017700E689000953
:206800007700E72000417700E811F801AD1456C50005E88FE0007700E68800007700FE823C
:20681000BFA90F120006761F03A6E2AF010AE70000407700E688000077007700BFA90F127C
:206820000006FE02761F03A6E2AF010CE70000407700E68800017700E68900097700E720FC
:2068300000417700E811F801AD1456C40005E88FE0007700E68800007700FE82BFA90F1202
:206840000006761F03A6E2AF010EE70000407700E688000077007700BFA90F120006FE02CB
:20685000E85158407700E68800017700E68900097700E72000417700E811F801AD1456C47F
:206860000005E88FE0007700E68800007700FE82BFA90F120006FE02E801FAA9E80AAAA980
:20687000E70000087700E68800017700E68900097700E72000417700E811F801AD1456C441
:206880000005E88FE0007700E68800007700FE82BFA90F120006FE023B0185A9BDA90F163C
:206890007700770077007700E68900097700E70000407700E68800017700E68900097700AA
:2068A000E72000417700E811F801AD1456C40005E88FE0007700E68800007700FE82BFA9AC
:2068B0000F120006E85140007700E688000077007700BFA90F120006FE02E80230E1E80AD9
:2068C0000001E70000087700E5A0AD1456C20013E68800017700E68900097700E7200041C3
:2068D0007700E815F801AD1456C40016E8AFE0006F12E68800017700E68900097700E72076
:2068E00000417700E811F801AD1456C40005E88FE0007700E68800007700FE82BFA90F1252
:2068F00000063B0185A9BDA90F1277007700E801E4D1E801EE62E6890000E80B5319E70017
:206900000008E80E666AE70000100006761F03A42D3A310A88ABBDA60F12770077003B01ED
:2069100085A9E68B0001BDA90F127700770077007700E689000077007700E27400407700FA
:206920007700770000063B0185A9BDA90F12770077007700E801C689E6890000E80DB8B900
:20693000E700000800063B0185A9BDA90F12770077007700E801E119E6890000E80EB851AB
:20694000E700000800060EA9BDA90F12770077007700E801D419E68B0000E8089379E70075
:20695000000800063B0185A9BDA90F127700770077007700E6890001761F03A5E2AF0024EA
:20696000E274000877007700770000060EA9BDA90F1277007700770077007700761F03A481
:20697000E2C4012DE68B000077007700E274004177007700E801DA20E80CDD30E700004044
:2069800000063B01761F03A485A9E2C4012DBDA90F127700770077007700E689000077002E
:206990007700E274004077007700770000063B0185A9BDA90F127700770077007700E68933
:2069A0000001761F03A6E2AF000CE27400087700770077000006761F03A42D39310A88AB22
:2069B000BDA60F12770077003B0185A9E68B0001BDA90F127700770077007700E6890000A7
:2069C00077007700E274004077007700770000063B0185A9BDA90F12770077007700E80189
:2069D000CC89E6890000E80D15A1E700000800061BA90FFF2DA856C9000428A90FFF36A9BB
:2069E0003B01FF4B0006B2BDE20304BDFE02D04B8F00D7008F410766D1117681076656217B
:2069F0000094D043564400A5761F03868F40E18056210094979DD04AD112564400A6979DA3
:206A000056210094D113D040564400A6979D56210094D114D049564400A6979D562100947B
:206A1000D115D041564400A6979D56210094D0168F010766564400A41B110FFF979556C94A
:206A2000000428110FFF1B120FFF56C9000428120FFF1B130FFF56C9000428130FFF1B148E
:206A30000FFF56C9000428140FFF1B150FFF56C9000428150FFF1B160FFF56C9000428167F
:206A40000FFFD0468F00D70028A8012C9294764A69D8761F03BED044963428A8012C929431
:206A5000764A69D8761F03C89308761F03BE96355302EC2C5303ED38D045929428A8149072
:206A6000764A69D8D0FB963828A803AA9294764A69D8761F03C89306761F03BE9637530366
:206A7000EC09D04F929428A807C1764A69D8963B6F022B3B761F035F923E28A80F5A764ACB
:206A800069D8761F03BE963A6F0FD045929428A81138764A69D8D0FB963828A802589294D3
:206A9000764A69D89637764AC8D25200BE00ED1E761F03C893085302EC105303ED3E761F41
:206AA00003AAE2AF0018761F03AAE2AF011A761F03AAE2AF02166F1D761F03AAE2AF001A2E
:206AB000761F03AAE2AF01166F22761F03C893085302EC155303ED21761F03AAE2AF003093
:206AC000761F03AAE2AF012C761F03AAE2AF021C761F035D920C764A67646F0E761F03AAE8
:206AD000E2AF002C761F03AAE2AF011C761F035D920C764A678D88A93B0185A6BDA90F1293
:206AE00077007700E801EF92761F03BEE6890004E80BDD9AE6CF0021E2AF003C764A10CBCD
:206AF000761F03BEE203003CE6880000E2AF013CE6890003BFA90F12E72000C87700E81199
:206B0000F800AD1456C5000DE2AF003CE88FE0007700E688000077007700BFA90F129B0A6F
:206B100000CAE17C9639764AC8BB5200ED1E761F03C892085202EC105203ED47761F03AABA
:206B2000E2AF0020761F03AAE2AF011E761F03AAE2AF02226F1D761F03AAE2AF001E761FA9
:206B300003AAE2AF01226F22761F03C892085202EC155203ED2A761F03AAE2AF0014761F1C
:206B400003AAE2AF012E761F03AAE2AF0226761F035D920D764A67646F0E761F03AAE2AF5E
:206B5000002E761F03AAE2AF0126761F035D920D764A678D3B0185A9BDA90F1277007700D6
:206B600077007700E6890004761F03BEE801EF92E2AF003EE6CF0021E80BDD9A764A10CB4A
:206B7000761F03BEE203003EE6880000E2AF013EE6890004BFA90F12E72001087700E811D2
:206B8000F800AD1456C5000DE2AF003EE88FE0007700E688000077007700BFA90F129B0AED
:206B900000CAE17C761F03C89308761F03BE53039636ED14761F03C892065203ED0FD04FE2
:206BA0008D40D7009291764ABA54764ACAA3D04E9291764ABA54764ACA2DFE82E2AF04BE7A
:206BB0008BBE00063B0185A9BDA90F12770077007700E801D819E6890000E8089379E700F4
:206BC000000800061EA692A48AA6EC105201EC0C5202EC085203EC0302000006D0C4069474
:206BD0000006D09C6FFDD0886FFB06E4000683A992A493C55201EC0351206F0318A8FFDF98
:206BE00097C500068AA992C4FFC4F00190010006520056C500099CFF88A992843CC5DD0128
:206BF000000EFFFD0006B2BDAABDA2BDFE088BA98652B2A9FF1800011EA64FC6EEFB8EC4A7
:206C0000768007FF06A62B410FA056C8000642E456BC00A6EF02BE019A009B931E463100A2
:206C100092A5520256C2000A5202EC225200EC275201EC21FFEF00C15203EC0D520456C027
:206C200000BC76C01200FF2F40002841000183E41E446F1DFF2F40001E4428ABFFFF28AAB0
:206C30001FFF76C010009A009BD31E466F0FB60002006F0B76C0010002006FEA76C00100FB
:206C4000FF2F4000284100011E4483E492A543A9EF0F92A6EC05A3D418AA1FFF6F0906D4A0
:206C500028AC00129B0018A907FF563BFF5AD328A0A99B0090280FA3ED031AAA8000D3188A
:206C6000A0A99B0090180FA3ED031AAA4000A0A99B009038FF58EC051AA710001A4500407E
:206C700092A6EC083AAC18AC1FFF1AACC000AB486F0B3AA928AC00129B0018A907FF563B61
:206C80001AA880001E489244C4F4CA4896449243CA47964306A693A7900FCBA980A893A5BA
:206C900049A8EE0493A7518080A893A540A8EF031AA7080041A8EF031AA704009341EC0A89
:206CA000D008B2A98A94FF14001183A992A6764A6BE81A45002006460EA81EA6B2A9FF1138
:206CB00000818AA9B2A9FF1200417EC48AA9A9A93FC40EA8FF5AB2A9FF1100838AA9B2A90E
:206CC000FF1300213FC48AA9934497C406440EA81EA6B2A9FF1100858AA9B2A9FF12004383
:206CD0007EC48AA992A290FF5AA9B2A97FC4FF1800018AA97AC4FE8882BE86BE8BBE0006E9
:206CE000520056C500099CFF88A9C6C5DD019684000EFFFD0006AABDA2BDFE0282A9C5A465
:206CF00092A5864AEC039B7F6F029B730EA81EA6A2A9FF1100918AA992A290FF5AA97EC454
:206D0000A2A9FF1500098AA97AC4A2A9FF1500098AA94FC4EEFBA2A9FF1200498AA906C461
:206D10001E42A2A9FF1300258AA9A2A987C4FF12004B8AA98EC43100A9A63AA99B0018A918
:206D200001008AA9FF58ED0692AC4DA9EE06A8A9EC0792AC4DA9EE040240BE40FF5AABA956
:206D3000560840008AA9ED0AABA928AC001256229B0018A907FF1EC76F0892AB18AC1FFFEC
:206D40005004ABC727A9A9A692A04EA9EF0692AB1AA9010027A9A9A692A04CA9EF35A8A974
:206D5000ED13064228AC001256229B0018A907FF83A98F0007FF1ED7A8A90FA5ED1292AB24
:206D600046A9EF0F6F12874228A9FFFF28A81FFF18AC1FFFABD70FACED0492AB46A9EE05F0
:206D700092AB500827A9A9A6064256088000EC0592AB502827A9A9A692414EA9EF0592AB69
:206D8000501827A9A9A692A04BA9EF0592AB500127A9A9A692A04AA9EE03C2E76F0592AB35
:206D9000500227A9A9E793A04FA8EF263AA99B00900F1EF792AB46A9EE0BA2A9FF1400132A
:206DA00083A992A0D0088A97900F764A6CE0A2A9FF1100918AA9A2A956BF04C4FF1500096D
:206DB0008AA97AC4A2A9FF1500098AA94FC4EEFB1AE700806F0302001EF7FE8282BE86BEAD
:206DC00000061EA7C44406A7FF1800018AA94FC4EEFB06A7FF1100818AA906A756BFA0C455
:206DD000FF1300218AA906A72BC4FF1100858AA992A690FF88A92BC406A7FF1800018AA9FA
:206DE0007EC400061EA68F448000A0A90FA6EC128F44A000A0A90FA6ED1992A4EC07520145
:206DF000ED1528A909089B67000628A909079B66000692A4EC075201ED0928A909069B655D
:206E0000000628A909059B640006020019010006AABD764A6DE286A9764AB7D7AAA9764A60
:206E1000B8E886BE00061EA692A48AA6EC075201EC0302000006D0B06F02D01006940006A0
:206E2000C5A4AABD5CA5764A6DE286A98AA7764AB7EDAAA9764AB88886BE00068AA9064494
:206E300098C499D40006C4448AA992A6FF5EC0C406A6FF5FC1D40006C4448AA98F408000F0
:206E4000A0A90FA6EC1CA8A9FF18000183A94FC5EEFBA8A9FF11008183A992A690FF88A994
:206E500056BF08C5A8A9FF18000183A97EC5A8A9FF18000183A94FC5EEFB000606E40006E0
:206E60008AA956BF01C41AC48000A8A9FF18000183A94FC5EEFBA8A9FF11008183A91AC429
:206E70000200A8A956BFB0C5FF13002183A9A8A92BC5FF11008583A9A8A9FF1200432BC52F
:206E800083A9A8A9FF1100872BC583A9A8A9FF1100912BC583A9A8A9FF13002556BFB0C5A2
:206E900083A9A8A9FF1100952BC583A9A8A9FF12004B2BC583A9A8A9FF1100972BC583A9C7
:206EA000BE0FB6012BC5A8A9FF18000183A94FC5EEFBA8A9FF18000183A97FC5A8A9FF158E
:206EB000000983A94FC5EEFB28AB000192AB94A727A9A8A9FF15000983A9DF023FC5000EE7
:206EC000FFE4A8A9FF11008183A9A8A956BF0CC5FF11009183A9BE0FB60156BF0CC5A8A902
:206ED000FF18000183A94FC5EEFBA8A9FF18000183A97FC5A8A9FF15000983A94FC5EEFBF1
:206EE00028AB000192AB94A727A9A8A9FF15000983A9DF023FC5000EFFE406E400068AA9E3
:206EF000D054BE000644899456B001A692A600068AA90644DC5098C400068AA90644FF5E69
:206F0000DC50C0C400068AA9B2BDC446D1587E9C8BBE00061EA6D008929693A9FFD7917F97
:206F100080A8CDA900FF88A8C3C4FFCEC2C500068AA918C4FFFE00068AA91AC40001000689
:206F200076221EA68F448000A0A90FA6EC0F8F44A000A0A90FA6ED14761F1748CCA40003D0
:206F3000CD0AFFCFFF83CAA86F0A761F1748CC0AFFF388A9560302A4900FCAA6960A761A04
:206F4000FF69000683A927C592AB504196C556030CCC08A9F00018A97FFF88A9560308C41B
:206F500080A908A7FF0018A70FFF06A6AFA71EA6560306D49CC090FF80A906A6AFA780DC12
:206F60001EA6DF8192A7903F80A906A6AFA71EA6D00C18ABFFBF7E95D00E40AB9795EF039F
:206F700018ABFFFE3FC5000683A9D00CC595290106A7FF4B90079C0196CC06A7FF47900F8C
:206F80009C0196C406A7FF4590039C0196D492A7903F88A906A7FF4918A903C0CAA69C01B0
:206F900096DC0006B2BDAABDA2BDFE04C450864EC5A68AA90200AAABF61F561700A7A9A7DC
:206FA000A9A50200AAABF61F561700A7B60006A60FAB56C70003B601A0A907A78EA98F4013
:206FB0003400A0A90FA056C800598F4034013AA9564100A5DD81B60DBE080EA73AAB1EACB0
:206FC0000200F61F561700AC2DAB36A782A91EAC3AA90FACED398F49DD5AA0A90DA71905E9
:206FD00083A92DC4A9440EC51E4292AC504196C48F4F00000644FF39FF0A00011E44A0A926
:206FE00088A99244CEA69644C1439244CA4296449243CA419643A9A91901903F88A99B00BC
:206FF000D10C9244CAA69644994306441E428842D00EC5A3AAAB7E9C9794020021C4F61F58
:20700000561700A76F0BDF81000EFFB90200DD81D80119010FA5EDB03100FE8482BEA9A9D3
:2070100086BE8BBE0006B2BDAABDFE027622761F03C89208520256C1019F520356C0036F7D
:20702000D0108F007400761F01D0069418A8FFF818A97FFF8F4074805101D0111E1076805D
:207030007500CC10FE00501E76C075809610CC94FE1F5050D0109611761F01D2069518A84B
:20704000FFF818A97FFFD01151011E10CC10FE00501E9610CC95FE1F5050D0109611761F71
:2070500001D4069618A8FFF818A97FFFD01151011E10CC10FE00501E9610CC96FE1F50504B
:20706000D0109611761F01D6069718A8FFF818A97FFFD01151011E10CC10FE00501E96103B
:20707000CC97FE1F5050D0129611761F01D0069418A8FFF81AA98000D0131E12CC12FE006E
:20708000501E9612CC94FE1F5050D0129613761F01D2069518A8FFF81AA98000D0131E1222
:20709000CC12FE00501E9612CC95FE1F50509613761F03C892065203ED14D0120696761FC6
:2070A00001D418A8FFF818A97FFFD01351021E12CC12FE00501E9612CC96FE1F50509613E5
:2070B0008F018000D01276807580A842A39693428D807500761F01D6CBAB18AAFFF98F47F7
:2070C000800097428D407400D01392418AA2CAAA964176C0748006421E12CC12FE00501EFD
:2070D0009612CC96FE1F5050D0149613761F01D0A0ABDC1A069118A8FFF818A97FFFD01533
:2070E00051021E14CC14FE00501E9614CC91FE1F5050D0189615069118A8FFF818A97FFFDB
:2070F000D01951011E18CC18FE00501E9618CC91FE0F5060D0189619761F01D2069718A89B
:20710000FFF818A97FFFD01951011E18CC18FE00501E9618CC97FE0F5060D0189619761F7E
:2071100001D4069218A8FFF818A97FFFD01951011E18CC18FE00501E9618CC92FE0F506072
:20712000D0189619761F01D6069618A8FFF818A97FFFD01951021E18CC18FE00501E96184A
:20713000CC96FE0F5060D01A9619761F01D0069118A8FFF81AA98000D01B1E1ACC1AFE0089
:20714000501E961ACC91FE0F5060D01A961B761F01D2069718A8FFF81AA98000D01B1E1A3A
:2071500093ABCC1AFE00501E961ACC97FE0F5060961B92AA99C498CC8F068000A8428AA7E1
:20716000761F01D4D01BDC1CCC1AFE00501E961ACC92FE0F5060D01A961B761F01D6069602
:2071700018A97FFF5107D01B1E1A9342CC1AFE00501E961ACC96FE0F5060D01C961B761F1D
:2071800017461A260001761F01D0A39118AAFFFECBABD01D97429241CAAA964106421E1C1C
:20719000CC1CFE00501E961CCC91FE0F5060961D18C47FFF18CCFFF88AA6761F01D2D01D52
:2071A000DC1CCC1CFE00501E961CCC97FE0F5060D01D961D761F01D618C47FFF18CCFFF870
:2071B000CC1CFE00501E961CCC96FE0F5060961DFFEF01D5D010768074008D40758006967B
:2071C000761F01D018A8FFF88AA118A97FFF76C074805101D0111E108D807500CC10FE0041
:2071D000501E9610DC10CC96FE1F5050D0109611761F01D2069718A8FFF818A97FFFD0111D
:2071E00051011E10CC10FE00501E9610CC97FE1F5050D0109611761F01D4069218A8FFF8C1
:2071F00018A97FFFD01151011E10CC10FE00501E9610CC92FE1F5050D0119611761F01D6E2
:2072000018C47FFF18CCFFF88F018000A8428AA1CC10FE00501E9610CC91FE1F5050D0122A
:20721000DC189611761F01D0069618A8FFF818A97FFF5102D0131E129342CC12FE00501E46
:207220009612CC96FE1F5050D0129613761F01D2A397CBAB18AAFFF99742D0139241CAAA27
:20723000964106421E12CC12FE00501E9612CC97FE1F5050D0129613761F01D4069218A890
:20724000FFF818A97FFFD01351021E12CC12FE00501E9612CC92FE1F5050D0129613761F65
:2072500001D6069118A8FFF81AA98000D0131E12CC12FE00501E9612CC91FE1F5050D018AF
:207260009613761F01D0069618A8FFF818A97FFFD01951011E18CC18FE00501E9618CC969C
:20727000FE0F5060D0189619761F01D2069718A8FFF818A97FFFD01951011E18CC18FE005C
:20728000501E9618CC97FE0F5060D0189619761F01D4069218A8FFF818A97FFFD0195101E8
:207290001E18CC18FE00501E9618CC92FE0F5060D0199619761F01D618C47FFF18CCFFF856
:2072A0008F018000A842CC18FE00501E9618CC91FE0F5060D01A9619761F01D0069618A861
:2072B000FFF818A97FFF5102D01B1E1A9342CC1AFE00501E961ACC96FE0F5060D01A961B81
:2072C000A39718AAFFF9CBAB97429241CAAA96410642A8428AA7761F01D2D01B8F47800041
:2072D000DC1C1E1ACC1AFE00501E961ACC97FE0F5060D01A961B761F01D4069218A8FFF8F8
:2072E00018A97FFFD01B51021E1ACC1AFE00501E961ACC92FE0F5060D01A961B761F01D6B5
:2072F000069118A8FFF81AA98000D01B1E1A9342CC1AFE00501E961ACC91FE0F5060D01CED
:20730000961B761F01D0A39618AAFFF9CBABD01D97429241CAAAA0AB964106421E1C93ABFE
:20731000CC1CFE00501E961CCC96FE0F5060D01D961D92AA761F01D299C498CC8F01800023
:20732000A8429342CC1CFE00501E961CCC97FE0F5060D01C961DA39218AAFFF9CBAB97428B
:207330009241CAAA96410642A8428AA7761F01D4D01DDC1E1E1C9342CC1CFE00501E961C56
:20734000CC92FE0F5060D01C961D761F01D6A39118AAFFF9CBABD01D97429241CAAA9641BF
:2073500006421E1CCC1CFE00501E961CCC91FE0F5060D01E961D761F01D0069618A97FFF99
:207360005107D01F1E1ECC1EFE00501E961ECC96FE0F5060D01F961F761F01D218C47FFFFB
:2073700018CCFFF8CC1EFE00501E961ECC97FE0F5060D01E961F761F01D6069118A8FFF89B
:2073800018A97FFFD01F51011E1ECC1EFE00501E961ECC91FE0F5060961FD0A48F00400015
:20739000761F010228AB700076C0700076807000CC94F9FF28A870001AA90100D0A696246A
:2073A000F4AB743FF4A774BFF4A6753FF4A875BFCC248FFF1AA9200096241A2408001A24F0
:2073B0008000CC94FDFF1AA901008F0075BF9626CC26DFFF1AA91000761F03BFA83E761F29
:2073C00001029626761AFF69764AAD9B7622761F174C1A230004761A7622D0438F007400DF
:2073D000761F01D32B942B03D04B761F01D52B03761F01D72B03761F01D32B942B0B761F05
:2073E00001D52B0B761F01D72B0B761A7622761F03C892085202EC075203ED0DCCFCFFF06F
:2073F00050026F06761F01D0CC07FFF05001761F01D09607761F01D01A0700408F00800064
:207400001A070020761F0035A800761F00331A220001761AFF69FE8286BE8BBE0006762211
:20741000761F01D0CC01FFF0500696011801FFBF768013871801FF7F1A0000041A00008097
:20742000761F01D2CC01FFF0500696011801FFBF1801FF7F1A0000041A000080761F01D4AB
:20743000CC01FFF0500696011801FFBF1801FF7F1A0000041A000080761F01D6CC01FFF045
:20744000500696011801FFBF1801FF7F1A0000041A000080F6FF7700000EFFFE761AFF69AA
:207450000006FE105CADDC905DA45CADBE0EDC8F5CA49B0F76C9DC48F60F2485DC0F548CCC
:2074600056C700059DFF000EFFFCFE90CCA8000F0006FE021EA65CAD290192A68F49C4A4BF
:2074700090FFDC8096425CA406A6FF47BE0190FF96419A42708C58A99295000EFFFDFE8298
:207480000006B2BDFE0480A9761F038E92008BA65201ED047680E4406F037680E3C05300A7
:20749000EC0E2901560302A407A68AA928AC001292CC901F0EA9563B51806F0C29015603CF
:2074A00002A407A68AA928AC001292C4901F0EA9563B1EA6CCA503FF560308A9FF5AC24275
:2074B0009AFF28A8FFFCCE42CF41CAABCBAAFF5AFF47764A746990FF88A95CA7A9A918A93C
:2074C000FF00AFA61E42764A9A425CAD1E44DC8480A4B2A9EC03F6012481FE848BBE0006B6
:2074D000B2BDAABDFE02761F038E5AA99200D503BE00520156B113A156B010A19B005CA118
:2074E00092A2764A74818F00031EA8A97640AE9F5CADD5039B00DC8292A288A45CA1764AA8
:2074F000748106422901FF47FE82CCA903FF86BE8BBE0006B2BDAABDFE02761F038E5AA946
:207500009200D500BE00520156B10EA156B00CA19B005CA192A2764A74818F00031EA8A908
:207510007640AE9F5CADD5009B00DC8292A288A45CA1764A748106422901FF47FE82CCA9C2
:2075200003FF86BE8BBE0006B2BDAABDFE02761F038E5AA99200D500BE00520156B10BA18C
:2075300056B00AA19B005CA192A2764A74818F00031EA8A97640AE9F5CADD5009B00DC822E
:2075400092A288A45CA1764A748106422901FF47FE82CCA903FF86BE8BBE0006B2BDAABD01
:20755000FE02761F038E5AA99200D500BE00520156B10BA156B00AA19B005CA192A2764A8A
:2075600074818F00031EA8A97640AE9F5CADD5009B00DC8292A288A45CA1764A74810642E1
:207570002901FF47FE82CCA903FF86BE8BBE000680A85DA49B01BE005CA7764A74810006C0
:20758000B2BDAABD764A9A79761F039A880E8F00936EA8A90FA6EC0D880E8F009370A8A972
:207590000FA6EC07880E8F009371A8A90FA6ED0A761F038E8F3D08FE56BF0100A8A97640F8
:2075A000AE9F761F039A920E764A2003761F038E93005301EC15524B56C8000D9CCEBE19B2
:2075B0000EA9F60F1FA69CFF5AA9520F56B60FA26F02D200560306A250065AA96F06764AAC
:2075C0007451560306A998A2D101761F038E9200520156C000BB8F00031EA8A97640AE9FF2
:2075D000D4249B0192A1764A75788F00031EA8A97640AE9FD4F49B0092A1764A75788F0051
:2075E000031EA8A97640AE9F9B0292A18F0002DB764A75788F00031EA8A97640AE9F9B038B
:2075F00092A18F000314764A75788F00031EA8A97640AE9FD4249B0492A1764A75788F00EB
:20760000031EA8A97640AE9F9B0592A18F00026E764A75788F00031EA8A97640AE9F9B06D1
:2076100092A15CA2764A75788F00031EA8A97640AE9F761F039A880E8F009370A8A90FA618
:20762000EC048F0001BF6F02D4BF9B0792A1764A75788F00031EA8A97640AE9FD40A9B0800
:2076300092A1764A75788F00031EA8A97640AE9F9B09D40092A1764A75788F00031EA8A9FD
:207640007640AE9F9B0AD40092A1764A75788F00031EA8A97640AE9F9B0C92A18F00010060
:20765000764A75788F00031EA8A97640AE9FD4229B0F92A1764A75788F00031EA8A9764032
:20766000AE9F9B1292A18F000300764A75788F00031EA8A97640AE9FD4209B0192A1764A17
:2076700075788F00031EA8A97640AE9F9B0B92A18F0003FF764A75788F00031EA8A976403B
:20768000AE9F9B0EFFEF00998F00031EA8A97640AE9FD4049B0192A1764A75788F00031E65
:20769000A8A97640AE9FD4F49B0092A1764A75788F00031EA8A97640AE9F9B0292A18F00E0
:2076A00002DB764A75788F00031EA8A97640AE9FD4D49B0392A1764A75788F00031EA8A915
:2076B0007640AE9FD4249B0492A1764A75788F00031EA8A97640AE9F9B0592A18F00020BCD
:2076C000764A75788F00031EA8A97640AE9F9B0692A15CA2764A75788F00031EA8A97640C3
:2076D000AE9F9B0792A18F00023F764A75788F00031EA8A97640AE9F9B08D40092A1764A8D
:2076E00075788F00031EA8A97640AE9F9B09D40092A1764A75788F00031EA8A97640AE9F3D
:2076F0009B0B92A18F000100764A75788F00031EA8A97640AE9FD4229B0D92A1764A7578E2
:207700008F00031EA8A97640AE9F9B01D40092A1764A75788F00031EA8A97640AE9F9B0A6C
:2077100092A18F0003FF764A75788F00031EA8A97640AE9F9B0C92A18F0003FF764A7578CC
:20772000D90192A1520756C8FEA286BE8BBE0006B2BDAABDFE02761F038E5DAD59A99200F8
:207730005201DD8256B10EA456B00CA488A59B00D50092A1764A74818D80E3819A09290155
:207740002DA18F00031E36A9560100A20642FF4718A903FF96C2A8A97640AE9F88AD761F0C
:20775000038E9200DE8288A6520156B113A456B010A4520156B104A556B000A59B0092A121
:20776000764A748129018F00031E0642FF4718A903FF96CAA8A97640AE9F88AD761F038E1A
:207770009200DE8288A6520156B113A456B010A4520156B105A556B003A59B0092A1764ACE
:20778000748129018F00031E0642FF4718A903FF96DAA8A97640AE9F88AD761F038E920018
:20779000DE8288A6520156B113A456B010A4520156B100A556B002A59B0092A1764A748151
:2077A00029010642FF479B0018A903FF1EA7761F038E1EA692007FE25201ED1CBDA70F1230
:2077B000770077007700E801F809E68B0000E8094CB9E70000087700E8D0EE807700E850C8
:2077C000B2007700E68E000077007700BFA90F126F062DA628A9927C31329EAB8F00031E12
:2077D00096F2A8A97640AE9F5DAD761F038E9200DD82520188A556B10BA456B00AA4D500DD
:2077E0009B0092A1764A74812901761F038E0642FF4718A903FF930096D22DD25301ED1713
:2077F0000EACBDA90F12770077007700E80201D9E68B0000E80D7DC1E70000087700E68E91
:20780000000077007700BFA90F126F03353DFFC32DA9D0089E9288A9B600D00821FA56033A
:207810000492D00894A6FFC393A656B201A7FE8294A7969286BE8BBE0006B2BDAABDFE02B9
:20782000761F038E5AA99200D503BE00520156B113A156B010A19B005CA192A2764A7481B1
:207830008F00031EA8A97640AE9F5CADD5039B00DC8292A288A45CA1764A748129010642D6
:20784000FF472DA9FE8218AC03FF28A9927C313286BE9EAB8BBE000693A99A407640AE2806
:20785000000693A99A397640AE2800065200EC0428A903E86F0328A901F48F005080E802F2
:207860001240764AC8340006761F03C2970396040006FE02E6CF0001761F03C2E801E91A64
:20787000E2AF0008E80EB852764A3BC0761F03C29204E2030008ED0CE8120840AD1456C2B3
:207880000012E8120800AD1456C400056F139203ED09761F01FC1A150400761F03C22B029B
:207890006F09761F01FC1A130400761F03C256BF01029202FE820006761F039A800E88A920
:2078A0008F0093A7A8A90FA7EC13800E8F009374A8A90FA7EC0D92A6ED06761F01FC1A0CF2
:2078B00020000006761F01FC1A0A2000000692A6ED06761F01FC1A0500010006761F01FC41
:2078C0001A0300010006762276C07C00C4A7D04583A78AA7761F01F1DE49DD63DC4B18C66C
:2078D000F3FF18C5F3FF18C4DFFFCC97FBFF1AA9080096051809CFFF1823CFFF180BBFFF81
:2078E000CC05EFFF1AA92000960518093FFF18233FFF180B7FFFCC053FFF1AA980009605E5
:2078F000761AFF699A3D764ADEE29A3E764ADEDB9A3F764ADED48F005000764AC7648F0034
:207900005020764AC7648F005040764AC764000676228F007C00A8A9098983A9A8A9098B65
:207910008AA918C5FFCF761F01FC1AC404001A130400761AFF69000676228F007C00A8A9E2
:20792000098683A9A8A9098A8AA9761F01FC1A14000118C5FFFC1AC40001761AFF690006FF
:20793000761F039A880E8F0093A7A8A90FA6EC16880E8F009374A8A90FA6EC1076228F0049
:207940007C0083A4761F01FCDC4ADD4718C5F3FF1AC420001A0C20006F0F76228F007C0074
:2079500083A4761F01FCDC0BDD0818C5FFFC1AC400011A050001761AFF6900067622761F90
:2079600001E41A2A00041A2A0008761F01021A190080761F01061A190080761F010A1A1921
:207970000080761AFF690006762276807C0083A68AA6D043761F039ADD47DC4A18C5FCFFAF
:2079800018C4EFFFCC96FEFF8F0093A71AA90200880E761F01F19603761F01E4A8A956BF9A
:207990002C020FA6EC19761F039A880E8F009374A8A90FA6EC11761F01F11807CFFF180AF8
:2079A000BFFFCC03EFFF1AA920009603761F01E456BF2E036F1776807C0083A68AA6D043AC
:2079B000761F01F1DD47DC4A18C5F3FF18C4DFFFCC96FBFF1AA908009603761F01E456BF0E
:2079C0002D038F007A00761F01E8CCE4F7FF8F44E1FE1AA90400FF699604DC22CC043FFFC3
:2079D0001AA9400096041AC40020A0A91A2200807640AE9FD0C08F004000761F0103CC949C
:2079E000F0FF1AA90400D0829600761F0102CC94FE3F50809602A8A9761F010309C483A969
:2079F000D0C0A8A9098018C5FFFE1EA61A0400028F404100761F01071AC68000CC95F0FFF2
:207A00001AA90400D0829600761F0106CC95FE3F5080D0C09602A0A9761F010709C41EA60E
:207A1000A0A909801EA718C6FFFE768042001A040002761F010B1AC78000CC96F0FF1AA976
:207A20000400D0829600761F010ACC96FE3F5080960206A609C41EA7761F010B06A609809F
:207A300018C7FFFE1EA7D0841A040002761F01021AC78000CC94FEFF1AA90200D084960418
:207A4000761F0106CC95FEFF1AA90200D0849604761F010ACC96FEFF1AA902009604761A8B
:207A5000FF698F04E1FEA8A97640AE9F764A795E000676228F007C00A8A909861EA7A8A9B2
:207A600018C7FFCF09A01EA6A8A9098A83A918C6FFCFD082761F01F218C5FFFBCC94FFEF31
:207A700050209602761AFF699A42764ADEBF8F0050A0764AC764000676228F007C0083A483
:207A8000761F01FCDC4BDD4918C5FFF31AC402001A0D0200761AFF690006761F039A880E69
:207A90008F0093A7A8A90FA6EC21880E8F009374A8A90FA6EC1B762276C07C00C4A7D043F9
:207AA00083A78AA7761F01F1DE47DD61DC4A18C63FFF18C53FFF18C47FFFCC973FFF1AA966
:207AB00080009603761A9A2F6F18762276C07C00C4A783A78AA7761F01F0DE08DD22DC0B5B
:207AC00018C6FFCF18C5FFCF18C4FFFBCCE7FFEF50209604761A9A12FF69764ADECD8F0030
:207AD0005060764AC7640006761F039A880E8F0093A7A8A90FA6EC18880E8F009374A8A9DD
:207AE0000FA6EC1276228F007A8083A4761F01F1DC26DD0D1AC500031AC40100CC08FFF78D
:207AF000500496086F0F76228F007A8083A4761F01F0DC2EDD1D1AC500031AC401001A0851
:207B0000000C761A8F005080FF69764AC7BE9A00764A78560006761F03C22B012B00764A1E
:207B1000791C764A7930764A78C3764A7A8D764A7AD4764A7A59764A7908764A7A7C0006F7
:207B2000761F03C292000006FE028F0050A0764AC821E8121640AD1456C50003E590761FF2
:207B300003A4E850BC00E2C4012177007700E274004177007700761F03A4E2C4032DE85114
:207B40001E8977007700E27400C877007700FE820006FE02E8121F08BE01AD1456C5000D35
:207B5000E8022049E80C0001E6940008AD1456B400A756C40015E8122308AD1456C5000D9C
:207B6000E8022449E80C0001E6940008AD1456B401A756C40005761F03C28006761F03C26B
:207B70000EA72BAA27060FABED0C93059D031BA803E8970556C80008BE00280503E86F039B
:207B80007F062B05FE8292A60006FE029A01E8121F08AD1456C5000BE8022049E80C000187
:207B9000E6940008AD1456C40011E8122308AD1456C5000BE8022449E80C0001E69400088D
:207BA000AD1456C400039A00761F03C21B05019056B600A9FE820006B2BDFE1A8D40506003
:207BB0008AA1764AC821E8511E80764A7B495200ED0792005204EC042B002B016F40764AA2
:207BC0007B855200EC3C8AA1764AC7DD5CAD5DADBE0B76C9DBA4DC9ADD9A5CA45DA59B0078
:207BD0009A00F6172484E2AF01C5E6940008AD1456C50007DD029D01000EFFF76F0292A85E
:207BE000761F03C25206960056C2000E5206EC1293A99DFF530156C900115203EC0B5204C3
:207BF000EC0C6FCC93A99DF9530156C90007520AEDC556BF02016F0356BF0101FE9A8BBE66
:207C000000069A01761F01024715EE0A761F01064715EE06761F010A471556BC00A900062E
:207C1000761BFFF00005ABBDAABDA2BDA8BDA0BDC2BDC3BDE20000BDE20300BDE20301BDFC
:207C2000E20302BDE20303BDE20304BDE20305BDE20306BDE20307BDE6300600FE08FF69D3
:207C3000294256162910761F0030C4000201761F0380C236761F038356010030761F003021
:207C40004F0CEF1E761F037F0A359235761F00309CFF1A0C8000526456C800130201761F1A
:207C500003C75601001E761F03BC9223EC060201761F03C756010020761F037F2B35022860
:207C6000761F03830F3056C6000D761F037F9211ED08FF69764A09F6761F037F56BF01116D
:207C7000761F039A880E8F0093A5A8A90FA6EC48761F03C892065201ED43761F037F9231D6
:207C8000ED3F761F03C0921DEC24761F037F9211EC37FF69764A86EF761F03939206764AA4
:207C900086D8761F0393E2C80006764A3988761F0393E2C80006764A3983761F0393E2C8EE
:207CA0000006764A397E761F037F56BF01316F18761F03C8E80630E0FF691A0E0001E80982
:207CB000E000764A3988E80630E0E809E000764A3983E80630E0E809E000764A397EFF695A
:207CC000764A10D6764A0D7D764A0A2A764AD7A47649DDE7764A69E3764A3BDF764A469482
:207CD000764AE0F9764AB051764A5DF4761F03C1E203000A764A5DE5761F03C1E69500000B
:207CE000E203000E764A812C761F03A4473BEF0E761F03BFE2AF0014E8AFC0007700E84F68
:207CF000C000761F03A5E2030006764ACBE1761F03BF923BEC41764ACF7F764ADA07764A60
:207D0000D862764ACDE1761F03C09217EC05761F03C19219ED15761F03C192185201ED235D
:207D1000761F03C19215764A6981761F03C1E203001A764ADF70761F03C12B186F14761F8E
:207D200003C19218ED10761F03C19219764A6981761F03C1E203001A764ADF70761F03C16A
:207D300056BF0118764AE216764AD04A761F03C1E20300206F0A764ABBB78F00F01D764A0E
:207D4000E30A761F03C0961D764AD5FD764AD2B55200EC0E761F03C39A00930A761F038359
:207D50005300E2AF000056B001A9764AD2D7764A8AD6764ADF15764A097E761F03C8920801
:207D60005203ED2F764AC0EE5200EC03764A9E37761F037F922C5206ED022B2C761F03C87B
:207D70009206761F037F0A2C5200ED16922C764A772828AC0009761F037F8F00E389302C51
:207D8000560100A41BC4096056C9000C761F03C31A1B04006F065201ED04922C764A89E839
:207D9000764A9B5F761F0384E2AF0122761F037F9204761F0384E6950009E2AF0010764A9B
:207DA000986CD101761F0385E2AF0008761F03969620E5A0AD1456C3000F761F0384E801E0
:207DB000EE60E2AF010CE80E6668E6940001AD1456B300A1764A3B43761F0396922193A1CA
:207DC000E6CF0002761F0384E2AF0122E2AF0010764A5D4E761F03969B00922ABFA20F1209
:207DD000761F0377520056B101A89200761F03779701EC41761F0382C412061C761F0384EE
:207DE000E2AF0014761F0382E2AF010AC242761F036DE2AF02261E44761F036DE2AF032447
:207DF000764A3128761F0381C50AE2030042761F0382C430761F0385C3440602761F037FFA
:207E0000C2461E489212761F0381E2AF0116E2AF020C761F0384E2AF030C761F0380E2AF8B
:207E1000003C761F03779301764A308D761F0377E203000A764AB772761F0377E6CF000447
:207E20009200EC06761F037792015201ED36761F0384E2AF0022764A980988A9761F037F2E
:207E30000E120FA6EC07761F03969221764A59EE6F04BDA20F127700764AA0179A00BFA2A6
:207E40000F12764AB663BDA20F16E801EE0FE80827E7761F0381E2AF0614E7200189E2AFDA
:207E50000306E7518079E2AF0514E7429220E2AF0206E01401146F2C761F0385E2AF000266
:207E6000764A980988A9761F037F0E120FA6EC07761F03969221764A59EE6F05761F037726
:207E7000E2AF000A764AA0179A01BFA20F12764AB663761F0381E2AF0206E720008077003A
:207E8000E7000020E2AF0106E7100040AA14E2030006E2AF0014E2AF0106E6970008E203BC
:207E900000087640AD65761F037F1822FFFE764A5925761F037F90011809BFFF9822764A75
:207EA000A00B761F037F90011822FFFBFF8D9809764AB6BD761F039656BF0127560302A96C
:207EB000761F037F900798227640A371764A629E761F037F4909EE1A761F03BC8636764A7F
:207EC0005DF4BFA30F12764A5DE5BDA20F16BDA30F1A770077007700761F03BCE697001178
:207ED000E6960001E20301346F17761F03BCE2AF0036761F03C1E2AF0110761F03C1E2AF75
:207EE0000212E6AF0009761F03BCE6970010E6960008E2030034764A9C26761F0383E2AF24
:207EF0000000764AC391761F03BDE2030014761F03B0E2AF0014764ACD43761F0387920F93
:207F0000761F03B05201E203002CED03764A1237761F03A4923D5201ED45761F03A44D3B68
:207F1000EE2B7649F83B7649DDB4761F0382E2AF0430761F03A4413EEF1A7649DDDA761F48
:207F20000383E6CF0002E2AF0000761F0382E2AF0130E6950000764AD3A5E6CF0020764A4F
:207F3000D41FE6CF0002E71000A47700E6CF00207649F8AB6F17761F03B7E2AF0008761F3B
:207F40000383E2AF0138E6950000E7000008761F03A5E6AF0000E8300000E825F400E20397
:207F50000004764AD8E2764AC941761F03C892085203ED06761F03C79227764AA710764A38
:207F6000E2DF7640A8E5764ABEBC761F03C892085203ED1A761F03C892065203ED15761F89
:207F7000039A880E8F0093A4A8A90FA6EC0D761F03BEE801E118E2C40138E80EB850E700FD
:207F80000040764A7869761F03C2920AEC03764ADBF5761F03800636761F00300300761FDA
:207F900003821EA61E2628A9FFFF28A87FFF0FA656C700061C26FFFF1C27FFFF8F0927C04F
:207FA000A8A90F2656C70005761F037F0A26761F038206200F2656C7000406261E20FE884C
:207FB000E2AF07BEE2AF06BEE2AF05BEE2AF04BEE2AF03BEE2AF02BEE2AF01BEE2AF00BE1D
:207FC000E28000BEC5BEC4BE83BE8ABE82BE86BE87BE0003FFF176177602761F038756BFFE
:207FD000A00356BF010056BF010156BFFA062804FFFF2805FFFF2B0C2B1856BF0115281674
:207FE000014D2B1B2B1A56BF8A142B0F2B1C2B222B2356BF0A2A56BF642B2B2956BF052856
:207FF00056BF03270006761F03872B2656BF01102B092B1D2B1F2B212B0A2B072B0D2B17A3
:208000002B0B2B022B0E2B122B130200BE00761F03C72B29761F03872B192B1E1E2CC22EF0
:20801000764A7FCD764A62A50006FE020220768480008F00E200D5021E4206A6764A6BF369
:20802000021FD502768480008F00E20A1E4206A6764A6BF3761F0387921CEC150219768446
:2080300080008F00E228D5021E4206A6764A6BF3021AD502768480008F00E2141E4206A618
:20804000764A6BF3761F0387920F5201ED0B0218768480008F00E24AD5021E4206A6764A05
:208050006BF3761F0387400556BC0120EF022B20FE820006761F037F9214761F03879E07D8
:208060001BA903E856C8001A02015601002C8F00FFFFA32E0200F61F5617002CA8A90FAB7A
:2080700056C800043F0A6F03280AFFFF761F037F9214761F038796070006FE028F44800011
:20808000D401A0A9764A6BC2FF58ED50761F038792245201ED0C021E768480008F00E25EB7
:20809000D5001E422B2406A6764A6BF3761F038792205201ED03764A49E9761F037F9214BF
:2080A000761F03879E21520A56C8000A761F037F9214761F03879621764A4DB4761F037FF3
:2080B0009214761F03879E1D542A56C8000C922AEC09761F037F9214761F0387961D764A88
:2080C0004C49761F037F9214761F03879E1F542B56C80012922BEC0F761F037F9214761FB9
:2080D0000387961F764A4C2A6F060201761F03875601002E764A805AFE820006761F037FC8
:2080E0009214761F03879E0D520A56C8000A764A3864761F037F9214761F0387960D761F1C
:2080F00003BF923B5201EC24764ABBEB8F00F020764AE30A761F0387931B761F03C0530153
:208100009620ED145200ED12761F03BC92235201ED0D761F03C192275203EC08761F03BC52
:208110002B23761F038756BF0110764A66AB761F0387921A5201ED03764A64E7761F0387B3
:20812000920F5201ED03764A650E761F0387921CEC03764A65560006761F03879226ED2205
:20813000761F037F93149214761F038756BF01262B1D2B1F2B212B172B112B25761F03C06C
:2081400056BF032256BF0321761F03879707960D764ABBEB761F03C052009620ED072B2146
:208150000006764A807D764A80DE0006761F0387AABD28AA07DFCC1C000728AB07E78F00AB
:2081600007DFB608A2BDD200D000BE0872AAD500761F038872AB5BAA02082BAAA828AA2ADE
:20817000C32E3A16C21AA0201E24A214A91E82BE86BE000676228F007C00A8A909A11EA667
:20818000A8A9098783A9A8A9098A8AA918C63FFF18C53FFF1AC48000761AFF690006762290
:208190008F007C00A8A909A21EA6A8A9098883A9A8A9098B8AA918C6FFFC18C5FFFC1AC44F
:2081A0000001761AFF690006761F01FC1A1480000006761F01FC1A1280000006761F038717
:2081B0009200ED04764A81A40006764A81A90006761F03879218AABD5201EC14920C5201DD
:2081C000EC081B0307C056C9000B280307C06F071B03FFC056C900042803FFC0D2002BACA1
:2081D0006F0B920352C028AC000856B6C00328A80CFF9A0186A95C038F40E280BE16D000EA
:2081E00028AB00082BAA761F0387920C5201EC039218EC031AE5000492A4FF663AD580A961
:2081F000A9F5DC01AAA9AFA71EC5DD0A000EFFED920C5201EC039218EC05761F03881A04CE
:208200000004761F03878803DE2092A6FF6688A9761F0388B600AAA9AFA61E00BE08761FED
:208210000387920C761F03885201C302C206EC05761F03879218EC09761F03881A0E00042B
:20822000761F03891A220004761F03878803DE2192A6FF6688A9761F0388AAA9AFA61E0A76
:20823000761F038788038F00E1F0D500DE22761F038992A6FF6688A9B6083100AAA9AFA6C9
:208240001E1E761F0387BE08921A761F0389A826761F03885201A00CC310761F0389A92086
:20825000C224ED138F4001D78F0001D5A0140208761F0388B600A832761F0389A916C21AF2
:20826000761F03881E38C334761F0387921CEC03764A8156761F0387920F5201ED13920C8D
:208270005201EC039218EC05761F03891A0E00048F000202761F0389BE000208A80A1E1068
:20828000C20C761F03879222EC21920C5201EC039218EC0E9218761F03891A04000452006D
:20829000EC07761F0387922252FF56B6FF22761F038792223100B608FF66761F038988A911
:2082A000AAA9A902C306AFA61E0086BE0006FE0476228F007C00C4A483A4761F01F0D009A7
:2082B000DE0DDD2318C6BFFF180D7FFF18C5CFFFCC94DFFF1AA9100096091AEC30001823B8
:2082C0003FFFCC093FFF1AA940009609761F03C893085302EC255303ED3A83A4761F01F11F
:2082D000D060DD4C18C5FF7F180CFFBFCC943FFF1AA94000D0469620CC943FFF1AA98000AA
:2082E000DC4296061AC4C000CC20DFFF1AA910009620CC06EFFF1AA9200096066F1876C0D7
:2082F0007C00C4A783A7761F01F0DC08DE0DDD2218C6FFDF180DFFEF18C5F3FF1AC40C0081
:208300001AE70C001822FCFF1A080300761A5302ED08FF69764A817A764A818F764A81AE3A
:208310008F048000FF69A8A9764A6E60D4008F448000A0A9764A6F2028A9C20028A80BEBDB
:2083200028AC03E8761F03878F0480001E4230061E44A8A9764A6F92764A81B8764A8015F4
:208330008F048000A8A9764A6F18FE840006761F01FC1A1500010006527D88A9EC0F52FAEB
:20834000EC0D80A68F0001F4A8A90FA7EC0780A68F0003E8A8A90FA7ED0392A60006761F16
:20835000038792060006761F01FC1A130001000676225301EC245302EC195304EC0E53081D
:20836000EC039A006F2829018F40EB0C560301A9560100A502406F1B29018F40EB0C5603D9
:2083700001A9560100A502306F1229018F40EB0C560301A9560100A502206F0929018F4012
:20838000EB0C560301A9560100A5021007C58AA992C4FFC4761AFF69000629018F00EB0C0F
:20839000560301A9560100A48AC406C40006762229018F00EB0C560301A9560100A48AC41D
:2083A0001AE42000761AFF690006762229018F00EB0C560301A9560100A48AC41AF40800F7
:2083B000761AFF690006762229018F00EB0C560301A9560100A48AC418E4DFFF761AFF6949
:2083C000000688A9B2BD92A8804627457622520156C100815202EC565204EC2C520856C094
:2083D00000A62901560301A67680EB0C560100A6CCA40001C4C6D045FF84D145CD96FFDFE9
:2083E000CAA8D045969ECCA50001FF85D145CD96FFBFCAA8D045CDAB0001FF98969ED145B4
:2083F000CC96FDFFD041CBA9979ECD96FDFFD0416F782901560301A67680EB0C560100A6EA
:20840000CCA40001C4C6D035FF84D135CD96FFDFCAA8D035969ECCA50001FF85D135CD9688
:20841000FFBFCAA8D035CDAB0001FF98969ED135CC96FDFFD031CBA9979ECD96FDFFD03165
:208420006F502901560301A67680EB0C560100A6CCA40001C4C6D025FF84D125CD96FFDFBF
:20843000CAA8D025969ECCA50001FF85D125CD96FFBFCAA8D025CDAB0001FF98969ED125E3
:20844000CC96FDFFD021CBA9979ECD96FDFFD0216F282901560301A67680EB0C560100A629
:20845000CCA40001C4C6D015FF84D115CD96FFDFCAA8D015969ECCA50001FF85D115CD96B8
:20846000FFBFCAA8D015CDAB0001FF98969ED115CC96FDFFD011CBA9979ECD96FDFFD01195
:20847000CCA70001FF88CAA89696761A8BBEFF69000676225301EC2E5302EC1F5304EC1053
:208480005308ED3829018F40EB0C560301A9560100A583C5D040CD95FFFCD0406F272901E8
:208490008F40EB0C560301A9560100A583C5D030CD95FFFCD0306F1A29018F40EB0C560390
:2084A00001A9560100A583C5D020CD95FFFCD0206F0D29018F40EB0C560301A9560100A526
:2084B00083C5D010CD95FFFCD010CCA40003CAA89695761AFF690006B2BD27A8804576229E
:2084C00029017680EB0C560301A9560100A6CCAB0001C4C6D011FF8BD111CD96EFFFCAA873
:2084D000D021969ECCA40001D121FF8BCD96EFFFCAA8D031CDA50001FF9B969ED131CC9611
:2084E000EFFFCBA9D041CCA70001FF8B979ECD96EFFFD041CAA89696761AFF698BBE00068F
:2084F000B2BD2DA488A92F4780462745762292A8520156C100B65202EC7A5204EC3F5208CC
:2085000056C000EC2901560301A67680EB0C560100A6CDAC00018AC6D041FF97D141CC9462
:20851000FEFFCBA9D041CCA50003FF89979CCD94F3FFD041CAA81BAB0100969456C90007AD
:2085200083A4DD4118C5FF006F07D04192AB9394D0413CA89794D04292A7CD94FBFF9001D8
:20853000D042FF89CAA8969492A756C000B7D042CC9407FFD042FFEF00AC2901560301A6A1
:208540007680EB0C560100A6CDAC00018AC6D031FF97D131CC94FEFFCBA9D031CCA5000388
:20855000FF89979CCD94F3FFD031CAA81BAB0100969456C9000783A4DD3118C5FF006F07EC
:20856000D03192AB9394D0313CA89794D03292A7CD94FBFF9001D032FF89CAA8969492A700
:20857000ED7CD032CC9407FFD0326F722901560301A67680EB0C560100A6CDAC00018AC659
:20858000D021FF97D121CC94FEFFCBA9D021CCA50003FF89979CCD94F3FFD021CAA81BABF5
:208590000100969456C9000783A4DD2118C5FF006F07D02192AB9394D0213CA89794D022BC
:2085A00092A7CD94FBFF9001D022FF89CAA8969492A7ED43D022CC9407FFD0226F392901FB
:2085B000560301A67680EB0C560100A6CDAC00018AC6D011FF97D111CC94FEFFCBA9D011EC
:2085C000CCA50003FF89979CCD94F3FFD011CAA81BAB0100969456C9000783A4DD1118C5BD
:2085D000FF006F07D01192AB9394D0113CA89794D01292A7CD94FBFF9001D012FF89CAA8FE
:2085E000969492A7ED0AD012CC9407FFD01288A956030BAACAA69694761A8BBEFF690006D7
:2085F000B2BD804627457622530156C100945302EC635304EC33530856C000BE29017680CA
:20860000EB0C560301A9560100A6C4C6CCA40003D045FF86CD96FE7FD045CAA8969692A502
:20861000522056C900078AA6DC4518C4FFE06F08D045901FCD96FFE0D045CAA89696D04363
:20862000CCAB7FFFCD968000D143D044CAA8969ECD968000D044FFEF008B29017680EB0C0D
:20863000560301A9560100A6C4C6CCA40003D035FF86CD96FE7FD035CAA8969692A5522077
:2086400056C900078AA6DC3518C4FFE06F08D035901FCD96FFE0D035CAA89696D033CCAB6E
:208650007FFFCD968000D133D034CAA8969ECD968000D0346F5C29017680EB0C560301A92F
:20866000560100A6C4C6CCA40003D025FF86CD96FE7FD025CAA8969692A5522056C9000744
:208670008AA6DC2518C4FFE06F08D025901FCD96FFE0D025CAA89696D023CCAB7FFFCD96C3
:208680008000D123D024CAA8969ECD968000D0246F2E29017680EB0C560301A9560100A641
:20869000C4C6CCA40003D015FF86CD96FE7FD015CAA8969692A5522056C900078AA6DC1510
:2086A00018C4FFE06F08D015901FCD96FFE0D015CAA89696D013CCAB7FFFCD968000D11390
:2086B000D014CAA8969ECD968000D014CCA77FFFCAA89696761A8BBEFF6900061EA6290195
:2086C000560301A48F00EB0C560100A48AC4C2D40006762229018F00EB0C560301A956018F
:2086D00000A48AC418F4F7FF761AFF69000600002DA9BE05350A8F00EA0C93A9B50E00A696
:2086E000D00892A876C007D09E94D009567400A776FFF830567200A79694DC0C0006B2BD4C
:2086F0008D407F008AA1761F01FCDC041AC400011A0400021A0400041A0400081A0400100C
:208700001A04002076228F007C0083A4761F01F0DC0ADD0618C5FFFC1806FFF31806FFCF2E
:208710001806FF3F1806FCFF1806F3FF1AC400011A0A00021A0A00041A0A00081A0A001037
:208720001A0A0020761A8AA1DC151AC400801AD10001F60A7700FF698F00018E761F01FC70
:20873000A8A91A0400017640AE9F761F01FC1A020002F60A7700FF698F00018E1A040002E9
:20874000A8A97640AE9F761F01FC1A020004F60A7700FF698F00018E1A040004A8A97640ED
:20875000AE9F761F01FC1A020008F60A7700FF698F00018E1A040008A8A97640AE9F761FFA
:2087600001FC1A020010F60A7700FF698F00018E1A040010A8A97640AE9F761F01FC1A02A3
:208770000020F60A77001A040020FF69761F03BFD9132B321AC10080764ABD3F764ABD5523
:20878000764ABD6B8BBE000688A980A856030CA693A7530556C200135305EC2F530256C2A1
:2087900000095302EC335300EC385301EC346F0E5303EC295304EC246F095306EC175307E4
:2087A000EC0F5308EC095309EC039A006F2792A41AA9FDA06F2398A41AA40C006F1ACDA4CB
:2087B00000FFCBA91AA80B006F0693A4FFD7CBA91AA80A0092A86F121AA907086F0F1AA9D9
:2087C00005426F0C1AA902226F0998A41AA4010092A46F04500A6F02500993A6764A992DF1
:2087D0000006B2BD59A9AABD5AA8A2BD02265BA47640AE9F9B0892A15CA2764A8784022659
:2087E0007640AE9F9B0792A15CA3764A878402267640AE9F9B0692A15CA3764A878482BECE
:2087F00086BE8BBE0006B2BD59A89B02AABD5CA15AA9764A878402267640AE9F9B0492A299
:208800005CA1764A878486BE8BBE0006B2BDAABD59A45AA8A2BD5BA9764A87D192A393A243
:20881000764A87F380A9BE000EA10FA756B101A692A682BE86BE8BBE0006B2BDAABDA2BDD4
:20882000FE02764A997A761F039A920E764A2003526956C8000D9C97BE460EA9F60F1FA612
:208830009CFF5AA9523F56B63FA26F02D200761F03A72B006F0702267640AE9F761F03A77F
:208840000A00764097F15200ED07761F03A71B00EA6056C8FFF2764097F15200ED05761FC0
:2088500003C81A0F10008D407F008AA1761F01FCDC041AC400011A0400021A0400041A04DC
:2088600000081A0400101A04002076228F007C0083A4761F01F0DC0ADD0618C5FFFC180675
:20887000FFF31806FFCF1806FF3F1806FCFF1806F3FF1AC400011A0A00021A0A00041A0A34
:2088800000081A0A00101A0A0020761A8AA1FF690226DC151AC400801AD100017640AE9FCF
:20889000D4019A019B09764A8784761F01FC1A04000102261A0200027640AE9FD4029A027D
:2088A0009B09764A8784761F01FC1A04000202261A0200047640AE9FD4039A039B09764A74
:2088B0008784761F01FC1A04000402261A0200087640AE9FD4049A049B09764A8784761F20
:2088C00001FC1A04000802261A0200107640AE9FD4059A059B09764A8784761F01FC1A0487
:2088D000001002261A0200207640AE9F9A06D4069B09764A8784D9131AA208408DC0EA0CF5
:2088E000761F01FC9A011A040020761F03BF96412B32761F03A72B011AC100809B01D4004C
:2088F000764A878492419B05D400764A878492419B03D400764A878492419B1C8F008000E2
:20890000764A87D19241D4019B01764A88069B00761F03A78F002023520056B101A892412C
:2089100073019B02764A88069B00761F03A78F000B02520056B101A8924173019B05764AC9
:2089200088069B00761F03A78F0092D4520056B101A8924173019B06764A88069B00761F72
:2089300003A78F00E080520056B101A8924173019B08764A88069B00761F03A7D400520054
:2089400056B101A8924173019B0A764A88069B00761F03A78F004B4B520056B101A8924159
:2089500073019B1D764A88069B005200761F03A7D40056B101A8924173019B1E764A88068F
:208960009B00761F03A75CA2520056B101A8924173019B00764A88069B00761F03A78F0084
:2089700076BD520056B101A8924173019B03764A88069B00761F03A78F007741520056B105
:2089800001A8924173019B04764A88069B00761F03A7D428520056B101A8924173019B0739
:20899000764A88069B00761F03A78F00C3CC520056B101A8924173019B09764A88069B00AB
:2089A000761F03A78F030D3E520056B101A87301A8A97640AE9F92419B1C8F008000764A78
:2089B00087D19241D4009B00764A8784D108D0090A412B9B2B939241DB0C520756C8FF3061
:2089C000764A86EFFE8282BE86BE8BBE00069B11764A87F33B01CCA903FF85A9BDA90F12C1
:2089D00077007700E8021462E80234D1E6890000E80A666AE7000010E80FC001E720004023
:2089E0007700E68C000077007700BFA90F120006B2BD2DA99B0CAABD59AC36A88D80EA00E4
:2089F000560100A29B1692A1764A87F39B1796C292A1764A87F39B1896CA92A1764A87F359
:208A00009B1996D292A1764A87F39B1A96DA92A1764A87F396E292A1764A89C7D009939282
:208A1000D00895A992A197929B0B764A87F3CCA903FF9B0C96F292A1764A87F3CCA903FF6A
:208A20009B0E96FA92A1764A87F3CCA903FFE802006096EAE2C401EAE80E1478E700004015
:208A30007700E68E00007700D00ABFA90F12969286BE8BBE0006E20304BDE20305BDFE0259
:208A4000761F03BFE2AF000A761F03BFE2AF0114E6940001AD1456C5003C761F03BFE2AFAC
:208A50000008E6940001AD1456C40007761F03C1E2AF00346F31761F03C1E2AF0034761F30
:208A600003BFE2AF030A761F03BFE2AF0414E6AF0000761F03C1E2AF0510761F03BFE327A1
:208A7000190A761F03BFE7100140E2AF0208E750A2C077007700E27400417700761F03C1AB
:208A8000E2AF0410E6AF0024E71000606F07761F03C1E2AF0010E6AF0000FE82E2AF05BE48
:208A9000E2AF04BE0006761F03C1E2AF0134761F03BCE2AF023EE2C4002BE7100089770061
:208AA0007700E274000877007700922B962AE203002C0006FE02761F03BCE6CF0003922998
:208AB000EC1E922A56C50015761F03C1E2AF0034E6AF0000E6940003AD1456C5000A761F05
:208AC00003BCE2AF002C0B2AE720001B6F0C761F03C1E2AF0334E6AF001B6F05764A8A9326
:208AD00056BF0129FE82E6CF00180006FE02761F03BC9226520456C20013520456C100E01A
:208AE000520056C10232520156C10208520256C10192520356C10139FFEF0230520556C133
:208AF00000AF5206EC1D520756C00228764ABC8E761F03C788258F00AA00A8A90FA656C052
:208B0000021D761F03C74B24EE05764ABBF3FFEF0215761F03C71828FFF7FFEF020F761FD9
:208B100003BF923B520156C00081761F03C39210EC75761F03C892105255EC705200EC6EBD
:208B2000761F03C092165201EC58761F03C09223EC54761F03C0921AED3B761F03C8921023
:208B3000761F037F540DED34761F03BF9202EC08761F03A4473BEE04764A8A3B6F07761F6D
:208B400003BCE2AF003E764A8AAA761F03BCE203003E761F0383E2AF0000761F03C1E2AF86
:208B50000122E6950000E6940008AD1456C30016E5A1AD1456C50012E274004177007700FC
:208B6000761F03BCE2AF033EE70000C86F02E590761F03BCE203003E761F03C1E2AF000ECB
:208B7000761F03BCE2AF013EE6AF0000E6940001AD1456C300106F0C761F037F4909EE04F1
:208B8000764AD0E06F02E590761F03BC2B29E203003E063E1E36FFEF0191761F03C192278A
:208B9000520356C1019E6F06761F03BC922356C00185761F03BC2B23FFEF01939223EC1BC0
:208BA000761F03BF9237ED11761F037F9214761F03BC9E281BA907D056C80170761F03C33B
:208BB0001A1A0080FFEF016A761F03BC56BF0626FFEF017B56BF0123FFEF0160761F03C8B1
:208BC00092105255EC5B761F03BF923B5201ED3E761F03C09216ED07761F03C0922352010F
:208BD00056C0014C761F03BAE2AF003A761F03BAE2AF013CE6940001AD1456C40008761FF2
:208BE00003A4921C520D56C10139761F03C3921056C10134761F03C892105201EC051B10B6
:208BF000FFFF56C0012B761F037F9314E590761F03BC9728761F03C89611761F03BCE2039F
:208C0000003E56BF0526FFEF0130761F03C1922656C00114761F03C19227520356C1010EEE
:208C1000761F03BC9223520156C00108761F037F9214761F03BC96286FE5761F03C31A1A17
:208C20000040FFEF00FB761F037F9214761F03BC9E28520F56C800F20A249224761F037FC8
:208C300093149CFF761F03BC52019728EC1D520256C000E4761F039AE2AF0028761F03C3DF
:208C4000E2AF0120E6940001AD1456C2002E761F03BCE2AF003CE6940001AD1456B3042650
:208C500056C300E36F1B761F03C30620761F039AE2AF0028761F03C3E2AF0120761F03BCB1
:208C60001E2EE6940001AD1456C2000FE2AF003CE6940001AD1456C300B1761F03C81A0FE9
:208C70000020FFEF00AB761F03C81A0F0010FFEF00A5761F037F9214761F03BC9E285232A4
:208C800056C8009CE2AF0038761F03C3E2AF0120761F037F9214761F03BC0A24761F03C3AA
:208C9000E2AF0220761F03BC9628761F039AE3204328761F03BCE203003AE694001AAD1497
:208CA00056C20027E2AF013CE694000AAD1456C50024E5A0AD1456C40020E2AF0130E69467
:208CB0000008AD1456C30019761F03C79224761F03C71A28000290011828FFFE761F03BCCF
:208CC00056BF03262B24761F03C798286F46761F03C81A0F0010761F03BC92265202ED3D10
:208CD0009224523C56C8003AE2AF013CE694000AAD1456C5000EE2AF0130E6940008AD14A7
:208CE00056C4002C761F03C81A0F00406F26761F03C81A0F00206F21761F037F9214761F45
:208CF000039AE2AF0028761F03C3E2AF0120761F03BC9628E6940001AD1456C2000B761FFB
:208D000003C71A280001761F03BC56BF02266F05761F03C81A0F0010761F03C30620761F92
:208D100003BC1E386F0A761F037F9214761F03BC9E28526456C70008761F03BC922652079E
:208D2000ED136F14761F037F9314761F03BC92259728ED0556BF01262B246F060A24761F73
:208D300003BC56BF042692269627FE82000628A901F4764A6906761F03BC9AC8E203003C5E
:208D4000764A6906761F03BC9A1BE2030032764A6906761F03BCE2030030E2C40122E8017A
:208D5000F550E80D5558E70000407700E68E000077007700BFA90F12962B0006761F03BC78
:208D60002B282B262B242B292B23E5900200761F03C82B10761F03C82B11761F03BCE20377
:208D7000003E761F03C81E0E000688A82DA9290112CC94A6560301A907F48AA9E2AF00C445
:208D80000006761F03C28A3027A980A8764A8D75E6CF00018A2A92AB93A7764A8D75E70075
:208D90000049E70000007700E710004077007700E27700007700770077000006B2BDAABD5D
:208DA000A2BDFE02761F03C28A2AE59292C45BCCEC1858A9D200D88192A3EC105DA3D10020
:208DB000DD8192A293A1764A8D81D901E6940010AD14E6C30002000DFFF6DA010008FFEE6D
:208DC000FE8282BEE6CF001086BE8BBE0006FE0480A9A3A6A8AC93A7FFD0CCA7FFFEEC123C
:208DD00088A89A00DE81E2AF00D4E2AF01C4E6940001AD14ED06DC029C01000EFFF66F0281
:208DE0009644DF8155A756C7001D88A775A62901DE8158A7D881560301A007AC83A95603A6
:208DF00001A7E2AF00C507AC83A9E2AF01C5E6940001AD14ED0580A0000EFFED6F027F43B4
:208E00005CADA9A9DC8480A4EC04A9A6F6012486FE840006FE04E2AF01C458A92BABB60026
:208E1000E69400082DA0AD1456C400109CFF2901560301A907A483A9E2AF01C5E694000890
:208E2000AD14E6C200086F03E6CF0008290193AB55AC56C600362FA093AA55A756C900317F
:208E300093AC9FABFFD095AB80A8560301A707A483A9E2AF01C5E6940001AD1456C40011CC
:208E4000E6940001AD14EC0993A79DFF2DA893AB55AC56C9FFE36F147F447F436F119B01D2
:208E500095A727A8560301AB07A483A9E2AF01C5E6940001AD1456C5FFCC7F443F435CAD54
:208E600006A6DC8480A4EC03F6012486FE840006E20304BDE3245446E720011C7700770051
:208E7000E27400A27700770077007700E70000897700E750B2807700E31204BE0006B2BD1B
:208E8000AABDA2BDE20304BDE20305BDE20306BDE20307BDFE0A8BA48AD182A4E6CF000CF5
:208E9000E6CF0005E2AF00C3E6940005AD1456C4001280C1290192A79CFF560301A907A35C
:208EA00083A9E2AF00C5E6940005AD14E6C200056F0480C1E2AF05C486E17F467F47E2AFB2
:208EB00000C2E6940004AD1456C4001392C92901964596489CFF560301A907A283A9E2AF32
:208EC00000C5E6940004AD14E6C200046F0692C9E2AF04C2964596485DADE6CF002892A7E2
:208ED000DD8488A5764A8E0A5CAD92449649DC84924388A4964A92458AA2E6CF0020764A05
:208EE0008E0A5849924693478044884355A056C6000358472D4A54AC562A09AC924554A7C7
:208EF00056C60003804854A656C6000388450EAC27A02BAA0FABED060EA627A70FAB56C13F
:208F000000B10EAC27A00FABED210EA627A70FABEC2112452901A3F194A6560301A910A00C
:208F10008AA98AC4560301A707A2A8428AA9E6CF0020560301A6E2AF01C407A28AA912459B
:208F200094A7560301A907AB6F220EA627A70FABED26124594A6C4F12901560301A907A641
:208F30008AA992A0A3C4560301A907A3A9428AA9E6CF0028560301AC2DA0E2AF01C407A3DA
:208F40008AA9124594A7560301A907A6E2AF02C48AA9E2AF03C4764A8E686F6D92A02901CC
:208F5000560301A907A38AA912455DA9E2AF00C4560301AC2DA0334507A358AB8AA987F1CC
:208F600092A794A0E2AF03C4560301A9FF5A92A7565700ACA9A494A5560301A9FF5AE2AFCB
:208F700001C492A6565700ACA9A494A0560301A9FF5A8EC4565700ACA9A492A694A55603EC
:208F800001A9E32AFAC407AC8AA9E7505ABA560301A7E303FEC4BDA00F1607A2E75031AE41
:208F90008AA9560301A6E743246907A2E71001C9E2740012E2AF05C4E27400098AA9E32B0B
:208FA00033C4E720011CE7000190E7000109E720015FE710004077007700E27401C06F0B10
:208FB0002DA02901124594A7560301A907F18AA9E2AF00C4FE8AE2AF07BEE2AF06BEE2AFD1
:208FC00005BEE2AF04BE82BE86BE8BBE0006B2BDAABDA2BDE20304BDE20305BDE20306BD7E
:208FD000E20307BDFE0886A4E6CF00158AD2E6CF0004E6CF000EE2030448E2AF00C4E69406
:208FE0000004AD1456C4001959C25BA1290192A39CFF560301A907A483A9E2AF00C5E694BE
:208FF0000004AD1456C200042B456F0CE6CF00042845FFFF6F0759C2E2AF04C42845000119
:209000005BA15DADE6CF002092A1DD8488A5764A8E0A884492A193A3594355A656C900036E
:209010005BA654A12901562A09A1E6CF0030E6CF0029560303A307E28AA9764A8E7F88A320
:20902000E6CF00070EA10FA6ED1E9245EC3E92A1944559A956B100A192C254A1562A09A1DB
:20903000E6CF0029E6CF0030290192A1560303A907E28AA9764A8E7FC4D2E2030042E2AFC4
:2090400000486F1292A12901560303A9E6CF0030E6CF002907E28AA9764A8E7FC4D2E203BE
:209050000042E6CF00202901560301A307A68AA9560301A1E2AF01C407A68AA9E6CF003BC1
:20906000E2AF02C4764A8E68FE88E2AF07BEE2AF06BEE2AF05BEE2AF04BE82BE86BE8BBE3E
:2090700000067622761F17481808FFEFCC08FFFC50019608761AFF6900067622761F1748F8
:209080001808FFF71808FFFC761AFF6900067622761F1748CC08FFFE50029608761AFF695C
:2090900000067622761F01C0CC25FF0050559625CC25FF8050AA9625761AFF6900067622C1
:2090A000761F174DCC36FFFC50019636761A7621FF690006B2BD80A9D0087685D2009296A3
:2090B00058A7900327A80EA90FA0ED18D014929658AB907F0EA90FA0ED11761F174858A462
:2090C000CC140300FFC70EA90FA0ED08D022929688A5903F0EA90FA6EC65761F174888A796
:2090D000920890030EA90FA6EC0F92A7EC0B5201EC065202ED09764A90876F06764A907120
:2090E0006F03764A907D762288AB9214907F0EA90FA6ED0888A4CC140300FFC70EA90FA60F
:2090F000EC248D45D200C5A1C4A1D014CDAB007FDF0EDE2218C7FFFD18C6FFC0CC91FF80C5
:20910000CAA89614CC14FCFF88A9CCA40003FF87CAA696141A0E00014016EFFFCC14FF8048
:20911000CAA896144016EFFF92A5523FED041A22003F6F089A01CD22FFC094A5903FCAA871
:2091200096227685D2008AA6DC0E1AC40002F664770092A5D022903FCD96FFC0CAA896229B
:20913000761A8BBEFF690006FE027622761F01C092299007964150689629761AFF69FE82D2
:209140000006B2BD76228F05D300761F174C8EA4C5A4C4A483A4D822DF23DE241AC00001A0
:209150001A2200041A2200088EA41A2200101A2200201AC700011A2300041AC60001C4A435
:20916000DD26C5A41A240002DE281AC5000183A4D82E1A2600021A260004DD2A1A2600085B
:209170001A2600101A2600201A2600401A2600801A2601001A2602001A2604001A260800E0
:209180001AC60001C4A48BA4DF301A280002DE321A2800041A2800081A2800101A280020B0
:209190001AC5000183A41A2A00021A2A00041AC000018EA41A2E00021AC70001C5A4DD3477
:2091A000D936D838DF391A3000021A3000041A3000081AC60001C4A41A3200021A320004A5
:2091B0001AC5000183A41A3400021AC100011A3600021AC000011A3800021AC70001C5A4A0
:2091C000DE3ADD3CDF3EDC431AC600011AC500011A3C00021A3C00041A3C00081AC700016F
:2091D0001A3E00021A3E00041A3E00081A3E00101A3E00201A3E00401A3E0080761F174D20
:2091E0001AC400011A0300021A030004761AFF698BBE0006764A91347622FF69764AA9E932
:2091F000761F174C8F05D1B61A3C00011A3C00021A3C00041A3C000892C4ED0F76C07BDD05
:20920000761F174676807BDD8F407BDD8F007BDDC336C238A03AA83C761F174C183CFFFE06
:20921000183CFFFD183CFFFB183CFFF7761A9A01D5019B14D400FF69764A90AA764A9141DE
:2092200000067622761F1748CC0AFFFE5002960A761AFF69000676228F45D2008AA5D00A92
:20923000761F1748DC0818C4FFEFCC95FFFC5001960A761AFF69000676228F05D20083A40C
:20924000DC0ADD0818C5FFF718C4FFFC761AFF69000680A4B2BD2FA9D00A7685D2005CA984
:2092500027A8AABD5AA5929690030EA90FA4ED17D01E5CAB9296907F0EA90FA4ED10D01E1F
:209260005CA7CC960300FFC70EA90FA4ED08D024929688A290030EA90FA6EC6892AAEC0B95
:209270005201EC065204ED09764A92216F06764A922B6F03764A923CD01E8F05D20092946E
:20928000907F88A90EAB0FA6ED09D01ECC940300FFC788A90EA70FA6EC20762283A4D01EBF
:20929000CCAB007FD11EDD241AC50003CD94FF8083A4CAA8D01E969CCCA70003DD18FF876C
:2092A000CD94FCFFD01ECAA896941AC50001761A761F17484020EFFDD1036F197622D02430
:2092B000D981CD94FFFCCCA10003D024CAA89694761AD0249294900388A90EA20FA6EC0722
:2092C0008F000256FF69A8A97640AE9FD0248F05D2009294900388A90EA20FA6EDE07622DD
:2092D000761F17481A180002761A86BEFF698BBE00067622761F174D1836FFFC761A7621CA
:2092E000FF6900067622BE00761F174CD500D4005633B600D000C222A024A826A9281E2A6B
:2092F000C32EC2301E323A34A036A838A93AC33CC23E761F174D1E02761AFF690006762276
:20930000761F174D1A360003761A8F05D000A8A9FF10012583A992C59003ED07A8A9FF121B
:2093100000498AA940C4EEF2FF69764A92E27622761F1748180EFFFD180EFFFE761A762149
:20932000FF6900067622761F174DCC36FFFE50029636761A761F1744922590035201EDFB0C
:209330007622761F1748180EFFFD180EFFFE761A7621FF69000676220200761F17C0190197
:209340001E10020019011E12020019011E14020019011E160200761F17C119011E1002003C
:2093500019011E12020019011E14020019011E16761AFF699A000006B2BD764097E78F004B
:20936000031EA8A97640AE9F764099378F00031EA8A97640AE9F7622761F01721A0300022F
:209370001A030200761F01E41A2800021A280001761F01731A0300021A030200761F03C816
:209380002708761F01E492AB1A2800201A280010761F01741A2300021A230200761F01E431
:209390001A2808001A2804005202EC155203ED1F761F03C892065203ED1A761F01741A03FC
:2093A00000021A030200761F01E41A2802001A2801006F0D761F01751A0300021A030200C6
:2093B000761F01E41A2820001A2810008F004000A8A909978BA98F40410076804200A0A9EA
:2093C0001AC1000809978EA906A609971EA71AC00008761F0102A8A91AC7000809998AA939
:2093D0001A170004A0A909991AC4000183A91A190002761F010606A609991A1700041EA63A
:2093E00092AB1AC500011A190002761F010A1A1700041AC600011A1900025203ED09761F50
:2093F00003C892065203ED04FF69764A795E761A8BBEFF690006761F01024115EE25761FD8
:2094000001064115EE21761F010A4115EE1D761F01024015EE19761F01064015EE15761F62
:20941000010A4015EE11764098B75201EC0D764099175201EC09764098F75201EC0576409F
:2094200098D75201ED4E764A935C8F003E7EA8A97640AE9F764098B75201ED05761F03C837
:209430001A0F0800761F01024115EE09761F01064115EE05761F010A4115EF05761F03C8D7
:209440001A0E0001761F03C892085203ED0E761F03C892065203ED09764A7C015200EC05D6
:20945000761F03C81A0E0001761F01024015EE15761F01064015EE11761F010A4015EE0DA3
:20946000764099175201EC09764098F75201EC05764098D75201ED05761F03C81A0E0002C1
:209470000006E20304BDE20305BDE20306BDFE02761F039AE801E7A8E801E7A9E801E7AA44
:20948000E2AF0638E80E1478761F039AE80E1479E80E147AE2AF0536761F039AE7000180DC
:20949000E30A4C32761F0384E308933AE6940003AD1456C20014761F0385E2AF0328E694C0
:2094A000000BAD1456C2000B761F0385E2AF032AE6940013AD1456C50006761F03C81A0EEB
:2094B0000020761F0384E6AF0000E2AF033AE6940003AD1456C40018761F0385E6AF0009D2
:2094C000E2AF0028E6940008AD1456C4000D761F0385E6AF0012E2AF002AE6940010AD149F
:2094D00056C30006761F03C81A0E0010761F0385E801F260E2AF010CE80E6668E694000190
:2094E000AD1456C50006761F037F4809EE13E805F260E80E6668E6940001AD1456C3000FBA
:2094F000761F037FCC090100761F03C8FFC3980E6F05761F03C81A0E0020FE82E2AF06BEB6
:20950000E2AF05BEE2AF04BE0006761F03931B1904E256C2000E761F03931B0304E256C2EC
:209510000008761F03931B0B04E256C50006761F03C81A0E00800006761F03931B06FD4440
:2095200056C4000B1B06057856C5000B761F03C81A0E02000006761F03C81A0E0100000623
:20953000761F03931B0AFD4456C40025761F03931B00FD4456C4001F761F03931B02FD4402
:2095400056C40019761F03931B0A057856C2000E761F03931B00057856C20008761F0393D7
:209550001B02057856C5000B761F03C81A0E08000006761F03C81A0E04000006761F03C8B3
:2095600092085202EC0E5203ED1F761F035F1B3B081A56C400161B3B08F456C500166F0B06
:20957000761F035F1B3B0CEE56C4000B1B3B0DBC56C4000B761F03C81A0E20000006761FE8
:2095800003C81A0E10000006761F03C892085202EC0E5203ED1F761F035D1B05026E56C47A
:2095900000161B050A5656C500166F0B761F035D1B05031D56C4000B1B050D3E56C4000B90
:2095A000761F03C81A0E80000006761F03C81A0E40000006761F035D1B040CEE56C4000B9C
:2095B0001B040DBC56C4000B761F03C81A0F00020006761F03C81A0F00010006761F035D78
:2095C0001B0607C356C4000B1B06083E56C4000B761F03C81A0F00080006761F03C81A0FCF
:2095D00000040006FE02761F03BAE2AF003E761F03BAE2AF0136E6940001AD1456C40010D0
:2095E000761F03BAE2AF0032E6940001AD1456C5000B761F03C81A0E00086F05761F03C890
:2095F0001A0E0004FE820006FE02761F03BFE2AF0010761F03BFE2AF0116E6940001AD1476
:2096000056C40010761F03BFE2AF0012E6940001AD1456C5000B761F03C81A0F80006F0547
:20961000761F03C81A0F4000FE820006764A93FB764A9471764A9505764A951C764A953088
:20962000764A955E764A9584764A95AA764A95BE761F03BF923BEC0E761F037F9211EC0ABE
:20963000764A95D2761F03BF92025201ED03764A95F40006FE02E6950000E2AF01C4E6942B
:209640000008AD1456C30007761F03969223ED020A2FE2AF01D4E6940008AD1456C500074B
:20965000761F03969223EC060B2F761F03969223ED06922F520556B101236F04922FED02AF
:209660002B239223FE820006761F0396922E0006FE040EA9BDA90F16770077005CADDC84D2
:20967000E68B00095CA4E7000041E801D418E8505C09E8089378E7000040764AE233E5A04A
:20968000AD1456C20005E2AF00446F06E2AF0044E88FE0007700E68E00007700761F0396E6
:20969000BFA90F12932DFE8454A8562B08A90006B2BDE20304BDFE02761F0396592CE6CF3E
:2096A0000004764A591BE801FB31E80B3331E70000087700E6940004AD1456C20012764A77
:2096B0005916E801FA61E80E6669E70000087700E6940004AD1456C30005D9016F02D981BA
:2096C000761F0396922B54A156C9000392A1FE82E2AF04BE8BBE0006B2BD761F0396592C11
:2096D000AABD5A26A2BD761F03A4BFA30F129237E6CF0008764A966854A2BDA30F12562A3A
:2096E00009A2764A969854A2562A07A293A155A256C6001055A256C7000A0A3192319CFFA4
:2096F000542856C8000FD9016F0B922896316F090A3192319CFF542856C80004D9812B3177
:209700009326922D55A156C9000393A182BE54A886BE562B08A98BBE0006B2BDAABDFE04AC
:20971000761F039A880ED1001BA693A056C2001F1BA6939F56C3003880A68F00936EA8A92A
:209720000FA7EC3128A96C9094A6520356C9002C28A96C8C94A6520156C9002328A96C6476
:2097300094A6520156C900206F1980A68F0093A2A8A90FA7EC1880A68F0093A4A8A90FA7DD
:20974000EC0F80A68F0093A5A8A90FA7EC0C28A96C5A94A6520156C90004D2106F059B06E4
:20975000D2106F03D2189B02761F0396922D520656C8000692A2542D56C7000556BF0C2D90
:20976000D101552556C6000692A2542556C7000556BF0225D1019226520656C8000692A236
:20977000542656C7000556BF0C26D101922B520656C8000692A2542B56C7000556BF0C2BCA
:20978000D101761F03A4E801E040E2C40221E801D41B5CAD761F03C1E80C4448E2C4011573
:20979000E7000080E808937BE7000041DC84E85048095CA4E7000058764AE233E5A0AD14E9
:2097A00056C20005E2AF00446F06E2AF0044E88FE0007700E68E00007700761F0396BFA91E
:2097B0000F12542656C9000993A2D101962655A956C700037A26922B542D56B801A1562AE7
:2097C000082D542656B601A1562A062692215201ED07922D542556B801A1562A0825922B34
:2097D000542556B801A1FE84562A082586BE92A18BBE0006761F03A4E20304BDE2C400379C
:2097E000761F0396E8021383E80211A4E8020EC2932B9229E802102188285203E27400244F
:2097F000E274001BE274001256B60129972C7E319229E2740008E203043CE203033EE2038F
:2098000002349621E2030036764A970DE2AF04BE0006761F0396922AB2BDEC13CC21FFFE41
:20981000ED105926761F03A49237764A966854A156C9000392A1592554A156C9000D6F0A97
:209820005926761F03A49237764A966854A156C9000392A18BBE0006E20304BDFE02E6CFF2
:209830000004764A5911E801F261E80E6669E70000087700E6940004AD1456C20010764A5C
:20984000591BE801FB31E80B3331E70000087700E6940004AD1456C50007761F0396922A77
:2098500056B00130764A5911E801EE61E80E6669E70000087700E6940004AD1456C40006D5
:20986000761F0396922AED04761F03962B309230FE82E2AF04BE0006B2BD5200AABD59A9BF
:20987000BFA20F12A2BDBFA30F16ED06761F0396922996216F05761F039656BF0321764A42
:20988000982C9321962E5301EC095302EC1A5303EC0B5200ED07882B6F1C5200EC12922D08
:20989000962C88256F169226932D54A156C9000392A188A955A656C7000393A688A86F09D5
:2098A000BDA20F12BDA30F16764A96CC962C882C80A60E242B270FA7EC0456BF01227E24E1
:2098B00082BE92A686BE8BBE000676C0E5B8761F039692C7962588DF93CF92D7972D7E26DE
:2098C000962B0006761F03968F00E5B8932B92268025882D97D496DC7FC47ECC00065204D1
:2098D00056C2000B5204EC465201EC535202EC4C5203EC456F075205EC385206EC3152076A
:2098E000EC178F007F00C5A4C4A483A4761F01FCDF0BDE12DD0ADC221AC720001A0B4000A8
:2098F0001AC600041AC510001A0A20006F168F007F00C5A4C4A483A4761F01FCDC24DF0D38
:20990000DE14DD0C1AC720001A0D40001AC600041AC510001A0C20001AC400200006761F52
:2099100001FC1A2400200006761F01FC1A0C20000006761F01FC1A0C10000006761F01FC98
:209920001A1400040006761F01FC1A0D40000006761F01FC1A0D20000006B2BD59A9AABD39
:209930005AA80226A2BD7640AE9F8DC0611092A245D3EEFF764A98CFD0087993D1006F0C3D
:2099400002267640AE9FD90192A1520C56C90005761F03C80A13761F01844612EE0592A138
:20995000520C56C8FFEF93179A00764A98CF82BE92A886BE8BBE000676228F407C00A0A9E9
:20996000761F01F18AA5098A1EA6A0A9DC4AFF110085DD4B1AC520001A0B400083A91AC63E
:2099700000041AC410001A0A20001AC50020761AFF690006761F03C89A002B13764A98CF45
:20998000764A995C76228F006110761F01848F407C0018C4FF7FA0A956BF0F1009A0DC0FAA
:209990008EA956BF0611A0A956BF181409862B121EA7A0A91AC40010098A8AA51A10008096
:2099A0001EA6A0A9DC49761F01F20982DD631AC5C00083A91AC4C0001AC000031AC70003F8
:2099B00018C6FFFE1AC500031A20000C1A06000C761AFF6900068F006100761F01FC83A4C1
:2099C000FF5A1A0D0200DC0BDD0A18C5DFFF18C4DFFF77007700761F01842901CCAAFF001B
:2099D0001A0A20001A0B20009608A9A9FF4788A992AB18A6FF00FF6918ABFF00560308A959
:2099E0007E083F089608CC0B1F00FFC7520456C4FFFC0E07FF37AF07FF37AF07FF37AF07FC
:2099F000761F01FC1A0B0200000676228F406100761F018418C5FF7F8EA58F007C00C5A5B3
:209A0000C4A556BF070056BF0601D80F56BF0704DF0ADE0B2B021AC000101AC5008083A42F
:209A100018C7DFFFC5A418C6DFFFDD4BC4A4DF63280AC004DC45DE4956BF040B2B0C1A0AC5
:209A200020001A0B2000761F01F11AC700301AC600301A2300C01A0900C018C5F7FF1AC488
:209A300000C01A2303001A0903001A0503001809FFF31A0B0200761AFF69761F01FC1A0BE5
:209A400002000006FF5A92A4764A98CF8F00611083A4A9A6DC0BDD0A18C5DFFF18C4DFFF8F
:209A500077007700761F018429011A1A200006A61A1B2000FF4718A9FF00961892A618A9C2
:209A6000FF009618560308A69618CC1B1F00FFC7520356C4FFFC27172BAAA9A9FF69FF374B
:209A7000AF17FF37AF17FF5A9A00764A98CFA9A90006B2BD9A00764A98CF764A995C762225
:209A80008F006110761F018418C4FF7FC5A4C4A483A456BF071056BF0E11DF0FDE0ADD0B3C
:209A900056BF18142B121AC700101AC4008018C6DFFF18C5DFFF8F407C00A0A9C4A5281A33
:209AA000C00409A08BA9A0A956BF041BDE6309868EA9A0A92B1C098A1EA7A0A91A1A2000FC
:209AB0000982DD491A1B20008AA9761F01F21AC6C0001AC5C0001AC100031AC0000318C7FC
:209AC000FFFE1AC400031A20000C1A06000C761AFF698BBE0006B2BDD00ACD941F00FFD750
:209AD000530E56C6FFFBD108CDA9FF00D008979C560308A996948BBE0006D008560308A941
:209AE000969400065200B2BDEC1A9CFF88A9D108D0082B9C2B94D00ACC941F00EDFDD00B4E
:209AF000CC941F00FFC7520256C8FFFB560308FC96C592FC90FF7285000EFFEB8BBE000692
:209B0000B2BDD108D0082B9C2B94D00ACC941F00EDFDD00BCC941F00FFC7520256C8FFFBD0
:209B100093FC92FC8BBE38A800068F006100761F018418C4FF7F83A456BF400A280AA040ED
:209B200056BF4F0B2B0CDD0F1ACC00041AC400401801FFF718C4FFDF1AC4000F1801FFEFCE
:209B30001A0100021801FFFE1AD4008056BF0C0418C5FFFE1A0F00101A00008056BF4F0B33
:209B4000280B204F76228F007C00C5A4C4A4761F01F183A4DF63DE49DC45DD4B1AC700C0EE
:209B50001AC600C018C5F7FF1AC400C01A2303001A0903001A050300761AFF690006000658
:209B60005200EC081BA909C456C9000628A909C400069A010006520A56C800091BA97FFFDF
:209B700056C9000828A97FFF0006520056B00AA90006B2BDFE0292C4ED08E2AF03E4E2AF85
:209B800000D4E72000C26F05E2AF03E4E8C0001AE2AF00F4E6940002AD1456C2000AE6AF01
:209B90000000E6940002AD14E6C400026F03E6CF0002D022E710009B1B94FFFFE20303E4A6
:209BA000ED09D00CD10CE2AF0094E6AF0000E203009CD00A9294ED0AD10ED00CE2AF009CDC
:209BB000E2AF0194E720000A6F06D00EE2AF0094E8C00002D010E2AF0194E694000AAD14F1
:209BC00056C2000DD012E2AF0194E6AF0009E694000AAD14E6C4000A6F03E6CF000AD11EA1
:209BD000D020E314039CE2AF0294E6CF0001D01AD11CE6970019E2AF0394D018E696001108
:209BE000E2AF0294D00EE2030094D00EE6CF0008E326919CE2030094E694000AAD1456C240
:209BF000000AE6AF0009E694000AAD14E6C4000A6F03E6CF000A761F037F4909E710009B88
:209C0000EF05D01692945201ED05761F0383E2AF0300D014E2AF0094E6940003AD1456C2F1
:209C10000011E6CF0001E6AF0009E694000BAD1456C40006D01AE20303946F06E6AF0000F9
:209C2000D01AE2030094FE828BBE0006B2BDAABDA2BDFE02764A5908761F03A4923DED2F75
:209C3000761F0382E801F861E2AF0230E80B4AF1E700008A761F03A5E2AF031CE27400D241
:209C40007700761F0383E2AF0102E6950009E6940011AD1456C40014761F03A5E2AF03020D
:209C5000E70000D277007700E2740051770077007700761F03B7E203010C6F07761F03A54D
:209C60000602761F03B71E0C761F03A4923D5201EC22761F0383E2AF0112761F03A5E70014
:209C70000040E2AF0334E70000187700E5A0AD1456C40007761F03B7E20300286F07E591A7
:209C8000761F03B7E590E2030128E6AF0000E203002A6F46761F03C892105201ED09761FB9
:209C9000037F920D5201EC201B0DFFFFEC0B761F03C81B10FFFFED18761F037F1B0DFFFF4C
:209CA000ED13764A5DDB8D40EDCA761F03A6D01EE6950000E2AF0106E6970008E2030091EE
:209CB000764A5DEA6F12764A5DEA8D40EDCA761F03A6D01EE2AF0106E6970008E2030091C2
:209CC000764A5DDBE6950000761F03A6E2AF0106D020E6970008E6AF0000E2030091761F26
:209CD000037F4909EE1A761F03BC863E764A5DEABFA30F12764A5DDBBDA20F16BDA30F1AF1
:209CE000770077007700761F03B7E6970011E6960001E20301166F17761F03BCE2AF003E00
:209CF000761F03C1E2AF0110761F03C1E2AF0212E6AF0009761F03B7E6970010E69600085D
:209D0000E2030016761F03C89210D0228F00EDCA761F03C1C51A761F03C1C420D118969486
:209D1000D014C29CC394764A9B79761F037F4909EF05D01692945201ED05761F03B70618AB
:209D20001E08761F03A4923DEC42761F03A44C3BEF3A761F03B7E2AF0008761F0384E2AF43
:209D30000100E6950000E6940008AD1456C2000B761F0383E801FC01E2AF003EE274000803
:209D40006F17761F0383E801FC03E320423EE274009A761F0383E2AF033CE70000187700A6
:209D5000E71000807700E8320000E821F400761F03A5E2AF0302E7000018761F03B7E203E8
:209D600000026F0B761F03A506026F04761F03B7060E761F03B71E02E2AF0002E801FC0164
:209D70000624E2740008FE8282BE1E0686BEE20300048BBE0006761F03A5E20304BDE8011F
:209D8000DE20E2AF0102E593E801FC04E592E20305BD761F03B7E80CDD28E5959200E20379
:209D90000404E2030308E0020206E2030502E2030010ED04E80216406F03764A6966761F29
:209DA00003B79201E2030026764A6952761F03B79201E203001A764A6952761F03A6C4066C
:209DB000761F03C1061A761F03B7E2AF05BEE203001C1E1EC228E2AF04BE0006761F03B7A8
:209DC00056BF320156BF6400000683A928AC0018B6FCD402A0A9562290FFF2A7BE0747A780
:209DD000EF0428AB016C6F022BAB560301A770AB80A9000EFFF692AC9CF82DA9000CFFEC12
:209DE00092A7FFC1903F0006B2BDFE0452008BA6ED048F40E7C06F038F40E7C129015603CE
:209DF00002A8560100A528AC001892C590FF184100FF0EA9563B98429941560308A4FF5A29
:209E00009AFF28A8FF00CE42CF41CAABCBAA18A9FF3F8EA9764A9DC5903F88A93AA918A9D4
:209E1000FFC0AFA61E42764A99BB5CAD1E44DC8480A4B2A9EC03F6012481FE848BBE000604
:209E2000B2BDFE0259A9D4F0BE009A0093A1764A9DE45CAD9A0093A1DC8288A4D4F0764A3B
:209E30009DE406422901FF47FE828BBE0006761F039E0A0392035204EC1A5201EC0E520235
:209E4000ED179A10764A9E20761F039ECDA9FFF89616EC17980200069A0F764A9E20761F28
:209E5000039E52009615EC0D980100062B039A0D764A9E20761F039E52009613EC029800B2
:209E600000065CA893A99A01BE00764A9DE400065200ED089A0C764A9E20500493A99A0C5B
:209E70006F079A0A764A9E20500193A99A0A764A9E610006B2BD8D407F008AA18F404E1E23
:209E8000A0A9DC151AC440007640AE9FD9138F061A7E1AC14000A8A97640AE9F8BBE000690
:209E9000B2BDFE02D1005CAD9A0093A1DC8288A4D4F0764A9DE492A1EC0D3B018F00E7C06E
:209EA000560302A1560100A429010642FF47DC8196C4D90192A1521C56C4FFE7FE828BBEF8
:209EB0000006762276807C0006A683A68AA6761F01F009891EA7DD07DC0A18C5FFCFD085D6
:209EC00006A618C4FBFF83A61807FF3F8AA6098B180AF7FF1807FCFFDD08DC0B180AEFFFA8
:209ED0001807F3FF180ADFFF1807CFFF180ABFFF18073FFF180A7FFF18C5FFFC18C4FFFEE6
:209EE0008AA91808FFF3180BFFFD1808FFCF180BFFFB1808FF3F180BFFF71808FCFF180B3E
:209EF000FFEF1807FFFC180AFEFF1807FFF3180AFDFF761F01F218C7FFFC1AC4010018099A
:209F0000FFF31A0B02001809FFCFCC96FFEF50209605180BFBFF1809FF3F180BF7FF180928
:209F1000FCFF1A0B10001809F3FF1A0B20001809CFFF1A0B4000761A8F007F0083A4761FFB
:209F200001FCFF69DC13DD151AC501001AC402001A1320001A131000764A99F5764A9E7A6B
:209F3000761F039E2B032B002B012B020006B2BD8D407F008AA18F409C3EA0A9DC151AC47C
:209F400010007640AE9FD9131AC110008BBE00069A199B0F764A9E619A199B55764A9E614A
:209F50009A199BAA764A9E619A199BF0764A9E6100069A1A9B0F764A9E619A1A9B55764AB6
:209F60009E619A1A9BAA764A9E619A1A9BF0764A9E610006B2BD8D40E7C0AABD86A4A2BD53
:209F700080D1761F03C8880A7FC218A70FFF56030CA693A6FFD198A7D01E910C761F039F6B
:209F80007FC22791CCABFFF07FD1CBA992A63FFAFFC39003CAA896FA961E9A00764A9E68C2
:209F9000764A9F59D3005CD19A0193A3BE00764A9DE4DB01D90492A3520C56C4FFF69A0133
:209FA000764A9E68764A9E908F00E7C092DCC5A496C292FC96CADF0B92C7C5A496D2DF0F98
:209FB00092C7C5A496DADF1392C7C5A496E2DF1792C796EAA8A9091B1EA792C7C5A496F2E0
:209FC000A8A9DF1F0923FF5A92C7A9A796FA92C7C5A4D008D1099692DF2792C7C5A4D00A36
:209FD000969AA8A9DF2B092F1EAC92C7ABA79692A8A90933FF5A92C7A9A7D00B969292C726
:209FE000C5A4D10C969ADF3792C7C5A4D00D9692DF3BA8A9093FFF5A92C7A9A7D10E969A4A
:209FF00092C7C5A4D00F9692DF4392C7C5A4D0109692DF4792C7C5A4D0119692DF4BDC4F56
:20A0000092C7C5A4D112D013969A92C7969282BE86BE8BBE0006FE02761F03B49A00E2AFBD
:20A01000000EE5A0AD1456B401A9FE820006B2BDAABDE20304BDFE02761F03B48D40ED0818
:20A02000E2AF0106E2AF0200761F03A08AA1E2AF0332764AA4778D80ED08D028761F03B4AB
:20A03000E2AF0191D02CD10AE6940008AD14E6C300080692E2AF0132C52A8AA2D00EE022CB
:20A04000089A1ED2E6AF0009E20301923E67764AA00B5200ED09D1108AA2D0300618E2AF44
:20A05000009A1E946F1F8F00ED08D010E801EE08E2AF0294D130E80827E0D030E2AF01948E
:20A06000E3229418D030E750C283E801EE08E80827E0E2AF049CE7423441E2AF0438E01849
:20A070004294E2AF0106E2AF0200761F03A0E2AF0332764AA5CF761F03B4FE82E2030002EA
:20A08000E2AF04BE86BE8BBE0006FE04E8022C6228422666E802102B8F00ED08E801FC00DC
:20A09000E8020001284143B7E80D0002E809999B28442666284343B7764AA4E8FE84000615
:20A0A000FE042842C0008F00ED08E801FC00E8020001E8022FD2E80210232841441C2844E3
:20A0B000C0002843441C764AA4E8FE84000688A9E20304BDE20305BD1BA6937BE20306BD3C
:20A0C000E20307BD56C200421BA6937B56C1009B1BA6937556C200201BA6937456C300B763
:20A0D00080A68F00936EA8A90FA7EC7880A68F009370A8A90FA756C1008180A68F0093713F
:20A0E000A8A90FA7EC6B28A86C8E95A6530156C900756F5380A68F009376A8A90FA756C177
:20A0F000008F80A68F009377A8A90FA7EC7780A68F009378A8A90FA7EC6A88A68F00937AB1
:20A10000A8A90FA6EC6B6F391BA693A056C2001E1BA693A0EC3A80A68F00937EA8A90FA729
:20A11000EC5680A68F009380A8A90FA7EC5080A68F009387A8A90FA7EC4528A86C6495A600
:20A12000530156C9003B6F1980A68F0093A2A8A90FA7EC2480A68F0093A4A8A90FA7EC10F9
:20A1300080A68F0093A5A8A90FA7EC0F28A86C5A95A6530156C90005E80223B86F2AE8028F
:20A140002068E80C00006F46E8022181E8022468E80E0001E80B00006F09E8021C69E80211
:20A150002068E80C0001E80C0000761F03B4E2030104E20300066F36E8021EA1E80223B84A
:20A160006FF3E8021AA1E8021C686F1DE80222A0E80220F9E80A00006F05E8021CF9E802E0
:20A170001EA0761F03B4E2030104E2030006764AA085E8022C64E80D00046F18E8021EA168
:20A18000E8021FB8E80C00006FEDE8022180E80E0000761F03B4E80224F9E2030004E2030C
:20A190000106764AA0A0E8022FD4761F03A4E592E2C40539E593761F03B4E596BFA70F1A56
:20A1A000BFA60F1AE2AF0004E2AF0706BFAB0F1EE2030222BFA90F1E8A30E203060EE8020C
:20A1B000321AE2740140E274017F2B1EA90A1E14E80A8002E595C31CC220E2030004A83830
:20A1C000E2AF0104E0007312E2030706E2030524E27401A6E2030208E597E2030718E2AF87
:20A1D00007BEE2030600E2AF06BEE2AF05BEE2AF04BE0006FE02761F03B4E2AF0134E6883D
:20A1E000000877007700BFA90F12E68900007700E72000087700E811F800AD1456C5000B9C
:20A1F000E88FE0087700E688000077007700BFA90F129B0A00CAE17C3B0185A9BDA90F12D7
:20A20000770077007700FE82E68900000006761F03B4E2AF00000006761F03B4E2AF000222
:20A210000006761F03A0E2AF0032761F03B4E2AF0108E72000097700E2AF0000E2740008D1
:20A220007700770077007700E27700007700770077000006761F03B4E2AF002E0006761FD8
:20A2300003B4B2BDE2AF0106E2AF02008D40ED08761F03A0E2AF03328AA1764AA477761F62
:20A2400003A0E2AF01328AA1764AA63D8BBE0006B2BDAABDA2BDFE265CAD9A049B80DC84FF
:20A250005CA4764AE0CC290125420D418BA9FF58ED079243ED05761F03862B196F2992438E
:20A260005203ED225CAD9A229B88DCA65CA4764AE0CC764ADF375CADDCA65BA4D22192C3FC
:20A27000FFC7764ADF42CC8300FF764ADF42000AFFF8764ADF3D761F03860FA156B004192A
:20A2800056B101196F05761F038656BF0319FEA682BE86BE8BBE0006B2BDA2BDFE3E5CAD50
:20A290009A049B80DC845CA4764AE0CC290125420D411E7EFF58ED099243ED07761F03867A
:20A2A0002B199A00FFEF00EA92435203EC06761F038656BF03196FF65CAD9A229B88DCA6AE
:20A2B0005CA4764AE0CC764ADF375CADDCA659A4D32192C1FFC7764ADF42CC8100FF764ACA
:20A2C000DF42000BFFF8764ADF3DC47E0FA6EC06761F038656BF04196FD59364761F0386ED
:20A2D000976756BF011992669363761F039A976859659362960E97699361761F03C7976A77
:20A2E00092679360793C976B761F039A935F976C9619935E761F039A976D9268935D961A24
:20A2F000976E935C761F039A9269976F935B96129770761F039A935A926A977196159359D0
:20A300009772761F039A9358926B97739357960C97745B4F2D4E761F039A584D926C935696
:20A310005D4C5C4B2F4A97752749961B804888479355E2C80045761F039A9776926D9354A4
:20A32000961797779353761F039A926E9778935296109779761F039A9351926F977A9611D1
:20A33000761F03B5935092709604761F03B5977B92719603761F03B592729605761F03B50D
:20A3400092739602761F03B5927496009346761F03B592759601761F03B592769607761F2C
:20A3500003B592779606761F039A92789618761F039A9279961C761F03AA927A9603761F3B
:20A3600003AA927B9602761F03AA7B04761F03AA210D761F03AA780E761F03AA7D0C761F32
:20A3700003AA7C10761F03AA570F761F03AA3F0B761F03AA7F0A761F03AA7E13761F03AA80
:20A380009711761F03A5E2030000764A0718761F03869A0156BF0219FEBE82BE8BBE0006E0
:20A39000B2BDA2BDFE3C761F039A920E761F03C7933C9662761F039A97679319761F039A9F
:20A3A00092679768931A9661761F039A9769926893129660761F039A976A92699315761FCF
:20A3B000039A965F976B930C926A761F039A976C965E931B761F039A926B976D9317965DB7
:20A3C000761F039A976E926C9310761F039A965C976F9311926D761F03B59770965B9304FC
:20A3D000761F03B5926E97719303965A761F03B59772926F9305761F03B5965997739302C8
:20A3E0009270761F03B59774965893009271761F03B5977596579301761F03B59776927247
:20A3F00093079656761F03B5977792739306761F039A9655977893189274761F039A9779AF
:20A400009654931C761F03AA9275977A93039653761F03AA977B92769302761F03AA9652AF
:20A410005904761F03AA92775B0D761F03AA2D0E9651761F03AA977C580C9278761F03AAB3
:20A420005D10761F03AA794B96505C0F7B4A761F03AA214992792F0B761F03AA7848270A6F
:20A43000964F7D47761F03AA7C468013927A5745761F03AA88113F44964E761F03A47F43E4
:20A44000927B93207E42964D927C9741964C764ADF375CADDCA259A4D32192C1FFC7764AAA
:20A45000DF42CC8100FF764ADF42000BFFF8764ADF3D5CADDCA65CA476C9DD92F6032484E6
:20A460005CAD1EA69764DCA67E639A049B805CA4764AE0C05CAD9A229B88DCA25CA4764A72
:20A47000E0C0764AA28CFEBC82BE8BBE0006E20304BDE20305BDE20306BDFE02E2AF04C4A7
:20A48000E6940023AD14E6C20023E72000E377007700E274009A77007700D024E2AF0494C0
:20A49000E2770012E274011B770077007700E6940010E277001BAD1456C40036761F03A41F
:20A4A000E2C404397700E801FC06E2740136E720008D7700E6CF002CE6950024E694003491
:20A4B000AD1456C4001DD028E7100052E2AF0194E84FC012E72000CCE72000807700E7006C
:20A4C000002077007700E2740140E71000C97700E84FC0097700E71000406F13D028E2AFE7
:20A4D00000946F0FE2740099E84FC0127700E7200080E84FC01EE70000087700E710018071
:20A4E000FE82E2AF06BEE2AF05BEE2AF04BE0006B2BDAABDA2BDE20304BDE20305BDE20373
:20A4F00006BDE20307BDFE02E6CF0005E6CF001FE6CF000CD02CE700016882A4D124E274D4
:20A500000016E593E591E70001200656E700003086541E42E2740010E2030393D02EE203BE
:20A51000069BE592E8CFE000E2030293D030E2030193764AD92CE6AF0036E700018077001A
:20A52000D12AE2740038D028E2030493E203059BD026E2030093E801E118E80EB850764A8B
:20A53000D92CE6CF0006E801E118E80EB850764AD92CE80208ECE80F4F3CE6CF0005E801A3
:20A54000E118E80EB850764AD92CE70001A97700E710010977007700E277000977007700F8
:20A550007700E6AF0000E27400457700770077007700E6CF0028764AD639E8020406E6CF13
:20A560000004764AD98EE6CF0007E801FE48E8087ED8E7200100E802024CE8087EDC764A35
:20A57000D98EBDA20F167700770077007700E2740062E2AF0142E27400717700770077004C
:20A58000E6CF0013E70001CCE7000010E6960023E6960001E7000049E70000D87700E710CF
:20A590000040D026E2AF0193E27400407700770077007700E27400447700E801FCCBD02429
:20A5A000E2AF0293E2770026E7100094E80CCCD3E7000109E700015BE70000717700E700EE
:20A5B000005B7700E8AFE01B77007700E274009A7700D012E801DA21E80CDD31E00042E305
:20A5C000FE82E2030093E2AF07BEE2AF06BEE2AF05BEE2AF04BE82BE86BE8BBE0006E20379
:20A5D00004BDE20305BDE20306BDFE02E2AF04C4E6940023AD14E6C20023E72000E3D024FB
:20A5E000E2AF0494E274011C770077007700E274009BE2770022770077007700E277001B15
:20A5F000E6940010AD1456C40032761F03A4E2C404397700E801FC06E2740136E72000CDD2
:20A600007700E6CF002CE6950024E6940034AD1456C4002BD028E2AF0494E71001167700E9
:20A61000E84FC0367700E72001807700E751442877007700E2740080E71000C97700E84FB1
:20A62000C0097700E71000096F0FE2740099E84FC0127700E7200080E84FC01EE700000862
:20A630007700E7100031FE82E2AF06BEE6CF0008E2AF05BEE2AF04BE0006B2BDE801DA22D8
:20A64000D02EE20304BDD126E80CDD32E20305BDE2AF0394D024E2AF0494E274011DE2AF6B
:20A65000049CE2740112E70000007700E72001407700E7000082D02CE710009BD12EE710D7
:20A660000058E203039CE2030094E2AF05BEE2AF04BE8BBE0006761F03C89A0093085302A5
:20A67000ED06761F01FC4C0856BD01A90006761F03C89A0093085302ED06761F01FC4E0869
:20A6800056BD01A90006761F03C89A0093085302ED06761F01FC450856BD01A90006761FE3
:20A6900003C892085202EC0B5203ED07761F01FCCC000080FFC600069A000006761F01FCD6
:20A6A000CC082000FFCC0006761F03C892085202EC0B5203ED07761F01FCCC000040FFC5E5
:20A6B00000069A000006761F01FC9208FFCE0006761F01FC4B08EE039A0000069A010006CE
:20A6C000761F01FC4A08EE039A0000069A010006761F03C89A0093085302ED06761F01FCF5
:20A6D000440856BD01A90006761F03C892085203ED05761F01FC1A0C00010006761F03C8FB
:20A6E00092085203ED05761F01FC1A0A00010006761F03C892085203ED05761F01FC1A0CC3
:20A6F00000040006761F03C892085203ED05761F01FC1A0A00040006761F03C892085203F0
:20A70000ED05761F01FC1A0C00020006761F03C892085203ED05761F01FC1A0A0002000688
:20A7100093A92BAC92AC5201EC155202EC0B9A01FF66CEA8ED04764AA6D46F13764AA6DED2
:20A720006F1042A8EE04764AA6E86F0B764AA6F26F0841A8EE04764AA6FC6F03764AA7060B
:20A7300092AC9C0152032DA956C8FFDE000676228F007C00C4A483A4DC4ADE61DD4718C669
:20A74000FFCF18C5FFCF1AC40400761AFF69000676228F007C00C4A483A4DC4ADE61DD47E5
:20A7500018C6FF3F18C5FF3F1AC40800761AFF6900067622761F03C892085202EC10520397
:20A76000ED1B76807C0083A68AA6DD20DC0A18C5CFFF18F6CFFF1AC400406F0E8F007C00F6
:20A77000C4A483A4DC4ADE61DD4718C63FFF18C53FFF1AC48000761AFF6900067622761FF1
:20A7800003C892085202EC105203ED1B76807C0083A68AA6DD20DC0A18C53FFF18F63FFF92
:20A790001AC400806F0E8F007C00C4A483A4DC4ADE61DD4718C6F3FF18C5F3FF1AC420000E
:20A7A000761AFF69000676228F007C00C4A483A4DC4ADE60DD4618C6FFFC18C5FFFC1AC453
:20A7B0000001761AFF69000676228F007C00C4A483A4DC4ADE60DD4618C6FFF318C5FFF332
:20A7C0001AC40002761AFF69000676228F007C00C4A483A4DC4ADE60DD4618C6FFCF18C559
:20A7D000FFCF1AC40004761AFF69000676228F007C00C4A483A4DC4ADE61DD4718C6CFFF54
:20A7E00018C5CFFF1AC44000761AFF69000676228F007C00C4A483A4DC4ADE61DD4718C6F9
:20A7F000FCFF18C5FCFF1AC41000761AFF69000676228F007C00C4A483A4DC4ADE60DD46D1
:20A8000018C6FCFF18C5FCFF1AC40010761AFF69000676228F007C00C4A483A4DC4ADE6005
:20A81000DD4618C6F3FF18C5F3FF1AC40020761AFF690006761F03C72B282B27764AA737C8
:20A82000764AA748764AA759764AA77E92085202EC0A5203ED10764AA7A3764AA7B4764AA9
:20A83000A7C56F09764AA7D6764AA7E7764AA7F8764AA809764095DD0006B2BDAABD76222D
:20A840008F407C00D03CD200D400A0A93100B600D1FCBE002901FF12004FAA95D07CA895EE
:20A85000D0BC8AA9A0A9A995FF12005FC39D1EA7C2C4D400BEBFA9C7CCA4001F5206EC06ED
:20A86000560301A407A51EA7A9C7DC01000EFFF68F007F00BE1702001E84000EFFFF761AF6
:20A8700086BEFF698BBE00067622761F01E4960D761AFF6900067622761F01E4960C761AD6
:20A88000FF6900067622761F01E49605761AFF6900067622761F01E49604761AFF690006F5
:20A890007622761F01E49603761AFF690006B2BDAABDA2BDFE0688A95BA82901CCA6000FE7
:20A8A0008F407C009641CCA6001F2DA90201563B1E44CCA6FFE0560301A9560100A50EAC0F
:20A8B000C5A5A0AB8BA5C4A5FF4218A9FFFEDF12D90ADE1007ABDD0C090286A97622A9A0C3
:20A8C000A9AC06441E46D80AFF55FF5A92ABC0C092AAC0C892A35201EC20ABA792ABDF0A59
:20A8D000C0C792AAC0CF40A4EE08ABA59246DD0C98C5924598CD6F050644FF55C0C5C1CD6D
:20A8E00041A4EE060644FF55C0C6C1CE6F1F9244934398C699CE6F1A9244934398C199C9DD
:20A8F00042A4EE060644FF55C0C7C1CF6F0398C799CFCCA40005ED069244934398C599CDA9
:20A900006F050644FF55C0C5C1CD9241560301A91EA62DA60203563BFF55C0C292A4C1CA78
:20A91000FFC39003EC050EA9563B98C299CA761AFE86FF6982BE86BE8BBE0006AABD5303D0
:20A9200058A95AA856C6005093A4530F56C6004C7622560301A0901F29018F407C002DA91B
:20A930000203563BFF55FF5ACCA0FFE0560301A9560100A592A0FFC39001560301A907A546
:20A940001EA71EA692AB93AAC0F7DE20C1FFC0C6C1CE93A4C4A7FFD191030EA8DE20563B1F
:20A9500098C699CE93A491030EA8563B98F799FF560302A0901F2DA992A0FFC2900356038A
:20A9600001A907A583A98AA90203563BDD28DC28FF55C0C592A29003C1CD0EA9563B98C4B1
:20A9700099CC761A86BEFF69000680A988A802012901FF5A8F007C00CCA7001F16A9563B54
:20A98000FF5ACCA7FFE0560301A9560100A4DC3C762292A6ED06A9A9FF55C0C4C1CC6F0508
:20A9900092AB98C492AA98CC761AFF6900062DA993AC29018F007F00FFD4FF91560301A8BE
:20A9A000560100A4CCAC001F2DA906C456221EA692A690010006762228A9FFFF28A87FFFA5
:20A9B000761F01F23B01B608BE201E0C761F01F3FF29FFFFC30C761F01F4C20C761F01F59C
:20A9C0001E0C761AFF69000676228F3FFC1C761F01F028A90E0028A8FC003B01A80CBE08EA
:20A9D000B600761F01F11E0C28A943E728A81EF0761F01F21E0C761F01F3FF29FFFFC20CF8
:20A9E000761F01F4C30C761F01F51E0C761AFF690006761F174029010608FF4790075205F3
:20A9F000EC065206ED06764AA9AB0006764AA9C40006B2BD7622761F03C892085203ED3743
:20AA00008F407C00A0A909A08AA9A0A909861EA71AC40C00761F01F2A0A91AC70C00098AEE
:20AA10001A2030001EA61A063000A0A909828AA918C6FFBFA0A909871AC430001A20C00024
:20AA200083A98F0061201A06C0001A0A00801A02C00018C5FFFC1A0A0100761F03B356BF1D
:20AA3000483C761F01FC1A1201006F39D0238F407C00761F01F0CC95FFFC8AA55001D009A2
:20AA40009623CC95FFFEDC0B50029609CC23FFF750049623CC09FFFB5008960918C4FDFF77
:20AA50008F0061101AED000CCC23FFDF50109623CC09FFEF502096091A0B04001A050030A3
:20AA6000761F03B356BF1B3C761F01F01809FF3F1A0B0800761F01FC1A030800761F03B30B
:20AA7000A83E8BA418C4FF7F8EA4C5A4C4A483A456BF07C456BF0FCC1ACC0008D90FD80AA5
:20AA8000DF0B18C4FFBFDE0ADD0B56BF05E42BD41AC10010D10C1AC4008018C0DFFFD00AAF
:20AA900018C7DFFF2894C004D00B56BF04942B9C1AC620001AC52000761AFF698BBE0006D4
:20AAA000B2BDAABDA2BDE20304BDFE045AA8761F03B35BA99B008BA4923C7640AE28761FAF
:20AAB00003B39A068A3E764A9ADD761F03B3BDA10F228A3ED00ACC941F00EDFD022676406E
:20AAC000AE9F761F03B39B01923C7640AE285CAD92A276C9DDAADC835CA4FFC7761F03B375
:20AAD0009B00F60224849642CCA200FF9641923C7640AE285CADDC8359A4D202761F03B331
:20AAE00092818A3E764A9ADD000AFFFA761F03B38A3ED00ACC941F00EDFD92A3EC105AA3BD
:20AAF000BFA10F22DA81761F03B392818A3E764A9ACB000AFFFA761F03B38A3ED00ACC94BF
:20AB00001F00EDFD029E7640AE9F761F03B39B01923C7640AE2892A3FE84E2AF04BE82BEFE
:20AB100086BE8BBE0006761F03B3B2BD9B00923C7640AE28761F03B39A058A3E764A9ADDFA
:20AB2000761F03B38A3E83A40226DD0BDC0B18C5DFFF1AC420007640AE9F761F03B38A3E15
:20AB3000764A9B0059A9029E7640AE9F761F03B39B01923C7640AE2892A1FFC78BBE00067C
:20AB4000B2BDAABDA2BDE20304BDFE04BDA40F225CAD59A992A8DC835CA476C9DDADFFC753
:20AB5000761F03B3F60224849642CCA800FF9B009641923C7640AE285CADDC835BA4D202A8
:20AB6000761F03B392838A3E764A9ADD000AFFFA761F03B38A3ED00ACC941F00EDFD83A4F6
:20AB7000DC0B029EDD0B18C5DFFF1AC420007640AE9F761F03B38A3EC4A483A492A1DE0BDC
:20AB8000DD0B18C6DFFF1AC52000BFA50F22764A9AE2029E7640AE9F761F03B39B01923CE9
:20AB90007640AE2892A1FE84E2AF04BE82BE86BE8BBE0006B2BDE20304BDD022E801DA2450
:20ABA000BFA50F12E20305BDD11EE20306BDE20307BDE80CDD34E801DA27C452A350C54E1E
:20ABB000E80CDD37A994D016E20301D4E20302E4E00433F4A0C4C29CC394D018C394D01A88
:20ABC000C394D01CC294D008E0066E94D00AE00D2594D00CE00BC494D00EE00D7894D010C6
:20ABD000E2030794E2AF07BEE2AF06BEE2AF05BEE2AF04BE8BBE0006FE02761F03A5E2889D
:20ABE000020A7700E850B2127700E8023C03E274009A77007700E70000097700E694001166
:20ABF000AD1456C2001202641EAC5644000ABDA90F127700770077007700E689000077003D
:20AC0000E70000086F03E8023C00FE820006B2BDE801DA22AABDD008A2BDE20304BDE80C9B
:20AC1000DD32E20305BDE6CF0004E20306BDE20307BDC4D4D116E2AF0394D012BDA60F1653
:20AC200083C4A39CC594D00CE2AF0694D010BDA70F12E2AF0794D00EE3064D94D0228294ED
:20AC3000D01E8694D020E0028C94764AABDCBFA00F12BDA50F16BDA70F12764AABDCBFA190
:20AC40000F12BDA50F1277007700761F03A9E2AF013CE7000041BDA70F12764AABDCBFA5FB
:20AC50000F12BDA60F1277007700761F03A9E2AF013CE7000041BDA70F12764AABDCBDA3EE
:20AC60000F16BFA60F12BDAB0F127700E70001E3E70000797700E750B2387700E7100040B8
:20AC7000BDA20F167700770077007700E7000073BDA00F167700770077007700E7100009AC
:20AC80007700E72000C9BDAB0F1E77007700E70001307700E74012F37700E710005BBDA108
:20AC90000F167700BDA20F1277007700E70000697700E74192287700E7100009BDA30F12F9
:20ACA00077007700E700012B7700E74192287700E7200008BDA50F1677007700761F03A9FE
:20ACB000063CE7100009BDA90F127700770077007700E7000024BDA60F12D012E71001F383
:20ACC000D10AE710015BE312023CE71000D1E7100100E2AF03D4E2AF049CE2740042E80139
:20ACD000DA21E2AF0094D020E80CDD31C494D014E0064A94764AABDC83A4DD1AD118D01E16
:20ACE000E801F882E2AF039CBFA70F12BDA60F16D122E80E1DEAE2AF0094D0140694E70038
:20ACF0000027BDA90F12D022E3084E94D01AE74393A6E72000C5E720018FC29CE801DA20E6
:20AD0000BDA60F16E30A9694D016E80CDD30E801DA25E7000041BDA70F121E94E80CDD3560
:20AD1000E710009BD018E71001C0E7100164E7100040E801F882E02CF394E2740100E80E1B
:20AD20001DEAD01CE7000192E2AF01C5E0144894D01EE20301C5E2030094E2AF07BEE2AF86
:20AD300006BEE2AF05BEE2AF04BE82BE86BE8BBE0006B2BD1AC4800088A8CCA90FFF83A41E
:20AD400018C4FEFFD012D112761F03C718C4FFFE18E4FFDFCDF4F000CAA8DD1896F4CCA62F
:20AD50000FFFCD94F000CAA8D019969CCC1003FFD11918C4FFFD1AC40200CD94FC00CAA8A8
:20AD6000D018969C9211D118901FFF83CD94FE0FCAA8D018969C9216901FFF88CD94C1FF03
:20AD7000D018CAA896941AC58000CCC4FBFF1AA9080096C4CCC4EFFF1AA9200096C4CCC4E6
:20AD8000FFFB500896C4CCC4FFEF502096C418C4FFBF18C4BFFF18CCFFF818E4FF7F18E43A
:20AD9000FFFE18DCFBFF18DCFFFB1ADC00021ADC02008BBE00067622761F03C78F005C8029
:20ADA000FF699214931556BFD210764AAD39921493158F005CC0764AAD39921493158F00C4
:20ADB0005D20764AAD39761F03C8880892A65202EC115203ED1C761F03C892065203ED1738
:20ADC000761F03C728A90DD18F005D0028120DD16F06761F03C78F005D409212931356BF02
:20ADD000D210764AAD39761F03C88808B6008F007A000200761F01E8C3C41ED4CCC4FFFCA8
:20ADE000500196C4CCC4FDFF1AA9010096C4CCCCFFDF5010960192A65202EC0D5203ED0DBD
:20ADF000761F03C892065203ED08761F01E81801FFFC6F031801FCFF8F407A00D0200200AE
:20AE0000DC20761F01E81E9592A61AC400011A2000101A2004005202EC0D5203ED0D761F35
:20AE100003C892065203ED08761F01E81A2001006F031A201000D0C08F004000761F010308
:20AE2000CC94FFF05003D0829600761F0102CC94FFF850029602A8A909C383A9761F0103CD
:20AE3000A8A918C5FFFE09801A0300028AA9D0C08F404100761F01071AC44000CC95FFF051
:20AE40005003D0829600761F0106CC95FFF850029602A0A9761F010709C38AA9D0C0A0A91B
:20AE5000098018C4FFFE83A98F0042001A030002761F010B1AC54000CC94FFF05003D082B0
:20AE60009600761F010ACC94FFF850029602A8A9761F010B09C383A9A8A909808AA918C587
:20AE7000FFFE92A61A030002761F01021AC440001A000020761F01061A000020761F010A08
:20AE80001A000020761F01721A0300021A030200761F01731A0300021A030200761F0174E1
:20AE90001A2300021A2302005202EC0F5203ED13761F03C892065203ED0E761F01741A0311
:20AEA00000021A0302006F07761F01751A0300021A030200761F01E41A2800021A280001B1
:20AEB0001A2800201A2800101A2808001A2804001A2820001A281000761F01021A170008B9
:20AEC000761F01061A170008761F010A1A170008761F01021A170004761F01061A17000426
:20AED000761F010A1A170004761AFF6900068F00E7006F0C761F039B92009C01903F58A96C
:20AEE0009600761F01C892949609761F039B88020E000FA6EC08761F01C8CC0A1F00FFC70C
:20AEF000520FEDE90006761F039B93029D01913F58A88F00E700720597029694000688A9E8
:20AF0000FFC3900F9C30523A56C400039C07764AAEF3CCA6000F9C30523A56C400039C07BE
:20AF1000764AAEF3000680A9FFC7764AAEFF92A7764AAEFF0006761F039B9205F0FF9C015C
:20AF200090FF9605764AAEFF9A0A764AAEF39A0D764AAEF32B0500069A3F764AAEF3764A3D
:20AF3000AF1B00066F17520DEC0D761F039B9303531F56C7001058038F00E7400A039694A3
:20AF40006F09761F039B58038F00E74056BF01042B94761F01C8CC0B1F00EC049207520A23
:20AF5000EDE30006761F039B8F00E7002B022B002B05F63F2B840006761F039B8F00E74007
:20AF60002B042B03F63F2B840006764AAF52764AAF5C00067622761F01C8280A8040761A80
:20AF7000FF69764AAF65764ADD71764ADD61000692C4526156C8000592C49CE096C4523990
:20AF800056C900049CC900069CD00006C5A4DC01764AAF7888A98AA7764AAF78560304A935
:20AF900094A60006761F039B2BAB93038F00E7405DAB9DFE6F0592ABDD01948427A955A5F8
:20AFA00056C6FFFB764AAF8693AB95A992A890FF0006DC0183A4DC81764AAF78DD018AA5E6
:20AFB00056030CA988A9DC81764AAF78DD018AA5560308A972A6DC81764AAF78560304A985
:20AFC0008AA572A6764AAF7893A695A992A80006761F039B9201B2BDEC755201EC0E520255
:20AFD000ED7A764AAF6A761F039B920656B101015201ED712B016F6F930192049706EC6B74
:20AFE0008D40E74092C1522BEC585264EC405272EC1D5277ED39764AAF925200ED3592C9DB
:20AFF000526DED3292F1523DED2F8AA1DC02764AAFA9D90758A98AA1764AAFA98F00D90088
:20B0000096949A52764AAEF36F1C764AAF925200ED1B8F00E74092CC526DED16DC02764A5F
:20B01000AFA959A99A2A764AAEF392A1764AAF139A3D764AAEF38F00D900929C764AAF139C
:20B02000764AAF1B6F1C764AAF2C6F19D9018AA1764AAFA9764A09779A44764AAEF3BE0777
:20B030008F40F03892C5FFC7764AAEF39285764AAEF3000EFFF96F0356BF02012B032B0426
:20B040006F0A9606764AC71A761F039B9204520156B102018BBE0006764AAF65764AC75812
:20B050000006764AAF32764A545D764AB451764AAED7761F030092045201EC04764A299CC8
:20B060006F03764AB50E764AAFC80006761F01FC1A0A00010006761F03C892065203EC06A2
:20B07000761F01FC1A0A00080006761F01FC1A0C00080006761F01FCCC0800010006B2BD5A
:20B08000AABDA2BD7622761F03C892085202EC255203ED3C8F007C00A8A909E01EA7A8A91A
:20B0900018C7FF3F09C61EA6A8A909CA83A918C6FF3FD0C2761F01F318C5FFF7CC94FFBF78
:20B0A0005080D0C09602CC94FF0050149600761F01E456BF63016F1A76C07C00C4A783A77C
:20B0B0008AA7D042761F01F1DE60DD46DC4A18C6FFF318C5FFF318C4FFFDCC97FFFB500803
:20B0C0009602761F01E456BF2101768040008F40410006A68F0042000980FF5AA0A90980B0
:20B0D00082A9A8A9098086A906A609978BA906A609991EA6A0A909978EA9A0A9099983A963
:20B0E000A8A909971EA7A8A9A9A409991AC402001AC302008AA91AC202001AC100041AC6CB
:20B0F00000021AC000041AC500021AC700041AC40002761AFF6982BE86BE8BBE0006762257
:20B100008F007C00C4A483A4DC4ADE60DD4618C6FF3F18C5FF3F1AC40008761AFF690006F3
:20B11000761F03C892065203EC06761F01FC1A0C00080006761F01FC1A0A000800067622BE
:20B120008F007C00C4A483A4DC4ADE60DD4618C6FF3F18C5FF3F1AC40008761AFF690006D3
:20B13000B2BDAABDA2BD762276C07C00C4A783A78AA7D042761F01F1DE60DD46DC4A18C6BC
:20B14000FFCF18C5FFCF768040008F40410018C4FFFB8F004200CC97FFEF5020960206A684
:20B150000980FF5AA0A9098082A9A8A9098086A906A609978BA906A609991EA6A0A909977C
:20B160008EA9A0A9099983A9A8A909971EA7A8A9A9A4761F01E456BF220009991AC40100FB
:20B170008AA91AC301001AC201001AC100041AC600011AC000041AC500011AC700041AC490
:20B180000001761AFF6982BE86BE8BBE000676228F007C00C4A483A4DC4ADE60DD4618C64C
:20B19000FFFC18C5FFFC1AC40001761AFF690006761F01FC1A0C00010006764AB07F761FAC
:20B1A00003C892085202EC085203ED10764AB0FF764AB1106F0B764AB11F76409937764A50
:20B1B000B130764AB187764AB1988F000F9EA8A97640AE9F764A935C761F03BF02002B22B8
:20B1C0002B2356BF05262B1A761F03C81E0E761F03C31E1A761F03BF1E2E764ABC800006D8
:20B1D000761F03C892085203ED0F761F039A880E8F0093A4A8A90FA6ED077622761F01F16D
:20B1E0001A100008761AFF690006761F01FCCC080008FFC20006761F03A69A009318530014
:20B1F000EC06761F03A4423E56BD01A90006B2BDE20304BDE20305BDFE0288A9764AB1EB85
:20B200005200EC6C0EA65DADBDA90F128D40E9B89A04DD828AA1E68B000488A5E6CF002032
:20B21000764A8E0A884192A6EC07804292A7520456B103A76F038042BE0192A754A6EC1F9F
:20B220003B018AA1560301A7FF5A560301A6560100A48EA9A9A9560100A1E2AF00C4E32871
:20B2300011C1E720004077007700E27400107700770077007700E8CFE0006F0A3B01560310
:20B2400001A6E801FC008EA9560301A7FF5A7680E9A83AA98F00E9B0C5A6560100A683A4B0
:20B25000560100A4A9A9E2AF04C6E30822C4560100A7560100A5761F03A6E8CFE001E304AE
:20B2600005C7E30A53C5E70000C9E7100112E7100040E2030224E2030026FE82E2AF05BE22
:20B27000E2AF04BE8BBE0006B2BDAABDA2BDE20304BDE20305BDE20306BDFE049B00BDA5F3
:20B280000F26520456B901A8BDA40F2252049643E2AF0654974256C60060761F03A4423EAE
:20B29000EF5B560301A98D40E9B89641BFA50F228AA10EA9764AE1DB8D80E9A89241BFA544
:20B2A0000F268AA20EA9764AE1DB8DC0E9B09241BFA50F2A8AA30EA9764AE1DB2901924345
:20B2B000BFA60F22BFA50F26BFA40F2A560301A98EA9560100A6560100A5560100A49243B0
:20B2C000DE82DD82DC8287C6E2AF00C5E2AF01C4520456C700199A04B2AB9E43565700A0A3
:20B2D000A9A49CFFAAAB565700A0A9A5A2AB565700A0A9A788A9AB84E2030085E203018765
:20B2E000000EFFFB761F03A656BF0118761F037F9212764AB1F79242FE84E2AF06BEE2AF7B
:20B2F00005BEE2AF04BE82BE86BE8BBE0006761F03A6E2AF001E0006761F03A6E2AF001C77
:20B300000006761F03A6E2AF00200006761F03A6E2AF001A0006E20304BD761F03A5E80276
:20B31000064AE2AF0422761F03A5E20305BDE2AF000C761F03A4E8087EDAE2C40337E2034C
:20B3200006BD761F03A4E2C40139761F03A5E20307BDE2740020E306AE0E761F03A68A2243
:20B33000761F03A4E27401A7E2C4033AE700006A761F03A5E8020649E8087ED9E274009AE2
:20B34000E30144C4E30F7B0E761F03A5E3084ED4E301850C761F0383E306A328E30FB72827
:20B35000761F03A6E700010CE7000152E70000C0E7000089E00F9C1CE300421CE006911EDD
:20B36000E2030020E203021AE2AF07BEE2AF06BEE2AF05BEE2AF04BE0006B2BD8D40010032
:20B3700058A88F00E5C073A18F40D90088A99694969D92A052C856C700058F00DBC07E9495
:20B380008BBE0006764A0110BEC78F40DA0076C0E5C08F00DBC0928496859687000EFFFD02
:20B390000006B2BD764A1C22761F038659A993195302EC72764A15429B41764AB36D92A1A5
:20B3A000764A192E9B42764AB36D92A1764A16849B43764AB36D92A1764A1A009B44764AD2
:20B3B000B36D92A1764A16849B53764AB36D92A1764A1A009B54764AB36D92A1764A17D14B
:20B3C0009BB1764AB36D92A1764A17D19BB2764AB36D92A1764A17D19BB3764AB36D92A1FD
:20B3D000764A1AD39B46764AB36D92A1764A1B389B47764AB36D92A1764A1B3A9B66764ADE
:20B3E000B36D92A1764A1B3C9B68764AB36D92A1764A1B3C9B6A764AB36D92A1764A1B3C87
:20B3F0009B6C764AB36D92A1764A1B3E9B65764AB36D92A1764A1B7A9B67764AB36D92A18D
:20B40000764A1B7A9B69764AB36D92A1764A1B7A9B6B764AB36D92A18BBE0006761F036902
:20B41000541D56C2000B9CF6D05D8F00DBC0961D761F0398961D96940006761F0369541E66
:20B4200056C4000B9C0AD05E8F00DBC0961E761F0398961E96940006B2BD7649F82D59A9CC
:20B430007649F9139B00764AB36D92A17649F9119B1A764AB36D92A17649DE339BC8764AFF
:20B44000B36D761F03A49A009BC32B29764AB36D92A17649DF769BAD764AB36D92A18BBE79
:20B450000006B2BDD100AABD8D80DA00A2BD8DC0E5C093C255C3EC06761F03BC9226520F2B
:20B46000ED0B761F03BC9226520FED7F8F00DBC0929C96C26F7A92A188A8524E56C2000D3A
:20B47000524EEC5F5219EC69521CEC125220EC61524BEC5B6F665250EC1B525DEC4E525EEB
:20B48000EC4808A9FF43520256C900136F5A80A68F005BA2A8A90FA7ED07761F03971B1C23
:20B490005B9CEC02881C92A6764AB3916F49764A00ED764A970D761F03969BBD9225764A11
:20B4A000B36D761F03969BBE922D764AB36D761F03969B50922B764AB36D761F03969BBF08
:20B4B0009226764AB36D92A152BDED05761F039688256F2752BEED05761F0396882D6F21CA
:20B4C0005250ED05761F0396882B6F1B88266F1992A6764AB40E6F1592A6764AB41D6F11B0
:20B4D00092A6764A9B6B6F0C92A6764A9B606F0892A6764A833C6F0492A6764AB42C88A946
:20B4E00092A693A1764AB36DD90192A1DA01DB0152C856C8FF7082BE86BE8BBE0006761F2D
:20B4F00003001A05000156BF05020006761F03002B062B052B042B00764AB4EF0200BE9FE2
:20B50000E5908F40C180560100A5D410E2030085000CFFFE0922000EFFF60006B2BDAABD49
:20B51000A2BDFE02761F0300920093085201974156C00146761F03A4923D56C100B19A22E0
:20B520002D418D80C18036A9560100A2E2AF00C2764A684F8D40D900DA02D06088A92BABF4
:20B53000E2AF00D2E68A000028AAA5A57E91BFA90F1290000FABEC16E2AF00C2764A684F5E
:20B54000D061E2AF00D296919A96764A688BD062E2AF00E296919A96764A688BD063969144
:20B550006F17E2AF00C2764A684FE2AF00D2E68A0000D1618DC0D900BFA60F12D062969B77
:20B56000E2AF00E27E93764A684FD0639693E2AF00F2764A6841D1648DC0D900D008E2AFC4
:20B570000092969B764A6841D165D00AE2AF0092969B764A6841D166D00CE2AF0092969B5B
:20B58000764A67B1D167D00EE2AF0092969B764A6841D168D010E2AF0092969B764A68412A
:20B59000D169D012E2AF0092969B764A68BCD06A761F03A49693413EEE09D014E2AF00922B
:20B5A000764A6841D06B96936F09D014E2AF0092764A67B1761F0365962BD016E2AF0092A0
:20B5B000764A67B1D16CD018E2AF0092969B764A67B1D16DD01AE2AF0092969B764A67B1FE
:20B5C000290188A976C0C0409241560301A9560100A7D07093C79793D01C6F7A9A222D4143
:20B5D0008D80C18036A9560100A2E2AF00C2764A684F8DC0D900D060E2AF00D29693764AC9
:20B5E00067CDD061E2AF00E29693764A67BFD062E2AF00F29693764A67BFD163D008969B63
:20B5F000E2AF0092764A6841D164D00A969BE2AF0092764A6841D165D00C969BE2AF00927D
:20B60000764A6841D166D00E969BE2AF0092764A67B1D167D010969BE2AF0092764A6841AB
:20B61000D168D012969BE2AF0092764A6841D169D014969BE2AF0092764A68BCD016D16ACB
:20B62000E2AF0092969B764A67CDD16BD018E2AF0092969B764A67B1D16CD01AE2AF009228
:20B63000969B764A67B1D16DD01CE2AF0092969B764A684F290188A976C0C040924156033F
:20B6400001A9560100A7D07093C79793D01EE2AF009206C7D171E68E0000D06E979BBFA714
:20B650000F127E93761F0300D06F7F930A0856BF0200920852A056C800032B08FE8282BEF6
:20B6600086BE8BBE0006761F03B3B2BD9200AABDE20304BDED04E2AF00066F47761F03AA5E
:20B67000E802355CE2AF00328D80ECCA761F03B3E80F0004E2AF0106E2AF02088AA2E69797
:20B680000004E2AF0006E6CF0023764AA477E802355AE80F0002E7200112761F03B3E2AFF4
:20B69000012EE2740051D10ED00AC436E2030092E2770009C52C8AA2D02AC2D2E720004244
:20B6A000E2030192E6AF0012E203029A3E67761F03B3E2AF001AE2AF0106E2AF02088AA2F0
:20B6B000E6CF0023764AA5CFE2AF04BE761F03B386BEE20300048BBE0006FE02761F03B309
:20B6C0009A00E2AF0010E5A0AD1456B401A9FE820006E20304BDE20305BDE20306BDFE04B8
:20B6D000523056C2000E522F56C300195205EC16520AEC145216EC125218EC106F0B523979
:20B6E000EC0D52F3EC0B88A98F000121A8A90FA6EC05761F03B32B006F05761F03B356BFF2
:20B6F000010028424000E802315A284144CE8F00ECCAE801FC00E8020001E802060328442B
:20B700004000E80F0002284344CE764AA4E8761F03B39200EC08761F03A49223EC04764AB5
:20B710008D9E6F03764A5C43761F03B3E802315AE2030006E8023559E595E594E593E84F58
:20B72000C000E80F00020606E80F0001E2030516E2030514E00034222B20E203031EE27471
:20B730000196FE841E18E203010AE2030002E2030608E2AF06BEE2AF05BEE2AF04BE0006DE
:20B74000FE02761F03B3E2AF0136E688000877007700BFA90F12E68900007700E7200008F4
:20B750007700E811F800AD1456C5000BE88FE0087700E688000077007700BFA90F129B0A2A
:20B7600000CAE17C3B0185A9BDA90F12770077007700FE82E68900000006761F03B3E2AF7B
:20B77000002E0006761F03B3E2AF012EE2AF0230E7000051E801FF88E80A31D8E27400407E
:20B780007700770077000006761F03B3E2AF00040006761F03B3E2AF00300006B2BDE203F2
:20B7900004BDFE02761F03B39200EC37761F03AAE802355CE2AF01328D40ECCA761F03B389
:20B7A000E80F0004E2AF02088AA1E697000CE2AF0106E6CF0023E6970008764AA4778AA144
:20B7B000E6CF0021764AA63D761F03B3E801FC60E2AF020AE80E6668E7000080E2AF0136E0
:20B7C000E6940001AD1456C4000FE7200101E2030036E20301386F07761F03AA0632761F3D
:20B7D00003B31E36FE82E2AF04BE8BBE0006FE028F0AE365A84276225DAD2901FF4EDD82EA
:20B7E00080A58F000D0018A9FFFE560100A4F6012484761AFF69FE820006FE02A842762230
:20B7F0005DAD2901FF4EDD8280A58F000D0018A9FFFE560100A4F6012484761AFF69FE82C8
:20B8000000067608293092BE9001000676083B3092BE90010006528088A956C2001E528089
:20B81000EC60520856C200125208EC6780A68F008000A8A90FA7EC3D92A65201EC67520204
:20B82000EC625204EC5D00065210EC545220EC4F5240EC4A00061BA6080056C200181BA63E
:20B830000800EC3380A68F000100A8A90FA7EC3680A68F000200A8A90FA7EC2D88A68F005E
:20B840000400A8A90FA6EC24000680A68F001000A8A90FA7EC1780A68F002000A8A90FA71D
:20B85000EC0E88A68F004000A8A90FA6EC050006762F7FFF0006762FBFFF0006762FDFFFCF
:20B860000006762FEFFF0006762FF7FF0006762FFBFF0006762FFDFF0006762FFEFF000694
:20B87000762FFF7F0006762FFFBF0006762FFFDF0006762FFFEF0006762FFFF70006762FBE
:20B88000FFFB0006762FFFFD0006762FFFFE00061EA676228F000CE0FF691AC40001764A7B
:20B89000B80627A906A60EA81EA602200FA656C90013020D0FA656C600450210B6000FA639
:20B8A00056B701A793A692A79DFF2DA8FF6620A8CAA86F36027F0FA656C7001206A6290171
:20B8B00019801EA7FF42FF30560100A492A69B0190079C082DA9FF6799D46F0F06A62901A3
:20B8C00019201EA7FF42FF30560100A492A690072DA99A01FF6698D4770077007700770012
:20B8D000770006A7FF69FF422DA99A01FF662FA9764AB80B761F0033572120A9CAAA23A911
:20B8E000761A92ABED04FF69764AB801FF6900061EA67622FF69764AB80627A906A60EA8C7
:20B8F0001EA602200FA656C90013020D0FA656C6004502100FA656C80041DE819A012DA653
:20B90000FF66FF5E20A8CEA823A96F37027F0FA656C7001206A629018F000CE019801EA7A1
:20B91000FF42FF30560100A492A6900788A9DE082DA66F0E06A629018F000CE019201EA727
:20B92000FF42FF30560100A492A690072DA99A01FF66FF5EC0D477007700770077007700B3
:20B9300006A7FF69FF422DA99A01FF662FA9764AB80B761F00335721761A92ABED04FF690A
:20B94000764AB801FF690006FE02E8120900AD1456C30007E801FD60E80E66686F22E81287
:20B9500015A0AD1456C50007E80203A8E80E14786F18E80211E1E80B3331E6940008AD142B
:20B9600056C20007E8021019E80CCCD16F05E8021021E80E6669E71000407700E84F40008B
:20B97000FE820006FE02764AB944284105DCE802256128420E42E80EFA91E2C40241E700AF
:20B980000009E2C40042E7200089E2C402427700E750808977007700E2740008770077004B
:20B99000FE820006764AB944E8022563E8022D3AE80EFA93E80C0002E8022D39E7000018C9
:20B9A000E80C0001E75080127700E6AF0012E274001177007700E8022888E80D0000E720C0
:20B9B00000080006FE02761F039A880E8F0093A4A8A90FA6EC04764AB9726F03764AB9927D
:20B9C000E5A0AD1456C30006E80244D0E80A6000E801C689E80DB8B9E7000008764AD92C60
:20B9D000E801CCD9E801DADAE808EB19E7000008E80F5B12E71000117700E801FC03E27428
:20B9E00000597700E8021C42E80C0002FE82E72000880006B2BD8F005000764AC81C764A72
:20B9F000B9B28D40E3682901761F038D5603022607A18AA9E20300C48F005020764AC81CBD
:20BA0000764AB9B22901761F038D5603022607A18AA9D008E20300948F005040764AC81C3C
:20BA1000764AB9B22901761F038D5603022607A18AA9D010E20300948BBE00068F00E368BE
:20BA2000761F038DF6172B842B260006FE02BE01E590E2AF01D4DC04E6940001E6C2000829
:20BA30007700000EFFF8FE820006761F038D92260006B2BD8BA4E6CF0002E2AF00C1E85032
:20BA4000B201E2AF00D1764A3BC0E20300D18BBE0006761F038D0A261B260001EC022B263B
:20BA50009226764A784C00068F0107660EA9A8AC564400A90EA81BA90FFF56C9000428A9CD
:20BA60000FFF28AC271028A8100032A99FA9BDAB0F120EA8BDA90F1E770077007700E68B02
:20BA70000001E68B001877007700E2740008764AD92CE801CC12E801A2D9E7000003E80B13
:20BA8000DA9AE80C7031E70000C3E7000010E70000CAE801D363E7100080E80BB703E71011
:20BA900000C07700E801FC02E274001177007700E8021C43E80C0003E72000C87700E83283
:20BAA00018B0E82611000006761F01FC4810EE039A0000069A01000676228F007C00A8A989
:20BAB00009A11EA6A8A9098783A9A8A9098A8AA918C6FCFF18C5FCFF18C4EFFF761AFF6971
:20BAC000000676228F007C00A8A909A11EA6A8A9098783A9A8A9098A8AA918C6CFFF18C551
:20BAD000CFFF18C4BFFF761AFF6900067622761F03C892085202EC155203ED248F007C0098
:20BAE000A8A909A11EA6A8A9098783A9A8A9098A8AA918C63FFF18C53FFF18C47FFF6F1251
:20BAF0008F007C00A8A909A01EA6A8A9098683A9A8A9098A8AA918C6CFFF18C5CFFF18C417
:20BB0000FFBF761AFF69000676228F007C00A8A909A21EA6A8A9098883A9A8A9098B8AA9E0
:20BB100018C6FF3F18C5FF3F18C4FFF7761AFF69000676228F007C00A8A909A11EA6A8A95B
:20BB2000098783A9A8A9098A8AA918C6F3FF18C5F3FF18C4DFFF761AFF69000676228F00B4
:20BB30007C00A8A909A21EA6A8A9098883A9A8A9098B8AA918C6FFCF18C5FFCF18C4FFFB66
:20BB4000761AFF6900067622761F03C892085202ED128F007C00A8A909A01EA6A8A9098659
:20BB500083A9A8A9098A8AA918C63FFF18C53FFF18C4FF7F761AFF6900067622761F03C80B
:20BB600092085202ED128F007C00A8A909A21EA6A8A9098883A9A8A9098B8AA918C6FFF317
:20BB700018C5FFF318C4FFFD761AFF69000676228F007C00A8A9098783A9A8A9098A8AA949
:20BB800018C5FFFC18C4FEFF761AFF690006764ABAAC764ABAC1764ABAD6764ABB04764A06
:20BB9000BB19764ABB2E92085202ED07764ABB43764ABB5D764ABB770006761F03C89208AE
:20BBA0005202EC039A000006761F01FCCC110002FFC00006761F03C892085202EC039A0095
:20BBB0000006761F01FCCC100080FFC60006761F01FC4211EE039A0000069A010006761F0A
:20BBC00001FC4D10EE039A0000069A010006761F01FC4311EE039A0000069A010006761F2C
:20BBD00003C892085202EC0A5203ED06761F01FC9210FFCE00069A000006761F01FCCC1049
:20BBE0000040FFC50006761F01FC4E10EE039A0000069A010006761F01FC4C10EE039A00A0
:20BBF00000069A010006761F03C29227ED3B761F03C71828FFF7761F03C256BF0127761F92
:20BC000003C8060EED12761F03C3061AED09761F03BC56BF0426761F03C22B276F0A761F88
:20BC100003C256BF01216F05761F03C256BF0221922056B1962556B1962256B1962356B118
:20BC20000121EC09282503E8282201F4282301F42B1E961F761F037F9214761F03C2962467
:20BC30000006761F037F9214761F03C29E24542556C80047764AA68F5200ED16761F03C78E
:20BC400088258F00AA00A8A90FA6ED05761F03C71A280008761F037F9314761F03C2922291
:20BC5000972496250006761F03C20A1E8823761F037F80142BAA761F03C20E1F271E761F4A
:20BC600003C71828FFF7761F03C27E257F240FABED1792212B1E5201EC129226ED032B271F
:20BC70006F0B932128A903E856BF962256BF9623971F94A696251C26000100062B270006E3
:20BC8000761F03C256BF01262B2056BF01212B1E2B1F2B272B242B222B230006FE02761F22
:20BC900003C8060E1E42ED43761F03C3A31AA9A956C100A528A9100828A801FCCEABCFAA57
:20BCA000FF5856C00096A9A99B0018A90404FF5856C0008892AB41A9EE7DA9A99B00903097
:20BCB000FF58ED71A9A99B0018A90300FF58ED6492AB40A9EE5A46A9EE5147A9EE444BA9B4
:20BCC000EE0F8F030000A8A9CEABCFAAFF58EC42761F03C29220520A56B00A206F6F761F02
:20BCD00003C29220520956B009206F6818A90FC09B00FF58ED5D8F0FF000A8AB92ABCE4282
:20BCE00027A992AACE412FA9A9A9ED4B06429B009030FF58ED3F06429B00900CFF58ED33AB
:20BCF00006429B0018A90300FF58ED260642560800F0ED1B064256080700ED100642560835
:20BD0000C000EC08761F03C29220520856B008206F35761F03C22B206F31761F03C29220E6
:20BD1000520756B007206F2A761F03C29220520656B006206F23761F03C29220520556B069
:20BD200005206F1C761F03C29220520456B004206F15761F03C29220520356B003206F0E3C
:20BD3000761F03C29220520256B002206F07761F03C29220520156B00120FE820006762251
:20BD40008F407C008AA5761F01F0DC0C1AC400011A0C0002CCF5FFFC50019606CC06FFF783
:20BD500050049606761AFF69000676228F407C008AA5761F01F0DC0C1AC400041A0C000855
:20BD6000CCF5FFDF50109606CC06FF7F50409606761AFF69000676228F407C008AA5761F07
:20BD700001F0DC0C1AC400101A0C0020CCF5FDFF1AA901009606CC06F7FF1AA9040096065E
:20BD8000761AFF69000676228F407C008AA5761F01F0DC0C1AC400401A0C0080CCF5DFFFC2
:20BD90001AA910009606CC063FFF1AA940009606761AFF69000676228F407C008AA5761FD0
:20BDA00001F0DC0C1AC401001A0C0200CCFDFFFC50019607CC07FFF750049607761AFF693F
:20BDB000000676228F407C008AA5761F01F0DC0C1AC404001A0C0800CCFDFFDF5010960739
:20BDC000CC07FF7F50409607761AFF69000676228F407C008AA5761F01F0DC0C1AC4100079
:20BDD0001A0C2000CCFDFDFF1AA901009607CC07F7FF1AA904009607761AFF690006762224
:20BDE0008F407C008AA5761F01F0DC0C1AC440001A0C8000CCFDDFFF1AA910009607CC07AD
:20BDF0003FFF1AA940009607761AFF69000676228F007C00A8A9FF12005383A9A8A9FF1172
:20BE000000A38AA9761F01F51AC500021A0C0004CCC4FFF750049606CC06FFDF5010960694
:20BE1000761AFF69000676228F007C00A8A9FF12005383A9A8A9FF1100A38AA9761F01F5CE
:20BE20001AC500081A0C0010CCC4FF7F50409606CC06FDFF1AA901009606761AFF6900067F
:20BE300076228F007C00A8A9FF12005383A9A8A9FF1100A38AA9761F01F51AC500201A0C87
:20BE40000040CCC4F7FF1AA904009606CC06DFFF1AA910009606761AFF69000676228F0075
:20BE50007C00A8A9FF1200531EA6A8A9FF1100A383A9761F01F51AC600801A0C0100CCC50A
:20BE60003FFF1AA940009606A8A9FF1001478AA9CCC4FFFC50019607761AFF690006764AD3
:20BE7000BD3F764ABD55764ABD6B764ABD83764ABD9B764ABDB1764ABDC7764ABDDF764A56
:20BE8000BDF7764ABE13764ABE30764ABE4E00069A4B764A6981761F03C128A9012CE20312
:20BE90000030764A6906761F03C1E203002E922CEC20761F03BF923BEC0F761F03BC9225D3
:20BEA0005201EC17761F03C1922C5201ED05761F03C39209EC0E761F03C89206761F03C18F
:20BEB000520356BF0127ED089A00764A78560006761F03C12B270006FE02761F03C8920614
:20BEC0005203ED03764A7BAC761F03C19227520456C2000F520456C1009B520156C100D65F
:20BED000520256C1009E5203EC16FFEF00DF520556C100845206EC0F520756C000D79226E2
:20BEE00056B10127761F03C89206520356C000CEFFEF00C54028EF2A761F03C89206761F21
:20BEF00003BC520356B00123761F03C11828FFFE5203ED1C761F03C29201EC115201EC0BCC
:20BF00005202ED149A00764A7856761F03C156BF06276F0C9A01764A78566F089A00764A94
:20BF10007856761F03C156BF0527761F03C19226ED0328290BB8CC280002FFC04128EE1B6D
:20BF20000A291B290BB856C70010E2AF002E761F03C3E2AF0120E6940001AD1456C4000573
:20BF30005200ED096F24761F03BC2B23761F03C11A280002761F03BF9232ED19761F03C856
:20BF40009206761F03C11828FFFD5203ED0D9A00764A7856761F03C11B290BB856B80427A4
:20BF500056B707276F0356BF04272B29761F03C892065203ED5A6F52761F03C892065203EE
:20BF6000ED54761F03C29201EC506F04761F03BC2B23761F03C1922656B101276F46761FB8
:20BF70000383E2AF0000761F03C1E2AF0130E69500002B29E6940008AD1456C3001C761FA3
:20BF800003BF923B5201ED06761F03C1922C5201ED037640A8A2761F03BC9225EC05764AB6
:20BF9000A6B85200ED07761F03C156BF03271A280001761F03C1922656B10127761F03C872
:20BFA00092065203ED126F0A9226520156B10227761F03C892065203ED08761F03C29201B2
:20BFB000761F03C156B10527FE820006761F03C12B262B282B272B2C2B290006B2BDAABD89
:20BFC000FE0286A492EA2DC254AC56C8000992F254AC562A06C2562A06AC6F032DA996C207
:20BFD00036CABDA90F1228A910009EAC0EA9BDA90F1E770077007700E68B0001E68B0018F5
:20BFE00077007700E2740008764AD92CD11CE7000002D01EE7000082E2AF0192E3028B9AD5
:20BFF000E70000C2D01AE7100050E2AF0392E71000C07700E801FC02E274001177007700C7
:20C00000E8021C43E80C0003E72000C87700E8121BD0AD1456C2000AE8161BD0AD1456C30F
:20C010000007E8061BD06F03E8021BD0E850B200FE82E68C000086BE8BBEBFA90F120006F1
:20C02000B2BD2DC492EC54AC56C8000792F454AC562A06AC6F022DA936ACBDA90F120EACDB
:20C03000BDA90F16D108D00AE2AF039CE68B0002E68B0008E3069994E7000042D00CE71084
:20C04000009BE2AF0194E710005B7700E688001877008BBEBFA90F120006B2BDAABD86A481
:20C0500092C254EA56C6004C54F256C800490EA9BDA90F1277007700E801D401E80900410D
:20C06000E68B0002D01EE700008BE801E119E2C400D2E80223CAE70000C0E80EB851E7002E
:20C070000008E80FFFFAE7000011E2AF0392E750B45877007700E27400817700E2C403CAA8
:20C0800077007700E27400C8764AD92CD11CD01AE2AF019AE7000041E2AF0092E71000404A
:20C090007700E801FC03E274001977007700E8021C42E80C999AE72000886F03E8021BD08F
:20C0A000E850B2007700E68C000086BE8BBEBFA90F120006B2BDE20304BD92EC93C454A8AB
:20C0B00056C8000692F454A856C9000493A996C40EA8BDA90F127700E801CC01D010D112E4
:20C0C000E68B0000E8080069E3004294D014E310939CE2AF0494E74202C3E2740082D11601
:20C0D000E274005BD00EE2AF0494E7000111E2AF049CE7419302D018E7100050E2AF049459
:20C0E000E71001007700E850B2007700E6880000E2AF04BE8BBEBFA90F120006761F03C778
:20C0F0009A00932C530056B101A90006B2BD520059A4EC115201EC0C5202EC0492A89B01AD
:20C100006F0392A89B007640AE289B016F0992A89B016F0392A89B007640AE289B0092A1C1
:20C110007640AE288BBE0006761F03C88808B2BDAABD92A65202A2BDEC48761F039A800E8F
:20C120008F0093A6A8A90FA7EC3B800E8F0093A7A8A90FA7EC35800E8F009374A8A90FA75F
:20C13000EC2F800E8F009375A8A90FA7EC29800E8F00936EA8A90FA7EC23800E8F0093703F
:20C14000A8A90FA7EC1D800E8F009371A8A90FA7EC17800E8F009372A8A90FA7EC1192A646
:20C150005203ED17880E8F009373761F03C7A8A90FA656B0012DED022B2D2B2C6F0A761F06
:20C1600003C756BF022C6F05761F03C756BF012C761F03C72B2A7622922C56C1009E52028A
:20C17000EC578F007C008F407F00A8A98BA58EA40986C5A4C4A482A9761F01F1A8A9D91212
:20C1800018C3FFFCD848DD0B098A86A9DF4BDE49A8A91AC2000109891AC1000186A918C00B
:20C19000FFF3A8A91AC70002098B1808FFFC8AA91A0B00019B3118C6FFCF1A0B0400761F2B
:20C1A00001F21AC504001806FFF31A0A0002761F01FC1A120002761F01F21806FFCF1A0A1B
:20C1B0000004761F01FC1A12000418C2FFFC1AC40100D430761F01F29A03FF691809FFF351
:20C1C0001A0B0200764AC0F6764A9B156F4C8F007C0076C07F00A8A986A48BA48EA7C4A490
:20C1D000761F01F083A40989DA07D90AD80218C2FFCFDF0B1AC10400DE49DD4B1AC00400D4
:20C1E0008BA91807FFFCA8A91A0A0100098B1807FFF38AA91A0A02009B0818C6FFCF1AC54F
:20C1F00004001AC704001807FF3F1A0A0800761F01FC1A020800761F01F01807FCFF1A0A43
:20C200001000761F01FC1A02100018C1FFFC1AC40100D4096FB0FF69764A9EB18F00E7862E
:20C21000764A9F6A761A82BEFF6986BE8BBE0006B2BD88A876223B018F40EF08560301A93E
:20C22000560100A5C5C592A6D063FFC08BA783A718C7FFF7C4A79697DD61D90892C52BC51F
:20C2300083A7DE082BE7CCC7FFFEDD6B500296C718C7FC7F18C7E3FF18C7FFFBCCC7FFDFE0
:20C24000501096C792C52BC583A718C1FFEF18C6FFFCC4A7D040D140DD0CDE0CCC97FFEF60
:20C250005020D040969FD140CC97FF7F5040D00C969FD15318C6FFCF1AC50003CC97FFFB77
:20C26000D00C50089697D0517C977C9F761AFF698BBE0006B2BD80A876223B018F00EF08D6
:20C27000560301A9560100A4C4C492A7D0639CFFC5A68AA61AC6000883A69696DC61DF0825
:20C2800092C42BC48AA6DD082BE618C6FFFCDC6B18C6FC7F18C6E3FF18C6FFFBCCC6FFDFB2
:20C29000501096C692C42BC48AA618C7FFEF18C5FFFC83A6D040D140DC0CDD0CCC96FFDF5D
:20C2A0005010D040969ED140CC96FFFE5002D00C969ED15318C5FFCF1AC40003CC96FFFBFC
:20C2B000D00C50089696D0512B962B9E761AFF698BBE0006761F03C89208B2BD761F03BC5F
:20C2C000520356B10A0156B105077622FF69761F174C1823FFFB761F039A920E764A200302
:20C2D000761F03BC5CA99A019305764AC2189A029305764AC2189A039305764AC218761FF6
:20C2E00003C892085203ED11761F03BC9A0B9301764AC26A9307761F0129922B761F03C897
:20C2F0009208761F0129972B8F004100D161761F010518C4FFCF8F404200D0611AC40004A8
:20C30000939C56BF0221761F01041A002000761F010918C5FFCF1AC50004939556BF022155
:20C31000761F01081A0020005203ED1776228F407C008AA5D022761F01F0DC0D1AC400206B
:20C32000CC95F7FF1AA90400D0089622CC95F7FF1AA904009608761AFF69764ABD3F764A1F
:20C33000BD55764ABD6B764ADA8C761AFF698BBE0006761F03BDE801E118E2C40103E80EAF
:20C34000B8509200E7000040E591E2030016E2030114764A6952761F03BD9201E203001A4F
:20C35000764A68F1761F03BD9206E203000C764A6981761F03BD9207E203000E764A6981A1
:20C36000761F03BD9204E203000A764A6981761F03BD9B009202E2030008520056B001A8C7
:20C370009705761F03C19201764A6952E801E119E80EB851E7000008761F03BDE203001887
:20C380000006761F03BD2B02280307D056BFBF0056BF1E0156BF14062807012C28040190C3
:20C390000006AABDE20304BDFE02761F03BD920556C100B9E2AF0116E6AF0000E700000991
:20C3A000E2AF0410E7200108E2AF020CE7000012E2AF0310E71000D07700E2030010E2AFC8
:20C3B0000210E0246112E2AF031AE694001CAD1456C20014E2AF001AE6AF0000E6940004F5
:20C3C000AD1456C30012E2AF021AE7100089E6CF0004E20301106F08E2AF041AE72001085F
:20C3D0007700E2030010E2AF000E761F0384E2AF012CE6940001AD1456C5002D761F03BD8F
:20C3E000E2AF000AE6940001AD1456C50030E2AF0008E6940001AD1456C40004E5946F261A
:20C3F000E2AF000AE2AF0108761F0384E2AF022C761F03BDE3204308E720009977007700EC
:20C40000E27400087700770077007700E70001046F0DE5A0AD1456C5000AE2740020770022
:20C41000770077007700E700000C761F03BDE2AF001AE6940004AD1456C2000AE6AF0000BE
:20C42000E6940004AD14E6C400046F03E2AF041A761F03B7E2AF0008764A5E2F761F03B76A
:20C43000BFA20F12E2AF0008764A5E25BDA20F167700761F03BD92025202E697000CE69651
:20C440000004ED11E2AF0018761F03BCE2AF0136E6950000E6950009E6940001AD1456C2C2
:20C450000003E594E6CF0020FE82E2AF04BE86BE0006B2BDFE14761F01C81831FFDF7622C0
:20C460008F007C0083A4DC47DD6118C53FFF18C43FFF761A761F03BB8D407F005DADFF6953
:20C470002D238AA1DD94350D88A5DC0C1AC48000764AE2B25CAD88AD8F49DD08DC94DE90DE
:20C480005CA488A6764AD53D5CAD88AD8F49DD0CDC90DE8C5CA488A6764AD53D5CAD88AD89
:20C490008F49DD10DC8CDE885CA488A6764AE3735CAD88AD8F49DD0CDC88DE845CA488A6C2
:20C4A000764AD53D5CADDC845CA4764AE19E7640AE9FD90A1AC180007622761F01F1CC21B5
:20C4B0003FFF1AA940009621CC073FFF1AA980009607761A5CADFF69761F03BBDC9492230A
:20C4C00088A4764AE2B25CAD88AD8F49DD08DC94DE905CA488A6764AD53D5CAD88AD8F49ED
:20C4D000DD0CDC90DE8C5CA488A6764AD53D5CAD88AD8F49DD10DC8CDE885CA488A6764ACE
:20C4E000E3735CAD88AD8F49DD0CDC88DE845CA488A6764AD53D5CADDC845CA4764AE19E79
:20C4F0007640AE9F761F01C81A310020FE948BBE0006761F01C896390006761F01C8CC3BE7
:20C500001F00FFC70006761F01C8923700060EA9BDA90F127700770077007700E68B000078
:20C510007700E801FC01E274000977007700E8024BA0E8092000E70000407700E68E000069
:20C520007700761F03BBBFA90F129623762276807C00D061761F01F18AA6CC96DFFF83A694
:20C530001AA91000D0479621DC4ACC96EFFFDD481AA92000960718C4BFFF8AA6CC213FFF3A
:20C540001AA94000DE629621DC4BCC073FFF1AA9800096071A0A8000761F01FC18C6FFF3C3
:20C5500018C5FFF31AC400021A0B0002761A7622761F01C856BF073056BF233156BF013272
:20C5600056BF45331A3A4000761AFF699A010006761F01C8183BDFFF1A3B20000006FE04F5
:20C570007622D02276807C00761F01F0CC96DFFF83A68AA61AA910009622D023DD08DC0B46
:20C580001AC5300018C4FFBF8AA61AE63000CC223FFF1AA94000DC0996221A08C000180BC1
:20C59000FF7F1A04C000CC96FFFC500196231AC40003180BFEFF1AEE0003CC23FFF7500483
:20C5A00096231A09000C180BFDFF1A05000CCC23FFDF501096231A090030180BFBFF1A05D4
:20C5B0000030CC23FF7F504096231A0900C0180BF7FF1A0500C0CC23FDFF1AA90100962342
:20C5C0001A090300180BEFFF1A050300CC23F7FF1AA9040096231A090C00180BDFFF1A054E
:20C5D0000C00761A9B08FF699A01D400764A84799A029B01D400764A84799A029B02D400A2
:20C5E000764A84799A029B04D400764A847956BF7F41D401D5039A019B082B4256BF074326
:20C5F000764A84F056BF7F41D401D5039A029B012B4256BF0743764A84F056BF7F41D40193
:20C60000D5039A029B022B4256BF0743764A84F056BF7F41D401D5039A029B042B4256BFCA
:20C610000743764A84F09A01764A83A59A02764A83A59A01D400D5009B002B41764A84BC3A
:20C620002B419A02D400D5009B00764A84BC9A019B08D400D5002B4156BF0142764A83C1FF
:20C630009A029B01D400D5002B4156BF0142764A83C19A029B02D400D5002B4156BF01429B
:20C64000764A83C19A029B04D400D5002B4156BF0142764A83C19A01764A83979A02764A59
:20C650008397761F03B12B362B342B332B3B2B3A2B392B372B382B282B272B2A2B252B24BC
:20C660002B292B262B2F2B2E2B312B2C2B2B2B302B2DFE84000693A99DFF531256C6000DB8
:20C670009CFF560301A988A976CAE67806A70DA61EA7C5C77620761F038392300006761F7E
:20C6800003BFE2AF00146F60761F03BDE2AF0014764A67BF0006761F03C3921B0006761FDB
:20C6900003C3921A0006761F03AA92060006761F039392180006761F0384E2AF000A764AE0
:20C6A00068BC0006761F036DE2AF00246F25761F0385E2AF00186F20761F036DE2AF0026F1
:20C6B0006F1B761F0385E2AF00166F16761F03C0E2AF00146F18761F03B6E2AF001A6F0C9F
:20C6C000761F0383E2AF0000764A67CD0006761F0385E2AF000C764A68410006761F038271
:20C6D000E2AF0022764A67B10006761F03BCE2AF003E6FAF761F03B9E2AF002A6FAA761FBE
:20C6E00003BAE2AF003C28A901F4764A688B0006B2BDD100AABD8D80E8EC92A1764AC66B85
:20C6F000D901968292A1521456C8FFF986BE8BBE000628AA000CB600BE0327A928A8F00011
:20C700002DA7FF632DAACFABFF63CCA8000F520A56C700049A306F029A3795A992AA761F15
:20C7100001C8DF049CFC97092FA9000EFFE956BF20090006761F03A3922A521456C7002178
:20C720005200ED03764AC6E8761F03A3582A9A0194A08F00E8EC6F0D93A0531456C700091E
:20C730009294764AC6F9761F03A3922A9C01D80154A056C6FFF3761F03A30A2A0006761FCB
:20C7400001C856BF0D09761F03A32B2A761F01C856BF0A090006761F01C856BF0D09CC0A6A
:20C750001F00EDFE56BF0A09CC0A1F00EDFE0006761F03A38F00E8EC56BF012B2B2AF61374
:20C760002B84764AC74B0006B2BDD016C4A483A4AABDD118C5A4A2BD86A42B94DE14DD1569
:20C77000289CFFFFD014DF158BA4DA1582A418C6FEFFC4A418C5FFEFD91583A4CC943FFF0A
:20C78000DE14D0141AA98000DD14969418C2FDFF86A418C1FFFE1AC70006C5A48BA418C632
:20C79000FFFEC4A4DF148EA41AC50004DE1483A4DB14DA14D914DD1418C7FFEFC5A41AC632
:20C7A0000040C4A41AC5000283A4D815DF15DE14DD141AC30008DC151AC200201AC10080D8
:20C7B00018C0FFDF18C7FF3F18C6C1FF1AC501001AC4001082BE86BE8BBE0006B2BD8EA4B6
:20C7C000AABDC5A48BA4C4A4D20083A431000200AAE4D815D915DF15DE15DD15A9D41EF4F5
:20C7D0001AC1020018C0FBFF18C7FFDF18C6FF3F1AC5001086BE8BBE0006D0154994EE0D82
:20C7E00006F407E4BDA90F12770077007700E28401E4E68B00006F07E28400E4E28401F491
:20C7F00077007700E27400087700770077007700E850B2007700E8321640E8200000000622
:20C80000D0154994EE1106F407E4BDA90F12770077007700E801B539E68B0000E80E2D61BA
:20C81000E70000080006E801B538E28401E4E80E2D60E70000400006764AC7DDE8D0B20074
:20C820000006764AC800E801FC01E274000877007700770000068F461A80BE00A0A90FC472
:20C8300056B801A692A60006FE0288A928A80BEBE801E119E832164028A9C200FF5AE80EC9
:20C84000B851E82000000200E7000008F61F561700A6A9E4E28401E47700E700000802006E
:20C85000E68A0000FE82E20300F41EC40006761F03C892085202EC085203ED0A761F01FCF7
:20C860001A1300010006761F01FC1A1304000006761F03C892085202EC085203ED0A761F98
:20C8700001FC1A1500010006761F01FC1A1504000006761F03C892085202EC085203ED0A1C
:20C88000761F01FC1A1300020006761F01FC1A1308000006761F03C892085202EC0852036D
:20C89000ED0A761F01FC1A1500020006761F01FC1A1508000006761F03C8920B520356B69B
:20C8A00000A9900340A9960BEE04764AC8576F03764AC868761F03C8410BEE04764AC879E0
:20C8B0000006764AC88A0006761F03C8920C960B764AC89B0006761F03C892085202EC0B3D
:20C8C0005203ED07761F01FCCC110002FFC06F089A006F06761F01FCCC110800FFCAF00128
:20C8D00090010006761F03C892085202EC0A5203ED06761F01FCCC1100016F089A006F062F
:20C8E000761F01FCCC110400FFC9F001900100067622761F03C892085202EC105203ED1A37
:20C8F0008F007C00A8A9098883A9A8A9098B8AA918C5FFFC1AC400016F0D8F007C00A8A968
:20C90000098983A9A8A9098B8AA918C5FFCF1AC40400761AFF6900067622761F03C8920824
:20C910005202EC105203ED1A8F007C00A8A9098883A9A8A9098B8AA918C5FFF31AC400027B
:20C920006F0D8F007C00A8A9098983A9A8A9098B8AA918C5FF3F1AC40800761AFF6900064A
:20C93000764AC8E8764AC857764AC90C764AC879761F03C82B0B0006761F03C856BF030CE2
:20C940000006761F03AD9238520656C200145206EC69520356C2000A5203EC77520156C1F8
:20C9500000895202EC7D6F265204EC665205EC5F6F215207EC3F5208EC065209EC36520A69
:20C96000EC1F6F18761F03939203761F0393541956C40006761F039393036F029319761F3A
:20C970000393550B56C30003930B28A9019094A86F26761F03B28A06E2AF00C46F65761F2C
:20C98000039AE2AF0038761F039AE2AF0136761F0384E2AF0310761F039AE3120232E850E4
:20C990001019E71000806F4D761F0382E2AF010A6F30761F03AA920508A901903B0185A951
:20C9A000BDA90F12770077007700761F03ADE6890000E2AF013AE70000087700E8AFE0002E
:20C9B0006F33761F03B9E2AF01346F1E761F0383E2AF010A6F22761F039AE2AF0034761F4D
:20C9C0000385E2AF01086F1D761F0382E2AF0130761F03ADE2AF003EE27400086FDF761F78
:20C9D00003BCE2AF013E761F03C1E2AF00126F09761F03C1E2AF0120761F03ADE2AF003C27
:20C9E000E27400087700E801FBFAE805FBF9E80FFAC2E80FFAC1E6970010E6960008E68CBB
:20C9F00000007700761F037FBFA90F1296230006761F039A1B19138856C6000528A91194B9
:20CA00006F0328A92328764A6906761F03ADE801D1A3E203003EE80E4FD3E2AF013E761F17
:20CA100003C19215E7100009761F03ADE203033AE203013E764A6981761F03ADE203003C00
:20CA20000006761F03A09230E20300325202ED05E203003AE203003E0006761F03A0E80130
:20CA3000CE2AE850B201E203003CE80D372AE2AF003E764A10CB761F03A0E203003E0006C1
:20CA400088A9761F03A0E5901BA6939D2B30E203003256C200271BA6939C56C3004C1BA640
:20CA5000937156C200121BA69371EC4180A68F00936EA8A90FA7EC4188A68F009370A8A9AB
:20CA60000FA6EC386F2E28A86C8E95A6530156C9003228A86C8C95A6530156C900266F216A
:20CA70001BA693A456C200121BA693A4EC1D80A68F0093A0A8A90FA7EC1A88A68F0093A29C
:20CA8000A8A90FA6EC146F0D80A68F0093A5A8A90FA7EC0D28A86C5A95A6530156C90005DE
:20CA9000E8021E186F0E56BF02300006E80221506F08E80221A06F05E8022630E80C000077
:20CAA000E20300340006761F03A0E801CE2AE850B201E2030038E80D372AE2AF003A764A55
:20CAB00010CB761F03A0E203003A0006761F03A0E801D8E2E2AF0336E72000C0E80F1702B2
:20CAC000E7000012E2AF0036E7100080E2AF0234E00080367700E72000080006761F03A0FE
:20CAD000AABD9230BFA20F125202EC1D761F03779200EC0A761F037792015201EC05764A01
:20CAE0003888E6CF0001BDA20F12764ACAB6E801CE2AE6CF0001E80D372AE2AF0032764A90
:20CAF00010CB6F07E2AF013EE2AF003AE6960008761F03A086BEE2030032000688A9FFC12C
:20CB000093A6FFD070A6FFC071A6FFD070A6FFC071A6FFD170A6900171A6F103910294A815
:20CB10009003000688A893A99A00533CEC04533D562B00A993A6EC0ADE81948452FF56C917
:20CB2000000408A9FF01000EFFFA90FF9BFF9FA992A80006B2BDAABD59A95AA8A2BDE2036A
:20CB300004BD764ACAFE560306A9CDA1003F95A959A8BDA40F2292A193A2764ACB125BA90D
:20CB4000764AC459764AC5689A55764AC4F992A1764AC4F992A2EC0CBFA10F22DA819281C4
:20CB5000764AC4F9000AFFFD92A3764AC4F9E2AF04BE82BE86BE8BBE0006B2BDFE025CADF2
:20CB6000DC815CA459A9F6002B84764AC5685CAD9B0092A1DC815CA4764ACB2AFE828BBE12
:20CB70000006761F03C392110006761F039A880E8F00936EA8A90FA6EC1F880E8F0093700A
:20CB8000A8A90FA6EC19880E8F009371A8A90FA6EC13880E8F0093A7A8A90FA6EC0D880E68
:20CB90008F009374A8A90FA6EC07761F03C39211ED079A000006761F03C356BF011128A911
:20CBA0004B00764AC5079A010006B2BDAABDA2BD86A4E20304BDBDA50F22764AC503764A1D
:20CBB000C5038AA259A9BFA30F22D20796C4764AC5039683000AFFFD764AC5035AA99B08D4
:20CBC000BFA40F2292A1764ACB1259A9764AC56880A2BE000EA10FA756B101A6E2AF04BEBC
:20CBD00092A682BE86BE8BBE0006761F03BF9307761F038692135300EC0428A80FFFEBA9D1
:20CBE0000006FE02764ACBD5560303A90EA9BDA90F1277007700E801C001E80803A1E68BEF
:20CBF0000000761F03BFE7000008E2AF030CE2030016E2AF0114E2AF0216E3228814761FBF
:20CC000003BFE7000059923BE7100040761F03BFE2030014EC33761F037F9211EC2F761F35
:20CC100003BF92025201ED2A761F03A4473BEE26761F03BFE2AF0010E2AF0114E694000159
:20CC2000AD1456C4000EE2AF0012E6940001AD1456C50015761F03C31A1B00026F05761F61
:20CC300003C31A1B0001E591761F03BCE590E203013E761F03C1E2030020FE820006761F0C
:20CC400003BF2B022B0156BFC8042800012C280301F456BF320556BF96062B070006FE022E
:20CC5000761F03BFE2AF0018E2AF0116761F03C09223E6940001AD1456C2000D761F03BF57
:20CC6000E2AF000EE6940001AD1456C300059A006F029A01FE820006761F03BF9201764AE5
:20CC70006BB2761F03BF9204E2030010764A6BB2761F03BF9200E203000A764A6BB2761F7E
:20CC800003BF9203E2030008764A6BB2761F03BF9205E2030012764A6BB2761F03BF9206C2
:20CC9000E203000E764A6BB2761F03BFE801F609E80827E1E2030018E203010CE591E20333
:20CCA00001140006E20304BD761F03B0E590E801E11AE801E11BE801E119E20305BDE2C4FD
:20CCB0000406BFA90F12E80EB852E80EB853E80EB851E2C40504E20306BD1E16E2C4060199
:20CCC000E00890149200E00ADFBDE597E2030218E00C4B1AE203072CE2030126764A695245
:20CCD000761F03B09202E2030024764A6981761F03B0E203002AE2C40305E801E118E80ED8
:20CCE000B850E70000C0E2C4020CE2030028E801E118E80EB850E7000080E2C4010AE203E7
:20CCF000001EE801E118E80EB850E7000040920BE203001C764A6952761F03B09209E2031E
:20CD00000022764A6981761F03B09207E2030020764A6981761F03B09208E2030010764A20
:20CD10006981761F03B0E591062A761F03B1E203010C761F03B0E203000E761F03B11E004E
:20CD2000E2AF07BEE2AF06BEE2AF05BEE2AF04BE0006761F03B02B0356BF640456BF01068C
:20CD30002B01280007D0280207D056BF640556BF010C2B0A280B07D0280907D056BFC807EC
:20CD400028081F400006E5900006761F03B0E2AF0116E7200041761F0383E2AF0228E2745F
:20CD5000008977007700761F03B0E2AF0214E7200089E2AF0212E7000052E2AF0114E71052
:20CD60000089E2030016E20301140006761F037F920D5201EC039A0000069A010006761F61
:20CD700003BF9202ED04764ABBCF0006764ACC4F0006764ABAD6764ABAAC764ABAC1764ABA
:20CD8000BB04761F03C056BF0A2556BF0A2256BF0A2B56BF0A1C56BF0A1956BF102856BFD8
:20CD90000A1F56BF0A2456BF0A2156BF0A2A56BF0A1B56BF0A1856BF102756BF0A1E2B2346
:20CDA0002B202B292B1A2B162B1D764ACD6F761F03C09623764ABBC7761F03C0961A764AEF
:20CDB000CD66761F03C09626764ABBEB761F03C09620764ABBE3761F03C09629764ABBB701
:20CDC000761F03C0961D9320ED022B219229ED022B2A764AE216761F03C09223ED022B2458
:20CDD000921AED022B1B761F037F920D5201EC04761F03C02B27761F03C0921DED022B1E80
:20CDE0000006764ACD6F8F00F023764AE30A761F03C09623764ABBEB8F00F020764AE30A1F
:20CDF000761F03C09620764ABBE38F00F029764AE30A761F03C09629764ACD668F00F026B3
:20CE0000764AE30A761F03C09626764ABBC78F00F01A764AE30A761F03C0961A764ABBAA9C
:20CE10008F00F017764AE30A761F03C09617764ABBB78F00F01D764AE30A761F03C0961D34
:20CE200000065201B2BDEC575202EC3A5203EC1C761F03C892065203EC04D140D04C6F0334
:20CE3000D143D04E761F03BB8F00D700930F9217761F002D979CD1449694D0479321761F18
:20CE4000002C92066F54761F03C892065203EC03D14E6F02D14C761F03BB931A8F00D700FC
:20CE5000D04F761F002D9220761F03BB979CD14B96949312D0FE761F002D92056F38761F5B
:20CE600003C892065203EC08761F03BB9211761F035D960A6F07761F03BB9211761F035D1A
:20CE70009600761F03BB9319D1FBD046761F002D92246F1B761F03C892065203EC08761F53
:20CE800003BB9210761F035D96036F07761F03BB9210761F035D960A761F03BBD14D931888
:20CE9000D045761F002D92258F00D700979C96948BBE00067622761F03C892085202EC13FD
:20CEA0005203ED228F007C0083A4761F01F1DC4ADD4718C5FFFC1AC401001807FFF31A0A1F
:20CEB00002006F128F007C00C4A483A4761F01F1DC47DE46DD4A18C63FFF1AC5008018C4F9
:20CEC000FFFC1A0A0100761A761F03BBFF692B002B020006761F039AB2BD920EAABDA2BD82
:20CED000764A1B3E88A9761F03B593A6FFD194A8540056C8000992A69EA8540056C60004F9
:20CEE00092006F0292A6764A6906761F03B5E2030014761F039A920E764A1B7A59A993A125
:20CEF000FFD188A8761F03B593A194A69FA65AA95BA8540156C8000892A3540156C60004F7
:20CF000092016F0292A1764A6906761F03B592A25407E203001656C8000892A3540756C602
:20CF1000000492076F0292A1764A6906761F03B592A25406E203001056C8000892A354060C
:20CF200056C6000492066F0292A1764A6906761F03B59204E20300121BA901F456C20006B5
:20CF30001BA9FE0C56C300042B049A00764A6906761F03B59203E203000C1BA901F456C25A
:20CF400000061BA9FE0C56C300042B039A00764A6906761F03B59205E203000E1BA901F459
:20CF500056C200061BA9FE0C56C300042B059A00764A6906761F03B59202E20300081BA92D
:20CF600001F456C200061BA9FE0C56C300042B029A00764A6906761F03B582BEE203000A41
:20CF700086BE8BBE0006761F03BA932C761F038692115300EC0428A80FFFEBA90006FE0281
:20CF8000764ACF73560303A90EA9BDA90F1277007700E801C001E80803A1E68B0000761F1A
:20CF900003BAE7000008E2AF023CE2030036E2AF013CE2AF0336E801F608761F03BFE7200E
:20CFA000009AE80827E0E7000080923BE7100040761F03BAE203003CEC2A761F037F921132
:20CFB000EC26761F03BAE2AF003EE2AF013CE6940001AD1456C4000EE2AF0032E6940001BE
:20CFC000AD1456C50015761F03C31A1A00206F05761F03C31A1A0010E591761F03BCE5905F
:20CFD000E203013E761F03C1E2030020FE820006761F03BA2B2C56BF182A56BF4C2B56BF98
:20CFE0005C2856BF6C29282E011D282D01AB0006761F03BA922A764A6BB2761F03BA922B8E
:20CFF000E203003E764A6BB2761F03BA9228E2030038764A6BB2761F03BA9229E203003AEF
:20D00000764A6BB2761F03BA922EE2030034764A6BB2761F03BA922DE2030030764A6BB228
:20D01000761F03BAE591E2030032E203013C0006761F03C1E5909216E2030020764A6981D4
:20D02000761F03C19214E2030022764A6981761F03C19215E2030024764A6981761F03C134
:20D03000E203001A061A1E1E9217764A6981761F03C12B18E203001C0006761F03C156BF21
:20D04000C81628140BB82815271028172904281927100006FE02761F037FE5904909EF6662
:20D05000761F03BAE2AF0138761F03BAE2AF023CE694000AAD1456C4004D761F03BAE2AFF4
:20D06000013AE694000AAD1456C40029761F03BAE2AF0134E694000AAD1456C40041761FA0
:20D0700003BAE2AF0130E694000AAD1456C40010761F03BAE2AF0132E694000AAD1456C33E
:20D08000002F761F03C1E2AF001A6F29761F03BAE2AF0034E2AF02346F09761F03BAE2AF8C
:20D090000038761F03BAE2AF023A761F03BAE320433CE720009977007700E27400087700F2
:20D0A0007700761F03C1E2AF031AE70000186F07761F03C1E2AF001AE6AF0000761F03C884
:20D0B0001B10FFFFED03E6AF0000FE820006761F03C19201764A6952761F03C1E203001275
:20D0C000C41206121E0A9200C208764A6952761F03C1E2030010C41006101E0E9202C206A3
:20D0D000764A6952761F03C1E203000C0006761F03C12801064056BF0A0056BF96020006DB
:20D0E000E20304BDFE02761F03BAE2AF003A761F03BAE2AF013CE6940001AD1456C40042B5
:20D0F000761F03BAE2AF0034E6940001AD1456C40058761F03BAE2AF0032E6940001AD140A
:20D1000056C3004F761F03C1E2AF000A761F03BAE2AF0130761F03BAE2AF023CE694000AFA
:20D11000AD1456C3003F761F03BAE2AF0134761F03BAE2AF0230761F03BAE2AF0334761F0A
:20D1200003BAE3228C3CE72000E277007700E27400517700770077007700E70000406F2154
:20D13000761F03C0921AED1C761F03C1E2AF000E761F03BAE2AF0138761F03BAE2AF023C9D
:20D14000E694000AAD1456C40009761F03BAE2AF023AE2AF033A6FD4E6AF00006F02E590BC
:20D15000FE82E2AF04BE0006B2BDAABDA2BDFE0206A6FFE100845FDCA3C406D4FF90FFD4C3
:20D16000974106D456AA1AA8800056911BA70000630256588EA9A9A11B410000600456A2C6
:20D1700061726F7D1B4107FF61745FDDA3C506D5FF90FFD4974206D556AA1AA880005691EB
:20D180001BA700006302565886A9A9A31B420000600456A2615B6F631B4207FF615A934106
:20D190009F42630AB2AB8BA3A9A33AAB8EA2A9A25D427D41FF5D2DA83AA9B2AB1BAC00362F
:20D1A000630F1BAC00006108AAA9A2AB562C86A9A9A3B2AB3AA9565700A3564000A2565EB4
:20D1B000565E612A97A7565E565E630256585C415635565221A35635565222A893A49FAC54
:20D1C0009FA397A42AA88DC00200565700A3D300564000A3630418A87FFF0AA45699910F73
:20D1D0000AA4651D1BA407FF631418A7800099A793A4FF93CBA7A9C61ED6FE8282BE86BEB2
:20D1E0008BBE000606D5A3C56FF706D4A3C46FF45633CDA780001AA87FF06FEE56336FECA4
:20D1F000761F039AE801E918E2AF0128E80EB850761F03C3E7000040E591E203001CE2036D
:20D200000120761F037F9228764A6906761F0382E203000C0006B2BDAABDA2BD7622768019
:20D2100040008F007A0076C0410006A68D00420083A4761F01E818C4FFFC098082A918C4B7
:20D22000FCFFDD2006A718CCFFCF098086A918C5FFFE3AA98F005C801820FFEF09808F4039
:20D230005CC08BA91820FBFF06A60997761F01721EA618C3BFFF06A7099718C2BFFF1EA701
:20D240003AA98D805D20099718C1BFFF8EA918C4FDFF18C5FDFF18C2FDFF18C47FFF18C535
:20D250007FFF18C27FFF1ADC00021A030200761F01731ADD00021A030200761F01741ADAB2
:20D2600000021A230200761F01E41A2800021A2800011A2800201A2800101A2808001A282C
:20D270000400761F01021AC600081AC700081AC000081A170004761F01061A170004761FB4
:20D28000010A1A170004761AFF6982BE86BE8BBE0006761F03B4923AEC06764ADD57761FF0
:20D2900003B42B3B0006761F03B4923AEC07764ADD5C761F03B456BF013B0006B2BD8F00B6
:20D2A000ED3A520359A8F6052B84ED0E764ADD4A92A1761F03B45201793AEC04764AD289D5
:20D2B0006F03764AD2938BBE0006761F03B4923A0006761F03B4923B0006FE02761F03C1E2
:20D2C0009A01932C5300EC07761F03C19327530456B000A9E801D419E6950000E808937948
:20D2D000E6940008AD1456B200A9FE82000693A95301EC05764AD2B95200ED075300EC393A
:20D2E000764AD2932B3C0006761F03C192275203EC305202EC2E761F03B4923C761F03BC3D
:20D2F0002B23761F038756BF0110ED09761F03C7061E761F03B456BF013C1E3E764AD2BDC9
:20D300005200ED0C761F03B4923CEC13020F073E761F03C70F1E56C6000D764AE31D28A90D
:20D310002710764ADD13761F03B42B3C764AD289000676228F007C0083A4D048761F01F1D9
:20D32000DD6218C5FFCFCC94FFDF5010DC4B960818C4FFFB761AFF69000676228F007C0029
:20D3300083A4D048761F01F1DD6218C5FF3FCC94FF7F5040DC4B960818C4FFF7761AFF69C0
:20D34000000676228F007C0083A4D048761F01F1DD6218C5F3FFCC94F7FF1AA90400DC4B0C
:20D35000960818C4FFDF761AFF690006D00C761F0144560302942B148F5E84809CFF8F0068
:20D36000936E2815901E27A9BE002B17A8A9A010761F039A800E2BAA761F0144281680754E
:20D370000FA7A904C202EC21761F039A880E8F009370A8A90FA6EC19880E8F009371A8A98A
:20D380000FA6EC13880E8F009372A8A90FA6EC0D880E8F0093A7A8A90FA6EC07880E8F0033
:20D390009374A8A90FA6ED04761F03BE2B1A764AD319764AD32D761F03BE921AEC03764AC7
:20D3A000D341761F03BE2B1B0006B2BDAABDA2BDFE02761F039A9216BFA10F1ABFA30F1698
:20D3B000BFA20F12764A6906E801E11BBDA10F16BDA30F1AE80EB853E700001BBDA20F1238
:20D3C0007700E694001AAD14E6A50012E6C50010E6C5000156C50017E27400807700770087
:20D3D00077007700E2740041770077007700E6CF0010E8CFE009E6AF0000E6AF0009E700D4
:20D3E0000051FE82E8300001761F03A982BEE696000186BE8BBEE20301260006761F03B658
:20D3F000E20304BDC408761F03B6E20305BDE594E593E592E591E2AF0502E590761F03A68D
:20D400000604E850842D761F03A9E203043056BF012EE203052AE203032CE2030222E20365
:20D410000124E20300261E16C21CE2AF05BEE2AF04BE0006761F03A9E2AF00280006761F78
:20D420000384C40C8F00EA58761F03A90616C53A1E18C21A3E67761F03A9E2AF00280006B1
:20D430003ABDB2BDAABDA2BDFE022901BFA90F12FF58615B5CA8917F08A800801E4293A40F
:20D44000FFD65CA8BFA90F1661675DA8917F08A8008059A858A993A5FFD65DA893A471A5F8
:20D4500018A8010097A618A400FF18A500FFDC7F92A49EA596A7644D08A9FF01623E93A100
:20D4600092A0FF3659A858A90642FF35F60E1FA15BA901A3F60A1FA1562D04A22DA336A0CC
:20D47000FF40F60B1FA1FF339B00FF30FF540CA295A3FF4008A70001F61FFF770920FF4085
:20D4800008A70001F61FFF77FF5A92A7652208A9FF016313A9A9FF46917F5BA85AA925A699
:20D4900095A7FF960CA295A3BDA90F12FE8282BE86BE8BBE8EBE00069B00FF5708A8FF7F80
:20D4A000FF5A93A660F228A8800071AA92AB6FEDFF2000006FEAFF5A93A418A80100FF9626
:20D4B0005CA8A9A908A8FF7F1CA88000CBA46FDD761F037E9234EC069238EC04520656B0F3
:20D4C00007380006761F037E9234EC059238520756B101380006761F03A4E20304BD923F1E
:20D4D000761F037EE20305BD56B00135761F03B59300761F039AE20306BD921954A8562B61
:20D4E00008A91BA91B6256C8000528A903846F0328A901F40EA9BDA90F1277007700761FC6
:20D4F00003A5E2AF0602E8021642761F03A4E2C4013AE68B0005761F03A4E2C4032DE8010B
:20D50000FEE8E2740052761F037EE80D9EB8E2C40437E2740069E70001807700E27400E364
:20D51000E2740012E274000877002B36E203033AE203023CE203003E7640A9B45200ED03A0
:20D520002B386F0356BF0138E2AF06BEE2AF05BEE2AF04BE0006761F037E93385301ED0C98
:20D53000761F0384E2AF0022E69500007640A9A7520056B002A892A80006B2BDAABDA2BD14
:20D54000FE0206A661715FDD93DCF3A7A3C406D4FF90FFD4974106D456AA1AA880008EA93A
:20D55000A9A11B410000616B1B4107FF6162A3C506D5FF90FFD4974206D556AA1AA8800089
:20D5600086A9A9A31B420000615A1B4207FF61519341954297A45633A2AC564700A1A9A9B6
:20D57000560500A0565300ABB2AC560500A2565300AB562800A99B00565CB2AC564700A28C
:20D58000565300AB3AAC564700A3565300AB560500A2565300AB1EC6562800A99B00564729
:20D5900000A2565300AB1ED6A3C6630356900AA48DC00200565700A3D300564000A363041C
:20D5A00018A87FFF0AA45699910F08A4FC0165171BA407FF630E18A7800099A793A4FF934D
:20D5B000CBA7A9C61ED6FE8282BE86BE8BBE00065633CDA780001AA87FF06FF456336FF238
:20D5C000761F03C89308761F03C3920A5303ED0F761F03BE1B3A02BC56C600081B3A012CF8
:20D5D00056C700089A0000069A010006764ABBBF0006764ABB19764ABB2E761F03C356BFE8
:20D5E000050C56BF050F56BF050B56BF050E764AD5C0761F03C3930956B1010A562A000ABC
:20D5F000764ABBB7761F03C32B10930A960DED022B0B5200ED022B0E0006761F03C3920978
:20D60000B2BD5201EC185202ED2F8D40F0CA764AD5C08AA1764AE30A96C1764ABBB7D903BB
:20D610008AA1764AE30A761F03C3960D930A562A00106F1E8D40F0CA764AD5C08AA1764AA3
:20D62000E30A96C1764ABBB7D9038AA1764AE30A761F03C3960D930AEC0B9310ED09520043
:20D6300056B001106F0556BF010A56BF01108BBE0006E20304BDE20305BDE20306BDFE02C5
:20D64000E6CF0005E6CF002CE6950024E811F804AD1456C5001DE811FC04AD1456C50008C5
:20D65000761F03C8E59056BF01126F52E8CFE0207700E84FC0047700E6CF0020764AE1588E
:20D660009A00E6CF0021E87000046F04E70001219A01E805F80BE8060588E801FB7EE80210
:20D67000059AE809032BE80C6858E740805BE808B35EE7433608E80A8782E74022CBE5A524
:20D68000AD1456C300133B018F09DD96560301A9560100A4E30705C4764AD430E710016188
:20D690007700E71000406F123B018F09DD9A560301A9560100A4E308C5C4764AD430E720C3
:20D6A00001297700E72000087700E7100140FE82E2AF06BEE2AF05BEE2AF04BE0006761FF4
:20D6B00003AA9A009305761F03C7550B56B301A90006761F03C7920A56C40005920856C336
:20D6C0000006280A03E8280805789308920A9709960B55A956C2000A5200ED059A0194A8C7
:20D6D00096096F039CFF960B92093B01E2C8010B9E0B85A9BDA90F12770077007700770026
:20D6E000E68900007700E8060902E2740009E2740010770077007700E88FE009E203000CD0
:20D6F000E203010E0006761F03AA9205761F03C7540A56C40021540856C2001D3B0185A954
:20D70000BDA90F16770077007700E801EE62E6890009E80E666AE7000051E2AF030CE700E3
:20D710000059E2AF030EE71000C97700E70000080006E5900006761F03C7280A03E82808AB
:20D720000578000676228F007C00A8A909A11EA7A8A909871EA6A8A9098A83A9A8A9098C68
:20D730008AA918C7FFCF18C6FFCF18C5FBFF18C4FBFF761AFF698F00018EA8A97640AE9F36
:20D74000761F01FCCC100400761F03C8FFC99607ED207622761F01F21821FFF31807FFF329
:20D75000180AFDFF761A8F00018EFF69A8A97640AE9F761F01FC4910EE05761F03C82B06C2
:20D760006F05761F03C856BF010656BF0308000676228F007C00A8A909A11EA6A8A9098750
:20D7700083A9A8A9098A8AA918C6FFF318C5FFF318C4FDFF761AFF698F00018EA8A97640C2
:20D78000AE9F761F01FC4910761F03C856BC020856BC020656BD030856BD03060006761FE6
:20D7900003A5E801EE61E801E4D0C4260626761F03C3E80E6669E80B53181E14E20301123E
:20D7A000E2030016C2180006E20304BDFE02761F036DE2AF0026761F03C3E2AF0112E695B2
:20D7B0000000E6940008AD1456C5002E761F03BF9232EC29761F03BF9235ED25761F038352
:20D7C000E2AF0200761F0383E2AF0302761F03A6E2AF0000761F036DE324D126761F03BEDD
:20D7D000E3004402E70000A177007700E27400087700761F037F1A090010761F03C3E2033B
:20D7E00000186F05761F037F1809FFEF761F03C3E2AF0014E2AF0118E7200008E2AF041613
:20D7F000E3010B14FE82E71000C8E2AF04BEE20300140006B2BDFE02E8021589E80B90C14A
:20D80000E6940008AD1456C50009761F03C8E803FC0056BF02126F54E5A0AD1456C3000C03
:20D81000E801FDC1E80D51D9E70000097700E8AFC0096F0BE801FDC1E80D51D9E70000093B
:20D820007700E88FC0097700E68C000977007700BFA10F163B0185A1BDA90F1677007700F1
:20D83000E801F98BE805CAF2E6890009E80C0003E700005BE80C041AE7518652E801DC41E9
:20D84000E801EA60E720009AE80A9841E7000093E80DFAD8E70000C9E70000C0E88FA00B6F
:20D85000E88FC001E70000D07700E7200009764AD4309A01E88FC00094A1764ADFDBFE827D
:20D860008BBE0006FE02761F03C192325201ED3B761F0386E801CC00E2C40115E8080068DA
:20D87000761F03C1E7000041E2AF033CE72000C8E2AF0238E7000011E801FB32E71000C9DF
:20D88000E80B3332E203013CE6940011AD1456C2001BE801EE60E80E6668E6940001AD1458
:20D8900056C50010E2AF003CE2AF0136E7000008E2AF033AE71000C07700E20300346F093C
:20D8A000E5906FFC761F03C1060C761F03C11E34E2AF0034FE820006761F03C12B3200066B
:20D8B000761F03C1E2AF010CE2AF000C060CE84FE80A761F03C1E86F8001E801F2081E3423
:20D8C000E2030236E80827E0E203013AE20300380006761F03B6E593E8020002E591E802DF
:20D8D0000000183CFFFE2B312B2F56BFFA2E56BFFA30E203033AE2030238E203013EE2036B
:20D8E00000360006761F03B6922FB2BD5202ED2CE2AF0238E2AF033AE2AF0036183CFFFE50
:20D8F0009AFAE316913EE7100009E84FC010E84FC009E2030034E2030132764A688B8D4004
:20D90000DBC0761F03B6D04CE2AF003296919AFA764A688BD04D969128A95A0F764A06D0BD
:20D91000761F03B62B2F8BBE0006761F03B6E801DC19E801DC18E2C4032EE2C40230E80858
:20D920009379E8089378E70000C9E7000080E2030134E20300320006E20304BDE20305BD45
:20D93000E20306BDFE04E5A0AD1456C500475CADDC835CA4764AE2C9E801F9A9E808279977
:20D94000E6940008AD1456C50009E8AFC002E84FC001E8AFC0106F07E8AFC0007700E84F2D
:20D95000C0010B43E88FC009764AD430E6CF0004E7000125E2C80643E80606A0E809F9D09D
:20D96000E7100141E805F868E80BF1E8764AD430E805CAF1E7000163E801F98AE70000C08B
:20D97000E80C0419E7420189E80C0002E74081927700E71000806F0BE5A0761F03C8AD1495
:20D98000E807FC0056B0011256B10212FE84E2AF06BEE2AF05BEE2AF04BE0006E20304BD3E
:20D99000FE02E5A0AD1456C3000CE801F911E80FCC19E70000097700E8AFC0096F0BE80113
:20D9A000F911E80FCC19E70000097700E88FC0097700E68C000977003B01BFA90F1685A97A
:20D9B000BDA90F1677007700E801CFEAE805EE24E6890009E80D5112E84FF24BE8099DC4A7
:20D9C000E7518051E805F6DBE7200040E801E0FAE7000001E8099BAAE7000052E80DBD7BF2
:20D9D000E71000D2E7000063E700008940A9E88FC009E70000C2E88FC009E7100080EF0B31
:20D9E000E6AF00007700BFA90F12E6CF0008BDA90F167700764AD430FE82E2AF04BE000636
:20D9F000761F03C1E2AF0110E2AF0010E84FE80A761F03C2E86F8001E801F208E20302381E
:20DA0000E80827E0E2030136E20300340006FE02761F03C292325201ED3B761F0386E80134
:20DA1000CC00E2C40114E8080068761F03C2E7000041E2AF033AE72000C8E2AF0234E7004A
:20DA20000011E801FB32E71000C9E80B3332E203013AE6940011AD1456C2001BE801EE60D1
:20DA3000E80E6668E6940001AD1456C5000DE2AF003AE2AF0138E7000008E2AF0336E71069
:20DA400000C06F02E590761F03C1E2030010761F03C1E2AF0010FE820006761F03C22B329B
:20DA50000006761F03C72B177622761F03C8800892A75202EC155203ED1F8F007C00A8A944
:20DA600009A21EA6A8A9098883A9A8A9098B8AA918C63FFF18C53FFF1AC400806F0D76800A
:20DA70007C0083A68AA6DD21DC0A18C53FFF18FE3FFF1AC48000761A92A75202EC085203AA
:20DA8000ED0A761F01FC1A1300806F05761F01FC1A028000FF6900067622761F0102CC0440
:20DA9000FFFE50029604CC04FFFB50089604761F0106CC04FFFE50029604CC04FFFB50085A
:20DAA0009604761F010ACC04FFFE50029604CC04FFFB50089604761AFF6900060200761F22
:20DAB000003019018F000C001E022B068F400C0876800C10020031002B07B60019011AE4F8
:20DAC00000101A040020761F00301E0A761F0030020019011E12761F00302B0E02002B0FC0
:20DAD000761F00302B162B17761F00301AE500101AE600101A0C0020761F00301A140020B1
:20DAE000761F03B8C230A93A1E32A028A838C32A0006E700000A83C4E20300E4E688001295
:20DAF000E20301F4E20302D583C42BF583C42BFD83C41AE5001083C41AE5002083C418E5AA
:20DB0000FBFF83C418E5F7FF83C402001AE540001ED400068F00DD88F6352B840006B2BD0E
:20DB1000AABDA2BDE20304BDE20305BDE20306BDE20307BDFE02E590E592E591E593761F22
:20DB20000376E597E596E595E594BFAB0F12BFA90F12BFAC0F12BFA30F1ABFA00F12BFA276
:20DB30000F16BFA10F1EBFA50F12BFA40F12BFA70F12BFA60F12E2030730E2030632E203EF
:20DB40000534E2030436E2030328E203022AE203012CE203002EE2030042A90E1E14AB1656
:20DB5000A224AA18B2263A383A3CA00AA80CC310C212FE82E2AF07BEE2AF06BEE2AF05BEE9
:20DB6000E2AF04BE82BE86BE8BBE0006AABD761F03A1E801FA63E20304BDE805FA62E801C1
:20DB7000FB31E805FB30E2AF0416761F0384E20305BDE2AF053C761F03A1E80E666BE80E1B
:20DB8000666AE80B3331E80B333087168E1883128A14A316C518C41206148616761F03A335
:20DB900056BF0116761F03A256BF0116761F03A1AA04761F03A3AB043A12A018A814E30966
:20DBA00065BE761F03A2A9041E14C312C218761F03A3E203030CE203020E761F03A2E20337
:20DBB000010CE203000E761F03A3E2030424761F03A2E2030424E2AF04BE86BE00069B008E
:20DBC0005200EC069CFF88A99584000EFFFF761F03C2970C0006FE0A5CAD88ADDC895DA461
:20DBD0005CAD2B41DE89DC81F6072B855CA45DA6764ACBA55200EC130201761F03C2560117
:20DBE00000121841003F88410E0A0FA6ED0D5CAD9A08DC895CA4764ADBBF6F060201761F74
:20DBF00003C256010010FE8A0006764AC4FD761F03C2930E9D0355A956C60006920EEC0390
:20DC0000764ADBCB0A0B920B9CFF520A56C90010920D5201EC08920A764ACB5D761F03C202
:20DC100056BF080E0A0DEC022B0D2B0B0006761F01FC4611EE039A0000069A010006761FA0
:20DC200001FC4410EE039A0000069A01000676228F007C00A8A9098883A9A8A9098B8AA998
:20DC300018C5CFFF1AC40040761AFF69000676228F007C00A8A9098683A9A8A9098A8AA947
:20DC400018C5FCFF1AC40010761AFF690006761F01FC1A1200100006761F03C892085203DD
:20DC5000ED0D764ADC27764ADC37761F037F9214761F03B5963F764ADC470006761F01FCCA
:20DC60001A1500400006761F01FC1A1400100006761F01FC1A1300400006FE021BA90FFF82
:20DC700056C9000428A90FFF0EA9BDA90F1A7700770077007700E68B00127700E70000800F
:20DC80007700E71000407700E8121BD0AD1456C2000AE8161BD0AD1456C30007E8061BD0F4
:20DC90006F03E8021BD0E850B2007700E68800007700FE82BFA90F120006B2BD93C492EC94
:20DCA00054A856C8000692F454A856C9000393A90EA8BDA90F1277007700D108D00AE68B15
:20DCB0000001E2AF029CE700008BE2AF0294E710009B7700E688001877008BBEBFA90F12B3
:20DCC000000676228F007C00C4A483A4DC4BDE62DD4818C6CFFF18C5CFFF18C4FFBF761AFF
:20DCD000FF69000676228F007C00C4A483A4DC4BDE62DD4818C63FFF18C53FFF18C4FF7F77
:20DCE000761AFF69000676228F007C00C4A483A4DC4BDE63DD4918C6FFFC18C5FFFC18C4D9
:20DCF000FEFF761AFF690006764ADCC1764ADCD2764ADCE30006761F01FC4809EE039A005B
:20DD000000069A010006761F01FC4709EE039A0000069A010006761F01FC4609EE039A00DC
:20DD100000069A010006FE145CADDC9488A4764AE1F95CAD88AD8F49DCFCDC94DE905CA42F
:20DD200088A6764AD53D5CAD88AD8F49DD00DC90DE8C5CA488A6764AD53D5CAD88AD8F4904
:20DD3000DD04DC8CDE885CA488A6764AE3735CAD88AD8F49DD00DC88DE845CA488A6764A39
:20DD4000D53D5CADDC845CA4764AE19E7640AE9FFE94000676228F007C0083A4DC4BDD4858
:20DD500018C5FFFC1AC40001761AFF690006761F01FC1A0D00010006761F01FC1A0B000186
:20DD600000067622761F01C856BF070056BF03012B042B0256BF6C0356BF2301761AFF6961
:20DD700000067622761F01C8280AE040280B204F2B0C761AFF69000676228F007C00A8A97A
:20DD8000761F01F2098D1EA6A8A9098483A918C6FFDF180DFFEFD0A21AC50C00CC94F7FF15
:20DD90001AA90400D0889622CC94F7FF1AA904009608CC22FDFF1AA901009622CC08FDFFAB
:20DDA0001AA901009608761AFF690006764ADD7C764ADD71764ADD610006AABD764A590850
:20DDB000761F03BA9202BFA20F12764A6923761F03BAE2C40100761F0383E2AF0228761F3B
:20DDC00003BAE2030008E2C40302E801C688E7000051E80DB8B8E70000C07700E7000040D5
:20DDD0009201E2030016764A6933761F03BA9203E203001C764A6923BDA20F16761F03BA3F
:20DDE00056BF011AAA10E2030018E6AF000986BEE20301120006761F03BA56BF6402280067
:20DDF00001682B012B03000628ADF214FF69561F5616561AE61002002940761F0000290295
:20DE0000761B762228A9000228A800080901611B76C8000229046F0F9B0024A9DF016C0405
:20DE1000290424A8DF011EA6F7A1248606A781A109011EA724A96303FF5C3B0459A9DF01C6
:20DE20000009FFEC761A28A9FFFF28A8FFFF0901610E76FFFFFF6F06DF01C3BD1EA73E6796
:20DE3000C5BE24A9DF0124A8FF5860F7764AE268764AE283761F03C892085202EC07520363
:20DE4000ED2F764AC0EE5200ED2B761F03C8920A520456C600205204ED16761F03C89206EF
:20DE50005203EC078F007F0083A4DC13DD156F068F007F0083A4DC15DD131AC501001AC40B
:20DE600002000006761F01FC1A1501001A1502000006761F01FC1A1301001A1302000006AC
:20DE70000006761F01FCCC110200FFC80006761F01FCCC110100FFC70006761F03B992012E
:20DE8000764A6933761F0383E2AF0228761F03B9E2C40100E2C40301E0028808E801E1185A
:20DE9000E7000059E80EB850E70000409202E2030016764A6933761F03B99203E203001C3B
:20DEA000764A6923761F03C10612761F03C1E2AF0110761F03B9E6AF000956BF011AE203A6
:20DEB00000181E10E20301120006761F03B92801064056BF01002B022B0300060006762239
:20DEC000761F01E4960B761AFF6900067622761F01E4960A761AFF6900067622761F01E467
:20DED0009609761AFF6900067622761F01E49608761AFF6900067622761F01E49607761AA8
:20DEE000FF6900067622761F01E49606761AFF690006000676228F007A8083A4761F01F034
:20DEF000DC24DD081AC500031AC400011A060C00761AFF690006761F03C72830025856BF1C
:20DF000014310006761F03C792309E31764A6906761F03C79231E20300329430764A69066B
:20DF1000761F03C7E20300340006FE02761F03C7E2AF0032761F0382E2AF0130E6940001FA
:20DF2000AD1456C40010761F03C7E2AF0034E6940001AD1456C5000B761F03C71828FFDFF3
:20DF30006F05761F03C71A280020FE8200060200761F03C119011E3E0006761F03C1063EA2
:20DF4000FF55000690FF28AC0018761F03C1BE070EA9563BF23EF33F063E56088000ED0411
:20DF5000063EFF306F07063EFF301CA96F411CA81EDC1E3E000EFFF20006FE02E20300429A
:20DF60009241FFC7764ADF429241764ADF429242FFC7764ADF429242764ADF42FE820006BD
:20DF7000FE02761F03C1E2AF001AE811F800AD1456C2000FE2AF011AE801E118E8061643DF
:20DF8000761F03C8E80EB850E01203006F19E801E519E2AF021AE80EB851E700008AE805B5
:20DF9000FC03E801FC10E274009AE80C7AE0E2AF031A761F03C8E70000C0E2030200E203BE
:20DFA0000002E801FC00FE82E20300040006E20304BD761F03B8E801F550E593E592E59182
:20DFB000E594E20305BD56BF011AE80D51D8E2030310E2030212E203010EE595E203041883
:20DFC000E2030008E203051C761F037F921F764A6906761F03B8E2030000761F037F922059
:20DFD000764A6906761F03B8E2030002E2AF05BEE2AF04BE0006FE045200E2030044EC2E87
:20DFE000E5A0AD14EC2B3B0185A91EA69243FFA690FF80A906A681A71EA656C5001B02FE96
:20DFF0000FA656C30010E5A0761F03C8AD1456BF021256C40005E803FC006F0CE807FC00F8
:20E000006F0992A61843807F560307A998436F04E590E2030044E2AF0044FE840006761F0F
:20E01000011D2B1392E42B11761F011C2B0C761F011D962392212B21761F011C2800A00A0A
:20E020002B08761F011D56BF6000761F011C2B147622761F011E2B002B04761A76228F40F7
:20E030007C008AA5761F01F0DC2118C4CFFFCCFDDFFF1AA910009607761AFF690006761F4E
:20E040000383E20304BDE2AF0322E801EA62E801D019E801FB30761F0392E594E20305BD79
:20E05000E80E666AE8089379E80B33300616E595C41656BF012EE203042CE2030230E203D3
:20E06000012A1E26E006051CC224761F0383E2AF05BEE203000EE2AF04BE00062902290431
:20E07000565FFF5A0642565F1E420200F61F5617004206AB56322902762029022904565F58
:20E08000FF5A0642FF561E420200F61F56170042563229027620FF5A0200F61F56170042FC
:20E09000A9A97620FF5A0200F61F5617004276203B10761F00331820FFFE2B222B24FF6987
:20E0A0002B262B282B2A2B2C2B2E2B302B322B342B362B382B232B252B272B292B2B2B2DEA
:20E0B0002B2F2B312B332B352B372B390006761F00331A2000012821FFFF2910FF6900061F
:20E0C00088A9761F036E92005201ED039A00000692A6764AAAA0000688A9761F036E920083
:20E0D0005201ED039A00000692A6764AAB400006761F036E2B00764AA9F9BEC78F40DBC0E2
:20E0E0008F00DCC02B842B85000EFFFE0006761F039A2B3A0006761F039AE801FCC8E2C85F
:20E0F000013AE80CCCD0E70000407700E203003E0006761F0385E801DA20E2AF010CE80CEC
:20E10000DD30761F039AE7000040E2AF013EE72000087700E203003E0006761F03AEE203EF
:20E1100004BDE801E11AE801D419060EE801C688E594E593761F0386E80EB852E80893791E
:20E12000E80DB8B8E203043256BF01301E26E2030328E203021EE203012CE203002EE2AF0A
:20E1300004BE0006E20304BD761F03A5E801EE61E801FB30E2AF0402E592761F0383E80EB9
:20E140006669E80B3330E2AF0310761F03B9E7000109E0061A2CE590E2030128E2030032EE
:20E15000761F0383E2AF04BEE203032200060000FE02E5A0AD1456C2000AE5A0761F03C8E4
:20E16000AD14E59056B401126F16BE05E6920001E84FC003B50C00A6E70000CA7700E7001B
:20E17000008A7700E8CFF0127700E70000517700E7000040FE8200065CA871A997A63B016B
:20E1800085A9FF565DA985A4FF565CA992A5F60F1FA44FA66C02FF5C762096A65CA83B01A4
:20E1900085A9FF565DA985A4FF565CA992A5F60F1FA44FA66C02FF5D92A876205EDCA3C434
:20E1A00006D4FF90FFD497A506D456AA1AA8800008A5FC0164112FA89B1F9FA565092DA894
:20E1B00093AA56221BA600006302FF540006560200A6FF576FFC02006FFA761F037F931433
:20E1C000761F03A4923D761F03BF2B322B3156BF32309739ED03283003E8923D2B382B3A13
:20E1D0002B34761F03922B14761F03BF2B332B352B37963B00065200A8AB8EA4EC0880A925
:20E1E000DF8188A780857F80000EFFFE88A90FA6EC0F5300EC0D9DFF5CA876BFFFFE92856B
:20E1F0009680000EFFFE92859680000CFFF8A9A40006FF5A06A66118A9A9FF3F611697A5AA
:20E200008F00040D63066B012902FF546A020AA4F60FFF743100569D93A456A318A58000E8
:20E21000CBA5A9C61ED6000656336FFC761F03C09220ED06761F03C09229ED086F11761F07
:20E2200003C09329ED0D5200ED06761F03C82810FFFF0006761F03C856BF01100006761F63
:20E2300003C82B100006FE02E8125800AD1456C2000AE8165800AD1456C40005E5A0AD1411
:20E24000ED05E20300C4E5906F09E68800017700E68900097700E02201C4FE820006761F7F
:20E25000039A9B0A920B00CAE39A764A69AB761F036DE801E6D9E8081FD1E203003AE20323
:20E260000138E801DFA9E80E1479E203013E000628ABFFFF28AAFFFF28A9FFFF28A8FFFF09
:20E270000FABED04BE00D4006F0928ABFFFF28AAFFFFA9A488C409028AA992A6764A0CF06D
:20E28000000677006F00761F0376B2BDC53E59A93E67761F03C2063EEC041EA792A13E6740
:20E29000761F03C2063CEC031EA73E67764AE2818BBE0006761F03B2803F8F00A5A5BE0067
:20E2A000A8A90FA756B101A692A60006764AE29A5200EC07883D0E3E0FA6EC039A01000694
:20E2B0009A000006FF5A06A66112A9A9FF3F611031008F00040D620456900AA46F03F60FF3
:20E2C000FF74569D93A456A3A9C61ED6000656336FFCFE02E20300429242ED039241EC0B96
:20E2D00092411841807FFFA690FF1A413F009C8296C46F022BC4E2AF0042FE820006761F6F
:20E2E00003C392095201EC0D5202EC0B761F03BC92235201EC06761F03C71828FFFB000639
:20E2F000761F03C71A2800040006E801FF99E801FF98E593761F03AFE592E8099999E80918
:20E300009998E2030330E2030236E203013AE203003C0006520088C4ED0893CC56B100A6B1
:20E31000EC0B9DFF97CC6F0893D455CC56C900040ACC6F02BE0192A600069A038F00F1DE96
:20E320009B40764AE0C000069A038F00F1DE9B40764AE0CC761F03C7020156010022000679
:20E33000761F03AEE2AF000EE592E591761F03B6E6AF000056BF0120E2030214E2030116EB
:20E34000E203001800068F49B40A8F000D067622BEDC06851E84000EFFFE761A761F0033C0
:20E35000FF691A20000100068F00EDF0761F03B7E801F801F60F2B84E2AF0030E84FC000FB
:20E36000E203013CE20300340006761BFFF0E20000BDE6300600294256167625E28000BE8F
:20E37000FFF176177602FE0406D51E4206C51E441C4180005DADDD845DA5764AD154FE847D
:20E380000006761F03C328A9051328A82025BE00283B65332B3A1E3CC23E00068F00EEF42F
:20E39000761F03BBE590F60B2B842B372B25E203002A000697A69B00F60F1FA6762097A6B9
:20E3A0009B00F60F1FA692A87620E591761F0392E590E203013EE203003C0006761F0386AA
:20E3B000A83E0006761F0376A83E00060006761F03C78F00F1FD2B3C2BC42BCC2BD4000633
:10E3C000561F7622B9C028290068761A004ADDF463
:20E3C800385F000A385D000A385B000A3859000A3857000A3862000A3708000A36DA000A1D
:20E3D80036AC000A367E000A3862000A3855000A3853000A3851000A3669000A364A000AE5
:20E3E8003862000A3862000A3862000A3862000A384F000A384D000A384B000A3849000A4D
:20E3F8003847000A3845000A3843000A3841000A383F000A383D000A383B000A3839000AF5
:20E408003837000A3862000A3862000A3862000A3862000A3862000A3862000A3862000AFF
:20E418003835000A3833000A363C000A3831000A382F000A382D000A382B000A3624000A58
:20E428003829000A3827000A35EA000A3862000A35D9000A3518000A3825000A3823000AF8
:20E438003510000A3508000A3821000A381F000A34FC000A34F0000A34E4000A34D8000ACA
:20E4480034CC000A34C0000A34B4000A34A8000A3481000A3463000A381D000A381B000AB8
:20E458003819000A3817000A3815000A3813000A3811000A380F000A380D000A3862000AAD
:20E46800380B000A3809000A3807000A3805000A3803000A3801000A37FF000A37FD000A66
:20E4780037FB000A37F9000A37F7000A37F5000A37F3000A37F1000A37EF000A37ED000ADC
:20E4880037EB000A37E9000A3862000A37E7000A37E5000A37E3000A3862000A3455000AD1
:20E4980037E1000A37DE000A37DB000A37D8000A37D5000A37D2000A37CF000A37CC000AA8
:20E4A80037C9000A37C6000A37C3000A37C0000A37BD000A37BA000A37B7000A37B4000A58
:20E4B80037B1000A37AE000A37AB000A37A8000A37A5000A37A2000A379F000A379C000A08
:20E4C8003799000A3796000A3793000A3790000A378D000A378A000A3787000A3784000AB8
:20E4D8003781000A377C000A3779000A3776000A3773000A342E000A3862000A3862000ACC
:20E4E8003862000A340F000A33F0000A33D1000A3770000A3862000A376D000A376A000A3A
:20E4F8003862000A3862000A3767000A3764000A3761000A375E000A375B000A3758000AF9
:20E508003755000A3752000A374F000A374C000A3749000A3746000A3743000A3740000A97
:20E51800373D000A373A000A3737000AFAC90009FAAC0009FAF60009FAE30009FAAC000969
:20E52800FAD00009FAF30009FAE50009FA6A0009FAAC0009FAD00009FA3E0009FAF10009FE
:20E53800FA3E0009FA8A0009FA480009FA500009FAEF0009FAED0009FAEB0009FA4800093C
:20E54800FAD00009FA480009FAEF0009FA480009FA3E0009FAED0009FAEB0009FAD0000966
:20E55800FA9E0009FAE90009FA480009FA500009FAE70009FAD00009FAE50009FAC9000907
:20E56800FAE30009FADF0009FAE10009FADF0009FADC0009FA4E0009FA6A0009FADA00098B
:20E57800FA400009FAAA0009FAAC0009FA3E0009FAC00009FAB60009FABE0009FABC0009A7
:20E58800FA600009FA980009FA600009FA940009FABA0009FA440009FA920009FA48000997
:20E59800FAB00009FAB80009FAA20009FAAC0009FA780009FA800009FA3E0009FAB60009A9
:20E5A800FAB40009FAB20009FAAC0009FA8E0009FA3E0009FA6E0009FA880009FAAA0009BD
:20E5B800FAB00009FAAE0009FAAC0009FAAA0009FAA80009FA3E0009FA3E0009FA780009DB
:20E5C800FAA60009FAA40009FA680009FA3E0009FAA20009FA480009FAA00009FA9E000903
:20E5D800FA3E0009FA3E0009FA3E0009FA9C0009FA3E0009FA4E0009FA9A0009FA980009F7
:20E5E800FA940009FA920009FA8E0009FA5E0009FA3E0009FA900009FA8E0009FA8C000901
:20E5F800FA8A0009FA880009FA680009FA860009FA840009FA3E0009FA3E0009FA82000969
:20E60800FA3E0009FA800009FA7E0009FA7C0009FA7A0009FA780009FA480009FA76000972
:20E61800FA5E0009F46E0009F2670009F3D50009F3420009F2670009EA6A0009F2140009D7
:20E62800EE760009EC090009F1960009E62A0009E2830009F10D0009E2830009F07E000964
:20E63800EF330009E3C40009E5200009E4F20009E4510009EF330009EA6A0009E7810009C3
:20E64800E5200009E7810009E2830009E4F20009E4510009E62A0009EFC40009E451000995
:20E65800EF330009E3C40009EF330009E7810009EEDC0009EA6A0009EE760009EDEF0009A9
:20E66800ED640009E3370009ED130009E3370009ECBA0009EC6F0009EC090009EBCB000919
:20E67800C6DF000AC6DA000AC6D5000AC6CE000AC6C7000AC6C0000AC6BB000AC6B6000AAE
:20E68800C6B1000AC6AC000AC6A7000AC6A2000AC69B000AC697000AC693000AC68F000AF8
:20E69800C68B000AC684000AC67F000A4629000A442F000A4562000A4638000A44F3000AF4
:20E6A8004616000A4549000A45F6000A451B000A450A000A4638000A45E5000A4501000A40
:20E6B800442F000A45D3000A442F000A442F000A45B8000A914400009117000090C60000CF
:20E6C80090B8000090850000905C0000904900008FEE00008FC00000913900008F8C00005F
:0CE6D8008F6B00008F4D00008F1E0000B3
:00000001FF
